Time (us),Value
0.0,0.0
2.000200020002e-08,0.0
4.000400040004e-08,0.0
6.000600060006e-08,0.0
8.000800080008e-08,0.0
1.000100010001e-07,0.0
1.2001200120012e-07,0.0
1.4001400140014e-07,0.0
1.6001600160016e-07,0.0
1.8001800180018e-07,0.0
2.000200020002e-07,0.0
2.2002200220022e-07,0.0
2.4002400240024e-07,0.0
2.6002600260026e-07,0.0
2.8002800280028e-07,0.0
3.000300030003e-07,0.0
3.2003200320032e-07,0.0
3.4003400340034003e-07,0.0
3.6003600360036e-07,0.0
3.8003800380038003e-07,0.0
4.000400040004e-07,0.0
4.2004200420042e-07,0.0
4.4004400440044e-07,0.0
4.6004600460046e-07,0.0
4.8004800480048e-07,0.0
5.000500050005001e-07,0.0
5.2005200520052e-07,0.0
5.4005400540054e-07,0.0
5.6005600560056e-07,0.0
5.800580058005801e-07,0.0
6.000600060006e-07,0.0
6.2006200620062e-07,0.0
6.4006400640064e-07,0.0
6.6006600660066e-07,0.0
6.800680068006801e-07,0.0
7.000700070007e-07,0.0
7.2007200720072e-07,0.0
7.4007400740074e-07,0.0
7.600760076007601e-07,0.0
7.8007800780078e-07,0.0
8.000800080008e-07,0.0
8.2008200820082e-07,0.0
8.4008400840084e-07,0.0
8.600860086008601e-07,0.0
8.8008800880088e-07,0.0
9.000900090009e-07,0.0
9.2009200920092e-07,0.0
9.400940094009401e-07,0.0
9.6009600960096e-07,0.0
9.8009800980098e-07,0.0
1.0001000100010001e-06,0.0
1.02010201020102e-06,0.0
1.04010401040104e-06,0.0
1.06010601060106e-06,0.0
1.08010801080108e-06,0.0
1.1001100110011e-06,0.0
1.12011201120112e-06,0.0
1.14011401140114e-06,0.0
1.1601160116011601e-06,0.0
1.18011801180118e-06,0.0
1.2001200120012e-06,0.0
1.22012201220122e-06,0.0
1.24012401240124e-06,0.0
1.2601260126012601e-06,0.0
1.28012801280128e-06,0.0
1.3001300130013e-06,0.0
1.32013201320132e-06,0.0
1.34013401340134e-06,0.0
1.3601360136013601e-06,0.0
1.38013801380138e-06,0.0
1.4001400140014e-06,0.0
1.42014201420142e-06,0.0
1.44014401440144e-06,0.0
1.4601460146014602e-06,0.0
1.48014801480148e-06,0.0
1.5001500150015e-06,0.0
1.5201520152015201e-06,0.0
1.54015401540154e-06,0.0
1.56015601560156e-06,0.0
1.58015801580158e-06,0.0
1.6001600160016e-06,0.0
1.6201620162016201e-06,0.0
1.64016401640164e-06,0.0
1.66016601660166e-06,0.0
1.68016801680168e-06,0.0
1.7001700170017e-06,0.0
1.7201720172017201e-06,0.0
1.74017401740174e-06,0.0
1.76017601760176e-06,0.0
1.7801780178017801e-06,0.0
1.8001800180018e-06,0.0
1.8201820182018202e-06,0.0
1.84018401840184e-06,0.0
1.86018601860186e-06,0.0
1.8801880188018801e-06,0.0
1.9001900190019e-06,0.0
1.92019201920192e-06,0.0
1.94019401940194e-06,0.0
1.96019601960196e-06,0.0
1.98019801980198e-06,0.0
2.0002000200020003e-06,0.0
2.02020202020202e-06,0.0
2.04020402040204e-06,0.0
2.06020602060206e-06,0.0
2.08020802080208e-06,0.0
2.1002100210021003e-06,0.0
2.12021202120212e-06,0.0
2.14021402140214e-06,0.0
2.16021602160216e-06,0.0
2.18021802180218e-06,0.0
2.2002200220022e-06,0.0
2.22022202220222e-06,0.0
2.24022402240224e-06,0.0
2.26022602260226e-06,0.0
2.28022802280228e-06,0.0
2.3002300230023e-06,0.0
2.3202320232023202e-06,0.0
2.34023402340234e-06,0.0
2.36023602360236e-06,0.0
2.38023802380238e-06,0.0
2.4002400240024e-06,0.0
2.4202420242024202e-06,0.0
2.44024402440244e-06,0.0
2.46024602460246e-06,0.0
2.48024802480248e-06,0.0
2.5002500250025e-06,0.0
2.5202520252025202e-06,0.0
2.54025402540254e-06,0.0
2.56025602560256e-06,0.0
2.58025802580258e-06,0.0
2.6002600260026e-06,0.0
2.6202620262026203e-06,0.0
2.64026402640264e-06,0.0
2.66026602660266e-06,0.0
2.68026802680268e-06,0.0
2.7002700270027e-06,0.0
2.7202720272027203e-06,0.0
2.74027402740274e-06,0.0
2.76027602760276e-06,0.0
2.78027802780278e-06,0.0
2.8002800280028e-06,0.0
2.8202820282028203e-06,0.0
2.84028402840284e-06,0.0
2.86028602860286e-06,0.0
2.88028802880288e-06,0.0
2.9002900290029e-06,0.0
2.9202920292029203e-06,0.0
2.9402940294029402e-06,0.0
2.96029602960296e-06,0.0
2.98029802980298e-06,0.0
3.000300030003e-06,0.0
3.02030203020302e-06,0.0
3.0403040304030402e-06,0.0
3.06030603060306e-06,0.0
3.08030803080308e-06,0.0
3.1003100310031e-06,0.0
3.12031203120312e-06,0.0
3.1403140314031402e-06,0.0
3.16031603160316e-06,0.0
3.18031803180318e-06,0.0
3.2003200320032e-06,0.0
3.22032203220322e-06,0.0
3.2403240324032403e-06,0.0
3.26032603260326e-06,0.0
3.28032803280328e-06,0.0
3.3003300330033e-06,0.0
3.32033203320332e-06,0.0
3.3403340334033403e-06,0.0
3.36033603360336e-06,0.0
3.38033803380338e-06,0.0
3.4003400340034e-06,0.0
3.42034203420342e-06,0.0
3.4403440344034403e-06,0.0
3.46034603460346e-06,0.0
3.48034803480348e-06,0.0
3.5003500350035e-06,0.0
3.52035203520352e-06,0.0
3.5403540354035403e-06,0.0
3.5603560356035602e-06,0.0
3.58035803580358e-06,0.0
3.6003600360036e-06,0.0
3.62036203620362e-06,0.0
3.6403640364036403e-06,0.0
3.6603660366036602e-06,0.0
3.68036803680368e-06,0.0
3.7003700370037e-06,0.0
3.72037203720372e-06,0.0
3.7403740374037403e-06,0.0
3.7603760376037602e-06,0.0
3.78037803780378e-06,0.0
3.8003800380038e-06,0.0
3.82038203820382e-06,0.0
3.84038403840384e-06,0.0
3.86038603860386e-06,0.0
3.88038803880388e-06,0.0
3.9003900390039005e-06,0.0
3.92039203920392e-06,0.0
3.94039403940394e-06,0.0
3.96039603960396e-06,0.0
3.98039803980398e-06,0.0
4.0004000400040005e-06,0.0
4.02040204020402e-06,0.0
4.04040404040404e-06,0.0
4.06040604060406e-06,0.0
4.08040804080408e-06,0.0
4.1004100410041005e-06,0.0
4.12041204120412e-06,0.0
4.14041404140414e-06,0.0
4.16041604160416e-06,0.0
4.18041804180418e-06,0.0
4.2004200420042006e-06,0.0
4.22042204220422e-06,0.0
4.24042404240424e-06,0.0
4.26042604260426e-06,0.0
4.28042804280428e-06,0.0
4.3004300430043e-06,0.0
4.32043204320432e-06,0.0
4.34043404340434e-06,0.0
4.36043604360436e-06,0.0
4.38043804380438e-06,0.0
4.4004400440044e-06,0.0
4.42044204420442e-06,0.0
4.44044404440444e-06,0.0
4.46044604460446e-06,0.0
4.48044804480448e-06,0.0
4.5004500450045e-06,0.0
4.52045204520452e-06,0.0
4.5404540454045404e-06,0.0
4.56045604560456e-06,0.0
4.58045804580458e-06,0.0
4.6004600460046e-06,0.0
4.62046204620462e-06,0.0
4.6404640464046404e-06,0.0
4.66046604660466e-06,0.0
4.68046804680468e-06,0.0
4.7004700470047e-06,0.0
4.72047204720472e-06,0.0
4.7404740474047405e-06,0.0
4.76047604760476e-06,0.0
4.78047804780478e-06,0.0
4.8004800480048e-06,0.0
4.82048204820482e-06,0.0
4.8404840484048405e-06,0.0
4.86048604860486e-06,0.0
4.88048804880488e-06,0.0
4.9004900490049e-06,0.0
4.92049204920492e-06,0.0
4.9404940494049405e-06,0.0
4.96049604960496e-06,0.0
4.98049804980498e-06,0.0
5.000500050005e-06,-1.3823109935284306e-17
5.02050205020502e-06,-9.498463533950123e-13
5.0405040504050405e-06,-7.302154954372396e-12
5.06050605060506e-06,-2.426858545729089e-11
5.08050805080508e-06,-5.699759174073581e-11
5.1005100510051e-06,-1.1057469058826551e-10
5.12051205120512e-06,-1.9002271654606692e-10
5.1405140514051405e-06,-3.00302076780585e-10
5.16051605160516e-06,-4.4631100593616705e-10
5.18051805180518e-06,-6.328858209927304e-10
5.2005200520052e-06,-8.648011761233586e-10
5.22052205220522e-06,-1.1467703175520081e-09
5.2405240524052405e-06,-1.4834453384110882e-09
5.26052605260526e-06,-1.8794174335991233e-09
5.28052805280528e-06,-2.3392171546384563e-09
5.3005300530053e-06,-2.8673146645327684e-09
5.32053205320532e-06,-3.4681199926248802e-09
5.3405340534053405e-06,-4.145983289454244e-09
5.36053605360536e-06,-4.905195081614638e-09
5.38053805380538e-06,-5.749986526611926e-09
5.4005400540054e-06,-6.68452966772146e-09
5.42054205420542e-06,-7.71293768884602e-09
5.4405440544054406e-06,-8.839265169373174e-09
5.46054605460546e-06,-1.0067508339033038e-08
5.48054805480548e-06,-1.1401605332756086e-08
5.5005500550055e-06,-1.2845436445530422e-08
5.52055205520552e-06,-1.4402824387259865e-08
5.5405540554055406e-06,-1.607753453762119e-08
5.56055605560556e-06,-1.787327520092192e-08
5.58055805580558e-06,-1.979369786095825e-08
5.6005600560056e-06,-2.1842397435872082e-08
5.62056205620562e-06,-2.4022912533009393e-08
5.640564056405641e-06,-2.6338725703777223e-08
5.66056605660566e-06,-2.8793263698501613e-08
5.68056805680568e-06,-3.138989772128552e-08
5.7005700570057e-06,-3.4131943684865766e-08
5.72057205720572e-06,-3.7022662465471556e-08
5.740574057405741e-06,-4.006526015768129e-08
5.76057605760576e-06,-4.3262888329280557e-08
5.7805780578057804e-06,-4.661864427612025e-08
5.8005800580058e-06,-5.013557127697312e-08
5.82058205820582e-06,-5.3816658848392695e-08
5.840584058405841e-06,-5.7664842999569846e-08
5.86058605860586e-06,-6.16830064871908e-08
5.8805880588058804e-06,-6.587397907029542e-08
5.9005900590059e-06,-7.024053776513352e-08
5.92059205920592e-06,-7.478540710002403e-08
5.940594059405941e-06,-7.951125937021133e-08
5.96059605960596e-06,-8.442071489272341e-08
5.9805980598059805e-06,-8.951634226123014e-08
6.000600060006e-06,-9.480065860089953e-08
6.02060206020602e-06,-1.0027612982325698e-07
6.04060406040604e-06,-1.0594517088104124e-07
6.06060606060606e-06,-1.1181014602306383e-07
6.0806080608060805e-06,-1.1787336904906506e-07
6.1006100610061e-06,-1.2413710356457237e-07
6.12061206120612e-06,-1.3060356323575873e-07
6.14061406140614e-06,-1.3727491204429857e-07
6.16061606160616e-06,-1.4415326454222744e-07
6.1806180618061805e-06,-1.5124068610679772e-07
6.2006200620062e-06,-1.5853919319533718e-07
6.22062206220622e-06,-1.6605075360010756e-07
6.24062406240624e-06,-1.7377728670315994e-07
6.26062606260626e-06,-1.8172066373119488e-07
6.2806280628062805e-06,-1.8988270801041814e-07
6.3006300630063e-06,-1.9826519522139877e-07
6.32063206320632e-06,-2.0686985365392833e-07
6.34063406340634e-06,-2.1569836446187566e-07
6.36063606360636e-06,-2.2475236191804762e-07
6.3806380638063805e-06,-2.340334336690441e-07
6.4006400640064e-06,-2.435431209901168e-07
6.42064206420642e-06,-2.532829190400279e-07
6.44064406440644e-06,-2.632542771159053e-07
6.46064606460646e-06,-2.734585989081032e-07
6.4806480648064805e-06,-2.8389724275505665e-07
6.5006500650065e-06,-2.945715218981411e-07
6.52065206520652e-06,-3.0548270473653064e-07
6.54065406540654e-06,-3.1663201508205304e-07
6.56065606560656e-06,-3.280206324140508e-07
6.5806580658065805e-06,-3.396496921342356e-07
6.6006600660066e-06,-3.515202858215475e-07
6.62066206620662e-06,-3.6363346148701355e-07
6.64066406640664e-06,-3.759902238286026e-07
6.66066606660666e-06,-3.8859153448608666e-07
6.6806680668066805e-06,-4.014383122958949e-07
6.7006700670067e-06,-4.14531433545973e-07
6.72067206720672e-06,-4.278717322306422e-07
6.74067406740674e-06,-4.414600003054536e-07
6.76067606760676e-06,-4.552969879420494e-07
6.7806780678067806e-06,-4.693834037830178e-07
6.8006800680068e-06,-4.837199151967511e-07
6.82068206820682e-06,-4.983071485323057e-07
6.84068406840684e-06,-5.131456893742559e-07
6.86068606860686e-06,-5.282360827975558e-07
6.8806880688068806e-06,-5.435788336223929e-07
6.9006900690069e-06,-5.591744066690476e-07
6.92069206920692e-06,-5.750232270127526e-07
6.94069406940694e-06,-5.911256802385463e-07
6.96069606960696e-06,-6.074821126961356e-07
6.980698069806981e-06,-6.240928317547489e-07
7.000700070007e-06,-6.409581060579954e-07
7.02070207020702e-06,-6.580781657787254e-07
7.04070407040704e-06,-6.754532028738826e-07
7.06070607060706e-06,-6.930833713393677e-07
7.080708070807081e-06,-7.109687874648908e-07
7.1007100710071e-06,-7.291095300888311e-07
7.1207120712071204e-06,-7.475056408530977e-07
7.14071407140714e-06,-7.661571244579803e-07
7.16071607160716e-06,-7.850639489170149e-07
7.180718071807181e-06,-8.042260458118342e-07
7.2007200720072e-06,-8.236433105470288e-07
7.2207220722072204e-06,-8.433156026050075e-07
7.24072407240724e-06,-8.632427458008471e-07
7.26072607260726e-06,-8.834245285371597e-07
7.280728072807281e-06,-9.038607040589421e-07
7.3007300730073e-06,-9.245509907084372e-07
7.3207320732073205e-06,-9.45495072179994e-07
7.34073407340734e-06,-9.666925977749186e-07
7.36073607360736e-06,-9.881431826563394e-07
7.380738073807381e-06,-1.0098464081040591e-06
7.4007400740074e-06,-1.0318018217694136e-06
7.4207420742074205e-06,-1.0540089379301331e-06
7.44074407440744e-06,-1.076467237745194e-06
7.46074607460746e-06,-1.0991761695096829e-06
7.480748074807481e-06,-1.1221351489096482e-06
7.5007500750075e-06,-1.1453435592769599e-06
7.5207520752075205e-06,-1.1688007518441723e-06
7.54075407540754e-06,-1.1925060459993714e-06
7.56075607560756e-06,-1.2164587295410436e-06
7.580758075807581e-06,-1.2406580589329241e-06
7.6007600760076e-06,-1.2651032595588592e-06
7.6207620762076205e-06,-1.2897935259776662e-06
7.64076407640764e-06,-1.3147280221779831e-06
7.66076607660766e-06,-1.3399058818331373e-06
7.68076807680768e-06,-1.3653262085559914e-06
7.700770077007701e-06,-1.39098807615381e-06
7.72077207720772e-06,-1.4168905288831105e-06
7.74077407740774e-06,-1.4430325817045314e-06
7.76077607760776e-06,-1.4694132205376753e-06
7.78077807780778e-06,-1.4960314025159773e-06
7.800780078007801e-06,-1.522886056241559e-06
7.82078207820782e-06,-1.5499760820400827e-06
7.84078407840784e-06,-1.5773003522156225e-06
7.86078607860786e-06,-1.604857711305503e-06
7.88078807880788e-06,-1.6326469763351697e-06
7.900790079007901e-06,-1.6606669370730423e-06
7.92079207920792e-06,-1.6889163562853714e-06
7.94079407940794e-06,-1.7173939699911055e-06
7.96079607960796e-06,-1.7460984877167322e-06
7.98079807980798e-06,-1.7750285927511498e-06
8.000800080008001e-06,-1.8041829424005178e-06
8.02080208020802e-06,-1.8335601682431137e-06
8.04080408040804e-06,-1.8631588763842026e-06
8.06080608060806e-06,-1.8929776477108784e-06
8.08080808080808e-06,-1.9230150381469303e-06
8.100810081008101e-06,-1.9532695789076983e-06
8.12081208120812e-06,-1.983739776754931e-06
8.14081408140814e-06,-2.0144241142516507e-06
8.16081608160816e-06,-2.0453210500169945e-06
8.18081808180818e-06,-2.076429018981088e-06
8.200820082008201e-06,-2.1077464326398923e-06
8.22082208220822e-06,-2.139271679310066e-06
8.24082408240824e-06,-2.1710031243838295e-06
8.26082608260826e-06,-2.2029391105838093e-06
8.28082808280828e-06,-2.235077958217902e-06
8.300830083008301e-06,-2.267417965434134e-06
8.32083208320832e-06,-2.2999574084755155e-06
8.34083408340834e-06,-2.3326945419349055e-06
8.36083608360836e-06,-2.3656275990098583e-06
8.38083808380838e-06,-2.398754791757488e-06
8.400840084008401e-06,-2.4320743113493237e-06
8.42084208420842e-06,-2.4655843283261675e-06
8.44084408440844e-06,-2.49928299285296e-06
8.46084608460846e-06,-2.5331684349736256e-06
8.48084808480848e-06,-2.5672387648659325e-06
8.500850085008501e-06,-2.6014920730963576e-06
8.52085208520852e-06,-2.6359264308749355e-06
8.54085408540854e-06,-2.6705398903101294e-06
8.56085608560856e-06,-2.7053304846636704e-06
8.58085808580858e-06,-2.7402962286054296e-06
8.6008600860086e-06,-2.7754351184682646e-06
8.62086208620862e-06,-2.8107451325028948e-06
8.64086408640864e-06,-2.846224231132735e-06
8.66086608660866e-06,-2.8818703572087744e-06
8.68086808680868e-06,-2.9176814362644175e-06
8.7008700870087e-06,-2.953655376770354e-06
8.72087208720872e-06,-2.989790070389417e-06
8.74087408740874e-06,-3.026083392231427e-06
8.76087608760876e-06,-3.0625332011080627e-06
8.78087808780878e-06,-3.099137339787711e-06
8.8008800880088e-06,-3.1358936352503294e-06
8.82088208820882e-06,-3.1727998989423087e-06
8.84088408840884e-06,-3.209853927031311e-06
8.86088608860886e-06,-3.247053500661152e-06
8.88088808880888e-06,-3.2843963862066405e-06
8.9008900890089e-06,-3.32188033552844e-06
8.92089208920892e-06,-3.359503086227939e-06
8.94089408940894e-06,-3.397262361902091e-06
8.96089608960896e-06,-3.435155872398282e-06
8.980898089808981e-06,-3.473181314069183e-06
9.000900090009e-06,-3.511336370027607e-06
9.02090209020902e-06,-3.549618710401387e-06
9.04090409040904e-06,-3.588025992588199e-06
9.06090609060906e-06,-3.626555861510445e-06
9.080908090809081e-06,-3.6652059498700997e-06
9.1009100910091e-06,-3.7039738784035705e-06
9.12091209120912e-06,-3.7428572561365673e-06
9.14091409140914e-06,-3.7818536806389337e-06
9.16091609160916e-06,-3.820960738279529e-06
9.180918091809181e-06,-3.860176004481075e-06
9.2009200920092e-06,-3.89949704397501e-06
9.22092209220922e-06,-3.9389214110563645e-06
9.24092409240924e-06,-3.978446649838594e-06
9.26092609260926e-06,-4.0180702945084524e-06
9.280928092809281e-06,-4.0577898695808485e-06
9.3009300930093e-06,-4.097602890153693e-06
9.32093209320932e-06,-4.13750686216278e-06
9.34093409340934e-06,-4.177499282636616e-06
9.36093609360936e-06,-4.217577639951292e-06
9.380938093809381e-06,-4.257739414085346e-06
9.4009400940094e-06,-4.2979820768746e-06
9.42094209420942e-06,-4.338303092267056e-06
9.44094409440944e-06,-4.378699916577707e-06
9.46094609460946e-06,-4.41916999874343e-06
9.480948094809481e-06,-4.459710780577822e-06
9.5009500950095e-06,-4.5003196970260705e-06
9.52095209520952e-06,-4.540994176419817e-06
9.54095409540954e-06,-4.5817316407319865e-06
9.56095609560956e-06,-4.622529505831675e-06
9.580958095809581e-06,-4.663385181738997e-06
9.6009600960096e-06,-4.7042960728799285e-06
9.62096209620962e-06,-4.745259578341199e-06
9.64096409640964e-06,-4.786273092125109e-06
9.66096609660966e-06,-4.827334003404416e-06
9.680968096809681e-06,-4.868439696777181e-06
9.7009700970097e-06,-4.909587552521623e-06
9.72097209720972e-06,-4.950774946850994e-06
9.74097409740974e-06,-4.991999252168415e-06
9.76097609760976e-06,-5.0332578373217395e-06
9.780978097809781e-06,-5.074548067858425e-06
9.8009800980098e-06,-5.115867306280365e-06
9.82098209820982e-06,-5.157212912298782e-06
9.84098409840984e-06,-5.198582243089053e-06
9.86098609860986e-06,-5.239972653545575e-06
9.880988098809881e-06,-5.281381496536636e-06
9.9009900990099e-06,-5.322806123159255e-06
9.92099209920992e-06,-5.364243882994058e-06
9.94099409940994e-06,-5.405692124360123e-06
9.96099609960996e-06,-5.4471481945698304e-06
9.980998099809981e-06,-5.488609440183739e-06
1.000100010001e-05,-5.530073207265431e-06
1.002100210021002e-05,-5.571536841636386e-06
1.004100410041004e-05,-5.612997689130811e-06
1.006100610061006e-05,-5.6544530958505215e-06
1.0081008100810081e-05,-5.695900408419786e-06
1.01010101010101e-05,-5.737336974240192e-06
1.012101210121012e-05,-5.77876014174551e-06
1.014101410141014e-05,-5.8201672606565225e-06
1.016101610161016e-05,-5.861555682235914e-06
1.0181018101810181e-05,-5.9029227595431115e-06
1.02010201020102e-05,-5.944265847689144e-06
1.022102210221022e-05,-5.985582304091507e-06
1.024102410241024e-05,-6.026869488729014e-06
1.026102610261026e-05,-6.068124764396656e-06
1.0281028102810281e-05,-6.1093454969604515e-06
1.03010301030103e-05,-6.150529055612318e-06
1.032103210321032e-05,-6.191672813124926e-06
1.034103410341034e-05,-6.232774146106543e-06
1.036103610361036e-05,-6.273830435255914e-06
1.0381038103810381e-05,-6.314839065617096e-06
1.04010401040104e-05,-6.355797426834328e-06
1.042104210421042e-05,-6.396702913406902e-06
1.044104410441044e-05,-6.437552924943985e-06
1.046104610461046e-05,-6.478344866419506e-06
1.0481048104810481e-05,-6.519076148427009e-06
1.05010501050105e-05,-6.559744187434497e-06
1.052105210521052e-05,-6.600346406039313e-06
1.054105410541054e-05,-6.640880233222977e-06
1.056105610561056e-05,-6.681343104606039e-06
1.0581058105810581e-05,-6.721732462702971e-06
1.06010601060106e-05,-6.762045757176985e-06
1.062106210621062e-05,-6.8022804450949085e-06
1.064106410641064e-05,-6.842433991182055e-06
1.066106610661066e-05,-6.882503868077053e-06
1.0681068106810681e-05,-6.9224875565867215e-06
1.07010701070107e-05,-6.962382545940927e-06
1.072107210721072e-05,-7.002186334047442e-06
1.074107410741074e-05,-7.0418964277467935e-06
1.076107610761076e-05,-7.08151034306713e-06
1.0781078107810781e-05,-7.121025605479077e-06
1.08010801080108e-05,-7.160439750150582e-06
1.082108210821082e-05,-7.1997503222018e-06
1.084108410841084e-05,-7.238954876959923e-06
1.086108610861086e-05,-7.2780509802140625e-06
1.0881088108810881e-05,-7.317036208470076e-06
1.09010901090109e-05,-7.355908149205447e-06
1.092109210921092e-05,-7.394664401124156e-06
1.094109410941094e-05,-7.433302574411498e-06
1.096109610961096e-05,-7.4718202909889685e-06
1.0981098109810981e-05,-7.510215184769126e-06
1.1001100110011e-05,-7.5484849019104215e-06
1.102110211021102e-05,-7.586627101072092e-06
1.104110411041104e-05,-7.624639453668982e-06
1.106110611061106e-05,-7.662519644126435e-06
1.1081108110811081e-05,-7.700265370135118e-06
1.11011101110111e-05,-7.737874342905903e-06
1.112111211121112e-05,-7.775344287424732e-06
1.114111411141114e-05,-7.812672942707444e-06
1.116111611161116e-05,-7.84985806205464e-06
1.1181118111811181e-05,-7.886897413306573e-06
1.12011201120112e-05,-7.923788779097968e-06
1.122112211221122e-05,-7.9605299571129e-06
1.124112411241124e-05,-7.997118760339636e-06
1.126112611261126e-05,-8.03355301732551e-06
1.1281128112811281e-05,-8.06983057243178e-06
1.13011301130113e-05,-8.105949286088455e-06
1.132113211321132e-05,-8.141907035049212e-06
1.134113411341134e-05,-8.177701712646175e-06
1.136113611361136e-05,-8.213331229044847e-06
1.1381138113811381e-05,-8.248793511498932e-06
1.14011401140114e-05,-8.284086504605166e-06
1.142114211421142e-05,-8.319208170558253e-06
1.144114411441144e-05,-8.354156489405654e-06
1.146114611461146e-05,-8.38892945930245e-06
1.1481148114811481e-05,-8.423525096766231e-06
1.15011501150115e-05,-8.457941436931932e-06
1.152115211521152e-05,-8.492176533806712e-06
1.154115411541154e-05,-8.526228460524771e-06
1.1561156115611561e-05,-8.560095309602254e-06
1.1581158115811581e-05,-8.593775193192078e-06
1.16011601160116e-05,-8.627266243338793e-06
1.162116211621162e-05,-8.660566612233464e-06
1.164116411641164e-05,-8.693674472468496e-06
1.1661166116611661e-05,-8.726588017292502e-06
1.1681168116811681e-05,-8.759305460865178e-06
1.17011701170117e-05,-8.791825038512126e-06
1.172117211721172e-05,-8.824145006979777e-06
1.174117411741174e-05,-8.856263644690155e-06
1.1761176117611761e-05,-8.888179251995815e-06
1.1781178117811781e-05,-8.919890151434648e-06
1.18011801180118e-05,-8.951394687984784e-06
1.182118211821182e-05,-8.982691229319398e-06
1.184118411841184e-05,-9.013778166061641e-06
1.1861186118611861e-05,-9.044653912039392e-06
1.1881188118811881e-05,-9.07531690454022e-06
1.19011901190119e-05,-9.105765604566194e-06
1.192119211921192e-05,-9.135998497088727e-06
1.194119411941194e-05,-9.166014091303458e-06
1.1961196119611961e-05,-9.195810920885113e-06
1.198119811981198e-05,-9.225387544242322e-06
1.2001200120012e-05,-9.254742544772557e-06
1.202120212021202e-05,-9.283874531116895e-06
1.204120412041204e-05,-9.312782137414933e-06
1.2061206120612061e-05,-9.341464023559649e-06
1.208120812081208e-05,-9.369918875452221e-06
1.21012101210121e-05,-9.398145405256924e-06
1.212121212121212e-05,-9.426142351655953e-06
1.214121412141214e-05,-9.45390848010432e-06
1.2161216121612161e-05,-9.481442583084676e-06
1.218121812181218e-05,-9.508743480362173e-06
1.22012201220122e-05,-9.535810019239366e-06
1.222122212221222e-05,-9.562641074811003e-06
1.224122412241224e-05,-9.589235550218917e-06
1.2261226122612261e-05,-9.615592376906912e-06
1.228122812281228e-05,-9.641710514875562e-06
1.23012301230123e-05,-9.667588952937098e-06
1.232123212321232e-05,-9.693226708970285e-06
1.234123412341234e-05,-9.71862283017525e-06
1.2361236123612361e-05,-9.743776393328342e-06
1.238123812381238e-05,-9.768686505037012e-06
1.24012401240124e-05,-9.793352301994627e-06
1.242124212421242e-05,-9.817772951235399e-06
1.244124412441244e-05,-9.841947650389153e-06
1.2461246124612461e-05,-9.865875627936295e-06
1.248124812481248e-05,-9.889556143462518e-06
1.25012501250125e-05,-9.912988487913851e-06
1.252125212521252e-05,-9.936171983851317e-06
1.254125412541254e-05,-9.959105985705952e-06
1.2561256125612561e-05,-9.981789880033574e-06
1.258125812581258e-05,-1.0004223085769663e-05
1.26012601260126e-05,-1.0026405054484235e-05
1.262126212621262e-05,-1.0048335270636662e-05
1.264126412641264e-05,-1.0070013251830563e-05
1.2661266126612661e-05,-1.0091438549068671e-05
1.268126812681268e-05,-1.0112610747007639e-05
1.27012701270127e-05,-1.0133529464212939e-05
1.272127212721272e-05,-1.0154194353413735e-05
1.274127412741274e-05,-1.0174605101757667e-05
1.2761276127612761e-05,-1.0194761431065803e-05
1.278127812781278e-05,-1.0214663098087424e-05
1.28012801280128e-05,-1.023430989475493e-05
1.282128212821282e-05,-1.0253701648438659e-05
1.284128412841284e-05,-1.0272838222201767e-05
1.2861286128612861e-05,-1.0291719515055096e-05
1.288128812881288e-05,-1.0310345462211964e-05
1.29012901290129e-05,-1.0328716035343158e-05
1.292129212921292e-05,-1.0346831242831624e-05
1.294129412941294e-05,-1.0364691130027462e-05
1.2961296129612961e-05,-1.0382295779502732e-05
1.298129812981298e-05,-1.0399645311306266e-05
1.3001300130013e-05,-1.0416739883218618e-05
1.302130213021302e-05,-1.0433579691006851e-05
1.304130413041304e-05,-1.045016496867942e-05
1.3061306130613061e-05,-1.0466495988741046e-05
1.308130813081308e-05,-1.0482573062447495e-05
1.31013101310131e-05,-1.0498396540060579e-05
1.312131213121312e-05,-1.0513966811102877e-05
1.314131413141314e-05,-1.0529284304612654e-05
1.3161316131613161e-05,-1.0544349489398697e-05
1.318131813181318e-05,-1.0559162874295212e-05
1.32013201320132e-05,-1.0573725008416667e-05
1.322132213221322e-05,-1.0588036481412601e-05
1.324132413241324e-05,-1.0602097923722519e-05
1.3261326132613261e-05,-1.0615910006830784e-05
1.328132813281328e-05,-1.0629473443521425e-05
1.33013301330133e-05,-1.0642788988133003e-05
1.332133213321332e-05,-1.0655857436813461e-05
1.334133413341334e-05,-1.066867962777504e-05
1.3361336133613361e-05,-1.0681256441549041e-05
1.338133813381338e-05,-1.0693588801240755e-05
1.34013401340134e-05,-1.0705677672784321e-05
1.342134213421342e-05,-1.0717524065197547e-05
1.344134413441344e-05,-1.0729129030836795e-05
1.3461346134613461e-05,-1.0740493665651778e-05
1.348134813481348e-05,-1.0751619109440539e-05
1.35013501350135e-05,-1.0762506546104153e-05
1.352135213521352e-05,-1.077315720390177e-05
1.354135413541354e-05,-1.0783572355705274e-05
1.3561356135613561e-05,-1.0793753319254317e-05
1.358135813581358e-05,-1.0803701457411013e-05
1.36013601360136e-05,-1.0813418178414934e-05
1.362136213621362e-05,-1.0822904936137946e-05
1.364136413641364e-05,-1.0832163230338941e-05
1.3661366136613661e-05,-1.0841194606918855e-05
1.368136813681368e-05,-1.0850000658175452e-05
1.37013701370137e-05,-1.0858583023058154e-05
1.372137213721372e-05,-1.0866943387422967e-05
1.374137413741374e-05,-1.0875083484287285e-05
1.3761376137613761e-05,-1.088300509408479e-05
1.378137813781378e-05,-1.0890710044920229e-05
1.38013801380138e-05,-1.0898200212824424e-05
1.382138213821382e-05,-1.0905477522008937e-05
1.384138413841384e-05,-1.0912543945121086e-05
1.3861386138613861e-05,-1.0919401503498715e-05
1.388138813881388e-05,-1.0926052267425087e-05
1.39013901390139e-05,-1.0932498356383722e-05
1.392139213921392e-05,-1.0938741939313304e-05
1.394139413941394e-05,-1.0944785234862451e-05
1.3961396139613961e-05,-1.0950630511644658e-05
1.398139813981398e-05,-1.0956280088493082e-05
1.4001400140014e-05,-1.0961736334715473e-05
1.402140214021402e-05,-1.0967001670348979e-05
1.404140414041404e-05,-1.0972078566415029e-05
1.4061406140614061e-05,-1.0976969545174156e-05
1.408140814081408e-05,-1.0981677180380893e-05
1.41014101410141e-05,-1.0986204097538672e-05
1.412141214121412e-05,-1.0990552974154502e-05
1.4141414141414141e-05,-1.0994726539994062e-05
1.4161416141614161e-05,-1.0998727577336406e-05
1.418141814181418e-05,-1.1002558921228888e-05
1.42014201420142e-05,-1.1006223459741971e-05
1.422142214221422e-05,-1.1009724134224095e-05
1.4241424142414241e-05,-1.1013063939556592e-05
1.4261426142614261e-05,-1.1016245924408429e-05
1.428142814281428e-05,-1.1019273191491265e-05
1.43014301430143e-05,-1.1022148897813989e-05
1.432143214321432e-05,-1.1024876254937957e-05
1.4341434143414341e-05,-1.102745852923154e-05
1.4361436143614361e-05,-1.1029899042125171e-05
1.438143814381438e-05,-1.1032201170366102e-05
1.44014401440144e-05,-1.1034368346273277e-05
1.442144214421442e-05,-1.1036404057992249e-05
1.4441444144414441e-05,-1.103831184974994e-05
1.4461446144614461e-05,-1.1040095322109661e-05
1.448144814481448e-05,-1.1041758132225697e-05
1.45014501450145e-05,-1.1043303994098504e-05
1.452145214521452e-05,-1.1044736678829278e-05
1.4541454145414541e-05,-1.1046060014874937e-05
1.4561456145614561e-05,-1.1047277888303071e-05
1.458145814581458e-05,-1.1048394243046539e-05
1.46014601460146e-05,-1.104941308115859e-05
1.462146214621462e-05,-1.1050338463067634e-05
1.4641464146414641e-05,-1.1051174507832023e-05
1.4661466146614661e-05,-1.1051925393394993e-05
1.468146814681468e-05,-1.1052595356839442e-05
1.47014701470147e-05,-1.1053188694642941e-05
1.472147214721472e-05,-1.1053709762932403e-05
1.4741474147414741e-05,-1.1054162977739104e-05
1.4761476147614761e-05,-1.1054552815253417e-05
1.478147814781478e-05,-1.105488381207977e-05
1.48014801480148e-05,-1.1055160565491355e-05
1.482148214821482e-05,-1.1055387733685135e-05
1.4841484148414841e-05,-1.1055570036036736e-05
1.4861486148614861e-05,-1.1055712253355101e-05
1.488148814881488e-05,-1.1055819228137503e-05
1.49014901490149e-05,-1.1055895864824354e-05
1.492149214921492e-05,-1.1055947130054125e-05
1.4941494149414941e-05,-1.1055978052918118e-05
1.4961496149614961e-05,-1.1055993725215333e-05
1.498149814981498e-05,-1.10559993017074e-05
1.5001500150015e-05,-1.1056e-05
1.502150215021502e-05,-1.1056e-05
1.5041504150415041e-05,-1.1056e-05
1.5061506150615061e-05,-1.1056e-05
1.508150815081508e-05,-1.1056e-05
1.51015101510151e-05,-1.1056e-05
1.512151215121512e-05,-1.1056e-05
1.5141514151415141e-05,-1.1056e-05
1.5161516151615161e-05,-1.1056e-05
1.518151815181518e-05,-1.1056e-05
1.52015201520152e-05,-1.1056e-05
1.522152215221522e-05,-1.1056e-05
1.5241524152415241e-05,-1.1056e-05
1.526152615261526e-05,-1.1056e-05
1.528152815281528e-05,-1.1056e-05
1.53015301530153e-05,-1.1056e-05
1.532153215321532e-05,-1.1056e-05
1.534153415341534e-05,-1.1056e-05
1.536153615361536e-05,-1.1056e-05
1.5381538153815382e-05,-1.1056e-05
1.5401540154015402e-05,-1.1056e-05
1.542154215421542e-05,-1.1056e-05
1.544154415441544e-05,-1.1056e-05
1.546154615461546e-05,-1.1056e-05
1.548154815481548e-05,-1.1056e-05
1.55015501550155e-05,-1.1056e-05
1.552155215521552e-05,-1.1056e-05
1.554155415541554e-05,-1.1056e-05
1.556155615561556e-05,-1.1056e-05
1.5581558155815582e-05,-1.1056e-05
1.5601560156015602e-05,-1.1056e-05
1.562156215621562e-05,-1.1056e-05
1.564156415641564e-05,-1.1056e-05
1.566156615661566e-05,-1.1056e-05
1.568156815681568e-05,-1.1056e-05
1.57015701570157e-05,-1.1056e-05
1.572157215721572e-05,-1.1056e-05
1.574157415741574e-05,-1.1056e-05
1.576157615761576e-05,-1.1056e-05
1.5781578157815782e-05,-1.1056e-05
1.5801580158015802e-05,-1.1056e-05
1.582158215821582e-05,-1.1056e-05
1.584158415841584e-05,-1.1056e-05
1.586158615861586e-05,-1.1056e-05
1.588158815881588e-05,-1.1056e-05
1.59015901590159e-05,-1.1056e-05
1.592159215921592e-05,-1.1056e-05
1.594159415941594e-05,-1.1056e-05
1.596159615961596e-05,-1.1056e-05
1.5981598159815982e-05,-1.1056e-05
1.6001600160016002e-05,-1.1056e-05
1.602160216021602e-05,-1.1056e-05
1.604160416041604e-05,-1.1056e-05
1.606160616061606e-05,-1.1056e-05
1.608160816081608e-05,-1.1056e-05
1.61016101610161e-05,-1.1056e-05
1.612161216121612e-05,-1.1056e-05
1.614161416141614e-05,-1.1056e-05
1.616161616161616e-05,-1.1056e-05
1.6181618161816182e-05,-1.1056e-05
1.6201620162016202e-05,-1.1056e-05
1.622162216221622e-05,-1.1056e-05
1.624162416241624e-05,-1.1056e-05
1.626162616261626e-05,-1.1056e-05
1.628162816281628e-05,-1.1056e-05
1.63016301630163e-05,-1.1056e-05
1.632163216321632e-05,-1.1056e-05
1.634163416341634e-05,-1.1056e-05
1.636163616361636e-05,-1.1056e-05
1.6381638163816382e-05,-1.1056e-05
1.6401640164016402e-05,-1.1056e-05
1.642164216421642e-05,-1.1056e-05
1.644164416441644e-05,-1.1056e-05
1.646164616461646e-05,-1.1056e-05
1.648164816481648e-05,-1.1056e-05
1.65016501650165e-05,-1.1056e-05
1.652165216521652e-05,-1.1056e-05
1.654165416541654e-05,-1.1056e-05
1.656165616561656e-05,-1.1056e-05
1.6581658165816582e-05,-1.1056e-05
1.6601660166016602e-05,-1.1056e-05
1.662166216621662e-05,-1.1056e-05
1.664166416641664e-05,-1.1056e-05
1.666166616661666e-05,-1.1056e-05
1.668166816681668e-05,-1.1056e-05
1.67016701670167e-05,-1.1056e-05
1.672167216721672e-05,-1.1056e-05
1.674167416741674e-05,-1.1056e-05
1.676167616761676e-05,-1.1056e-05
1.6781678167816782e-05,-1.1056e-05
1.6801680168016802e-05,-1.1056e-05
1.682168216821682e-05,-1.1056e-05
1.684168416841684e-05,-1.1056e-05
1.686168616861686e-05,-1.1056e-05
1.688168816881688e-05,-1.1056e-05
1.69016901690169e-05,-1.1056e-05
1.692169216921692e-05,-1.1056e-05
1.694169416941694e-05,-1.1056e-05
1.696169616961696e-05,-1.1056e-05
1.6981698169816982e-05,-1.1056e-05
1.7001700170017002e-05,-1.1056e-05
1.702170217021702e-05,-1.1056e-05
1.704170417041704e-05,-1.1056e-05
1.706170617061706e-05,-1.1056e-05
1.708170817081708e-05,-1.1056e-05
1.71017101710171e-05,-1.1056e-05
1.712171217121712e-05,-1.1056e-05
1.714171417141714e-05,-1.1056e-05
1.716171617161716e-05,-1.1056e-05
1.7181718171817182e-05,-1.1056e-05
1.72017201720172e-05,-1.1056e-05
1.722172217221722e-05,-1.1056e-05
1.724172417241724e-05,-1.1056e-05
1.726172617261726e-05,-1.1056e-05
1.728172817281728e-05,-1.1056e-05
1.73017301730173e-05,-1.1056e-05
1.732173217321732e-05,-1.1056e-05
1.734173417341734e-05,-1.1056e-05
1.736173617361736e-05,-1.1056e-05
1.7381738173817382e-05,-1.1056e-05
1.74017401740174e-05,-1.1056e-05
1.742174217421742e-05,-1.1056e-05
1.744174417441744e-05,-1.1056e-05
1.746174617461746e-05,-1.1056e-05
1.748174817481748e-05,-1.1056e-05
1.75017501750175e-05,-1.1056e-05
1.752175217521752e-05,-1.1056e-05
1.754175417541754e-05,-1.1056e-05
1.756175617561756e-05,-1.1056e-05
1.7581758175817582e-05,-1.1056e-05
1.76017601760176e-05,-1.1056e-05
1.762176217621762e-05,-1.1056e-05
1.764176417641764e-05,-1.1056e-05
1.766176617661766e-05,-1.1056e-05
1.768176817681768e-05,-1.1056e-05
1.77017701770177e-05,-1.1056e-05
1.772177217721772e-05,-1.1056e-05
1.774177417741774e-05,-1.1056e-05
1.776177617761776e-05,-1.1056e-05
1.7781778177817782e-05,-1.1056e-05
1.78017801780178e-05,-1.1056e-05
1.782178217821782e-05,-1.1056e-05
1.784178417841784e-05,-1.1056e-05
1.786178617861786e-05,-1.1056e-05
1.788178817881788e-05,-1.1056e-05
1.79017901790179e-05,-1.1056e-05
1.792179217921792e-05,-1.1056e-05
1.794179417941794e-05,-1.1056e-05
1.7961796179617962e-05,-1.1056e-05
1.7981798179817982e-05,-1.1056e-05
1.8001800180018e-05,-1.1056e-05
1.802180218021802e-05,-1.1056e-05
1.804180418041804e-05,-1.1056e-05
1.806180618061806e-05,-1.1056e-05
1.808180818081808e-05,-1.1056e-05
1.81018101810181e-05,-1.1056e-05
1.812181218121812e-05,-1.1056e-05
1.814181418141814e-05,-1.1056e-05
1.8161816181618162e-05,-1.1056e-05
1.8181818181818182e-05,-1.1056e-05
1.82018201820182e-05,-1.1056e-05
1.822182218221822e-05,-1.1056e-05
1.824182418241824e-05,-1.1056e-05
1.826182618261826e-05,-1.1056e-05
1.828182818281828e-05,-1.1056e-05
1.83018301830183e-05,-1.1056e-05
1.832183218321832e-05,-1.1056e-05
1.834183418341834e-05,-1.1056e-05
1.8361836183618362e-05,-1.1056e-05
1.8381838183818382e-05,-1.1056e-05
1.84018401840184e-05,-1.1056e-05
1.842184218421842e-05,-1.1056e-05
1.844184418441844e-05,-1.1056e-05
1.846184618461846e-05,-1.1056e-05
1.848184818481848e-05,-1.1056e-05
1.85018501850185e-05,-1.1056e-05
1.852185218521852e-05,-1.1056e-05
1.854185418541854e-05,-1.1056e-05
1.8561856185618562e-05,-1.1056e-05
1.8581858185818582e-05,-1.1056e-05
1.86018601860186e-05,-1.1056e-05
1.862186218621862e-05,-1.1056e-05
1.864186418641864e-05,-1.1056e-05
1.866186618661866e-05,-1.1056e-05
1.868186818681868e-05,-1.1056e-05
1.87018701870187e-05,-1.1056e-05
1.872187218721872e-05,-1.1056e-05
1.874187418741874e-05,-1.1056e-05
1.8761876187618762e-05,-1.1056e-05
1.8781878187818782e-05,-1.1056e-05
1.88018801880188e-05,-1.1056e-05
1.882188218821882e-05,-1.1056e-05
1.884188418841884e-05,-1.1056e-05
1.886188618861886e-05,-1.1056e-05
1.888188818881888e-05,-1.1056e-05
1.89018901890189e-05,-1.1056e-05
1.892189218921892e-05,-1.1056e-05
1.894189418941894e-05,-1.1056e-05
1.8961896189618962e-05,-1.1056e-05
1.8981898189818982e-05,-1.1056e-05
1.9001900190019e-05,-1.1056e-05
1.902190219021902e-05,-1.1056e-05
1.904190419041904e-05,-1.1056e-05
1.906190619061906e-05,-1.1056e-05
1.908190819081908e-05,-1.1056e-05
1.91019101910191e-05,-1.1056e-05
1.912191219121912e-05,-1.1056e-05
1.914191419141914e-05,-1.1056e-05
1.9161916191619162e-05,-1.1056e-05
1.9181918191819182e-05,-1.1056e-05
1.92019201920192e-05,-1.1056e-05
1.922192219221922e-05,-1.1056e-05
1.924192419241924e-05,-1.1056e-05
1.926192619261926e-05,-1.1056e-05
1.928192819281928e-05,-1.1056e-05
1.93019301930193e-05,-1.1056e-05
1.932193219321932e-05,-1.1056e-05
1.934193419341934e-05,-1.1056e-05
1.9361936193619362e-05,-1.1056e-05
1.9381938193819382e-05,-1.1056e-05
1.94019401940194e-05,-1.1056e-05
1.942194219421942e-05,-1.1056e-05
1.944194419441944e-05,-1.1056e-05
1.946194619461946e-05,-1.1056e-05
1.948194819481948e-05,-1.1056e-05
1.95019501950195e-05,-1.1056e-05
1.952195219521952e-05,-1.1056e-05
1.954195419541954e-05,-1.1056e-05
1.9561956195619562e-05,-1.1056e-05
1.9581958195819582e-05,-1.1056e-05
1.96019601960196e-05,-1.1056e-05
1.962196219621962e-05,-1.1056e-05
1.964196419641964e-05,-1.1056e-05
1.966196619661966e-05,-1.1056e-05
1.968196819681968e-05,-1.1056e-05
1.97019701970197e-05,-1.1056e-05
1.972197219721972e-05,-1.1056e-05
1.974197419741974e-05,-1.1056e-05
1.9761976197619762e-05,-1.1056e-05
1.9781978197819782e-05,-1.1056e-05
1.98019801980198e-05,-1.1056e-05
1.982198219821982e-05,-1.1056e-05
1.984198419841984e-05,-1.1056e-05
1.986198619861986e-05,-1.1056e-05
1.988198819881988e-05,-1.1056e-05
1.99019901990199e-05,-1.1056e-05
1.992199219921992e-05,-1.1056e-05
1.994199419941994e-05,-1.1056e-05
1.9961996199619962e-05,-1.1056e-05
1.9981998199819982e-05,-1.1056e-05
2.000200020002e-05,-1.1056e-05
2.002200220022002e-05,-1.1056e-05
2.004200420042004e-05,-1.1056e-05
2.006200620062006e-05,-1.1056e-05
2.008200820082008e-05,-1.1056e-05
2.01020102010201e-05,-1.1056e-05
2.012201220122012e-05,-1.1056e-05
2.014201420142014e-05,-1.1056e-05
2.0162016201620162e-05,-1.1056e-05
2.0182018201820182e-05,-1.1056e-05
2.02020202020202e-05,-1.1056e-05
2.022202220222022e-05,-1.1056e-05
2.024202420242024e-05,-1.1056e-05
2.026202620262026e-05,-1.1056e-05
2.028202820282028e-05,-1.1056e-05
2.03020302030203e-05,-1.1056e-05
2.032203220322032e-05,-1.1056e-05
2.034203420342034e-05,-1.1056e-05
2.0362036203620362e-05,-1.1056e-05
2.0382038203820382e-05,-1.1056e-05
2.04020402040204e-05,-1.1056e-05
2.042204220422042e-05,-1.1056e-05
2.044204420442044e-05,-1.1056e-05
2.046204620462046e-05,-1.1056e-05
2.048204820482048e-05,-1.1056e-05
2.05020502050205e-05,-1.1056e-05
2.052205220522052e-05,-1.1056e-05
2.0542054205420542e-05,-1.1056e-05
2.0562056205620562e-05,-1.1056e-05
2.058205820582058e-05,-1.1056e-05
2.06020602060206e-05,-1.1056e-05
2.062206220622062e-05,-1.1056e-05
2.064206420642064e-05,-1.1056e-05
2.066206620662066e-05,-1.1056e-05
2.068206820682068e-05,-1.1056e-05
2.07020702070207e-05,-1.1056e-05
2.072207220722072e-05,-1.1056e-05
2.0742074207420742e-05,-1.1056e-05
2.0762076207620762e-05,-1.1056e-05
2.078207820782078e-05,-1.1056e-05
2.08020802080208e-05,-1.1056e-05
2.082208220822082e-05,-1.1056e-05
2.084208420842084e-05,-1.1056e-05
2.086208620862086e-05,-1.1056e-05
2.088208820882088e-05,-1.1056e-05
2.09020902090209e-05,-1.1056e-05
2.092209220922092e-05,-1.1056e-05
2.0942094209420942e-05,-1.1056e-05
2.0962096209620962e-05,-1.1056e-05
2.098209820982098e-05,-1.1056e-05
2.1002100210021e-05,-1.1056e-05
2.102210221022102e-05,-1.1056e-05
2.104210421042104e-05,-1.1056e-05
2.106210621062106e-05,-1.1056e-05
2.108210821082108e-05,-1.1056e-05
2.11021102110211e-05,-1.1056e-05
2.112211221122112e-05,-1.1056e-05
2.1142114211421142e-05,-1.1056e-05
2.1162116211621162e-05,-1.1056e-05
2.118211821182118e-05,-1.1056e-05
2.12021202120212e-05,-1.1056e-05
2.122212221222122e-05,-1.1056e-05
2.124212421242124e-05,-1.1056e-05
2.126212621262126e-05,-1.1056e-05
2.128212821282128e-05,-1.1056e-05
2.13021302130213e-05,-1.1056e-05
2.132213221322132e-05,-1.1056e-05
2.1342134213421342e-05,-1.1056e-05
2.1362136213621362e-05,-1.1056e-05
2.138213821382138e-05,-1.1056e-05
2.14021402140214e-05,-1.1056e-05
2.142214221422142e-05,-1.1056e-05
2.144214421442144e-05,-1.1056e-05
2.146214621462146e-05,-1.1056e-05
2.148214821482148e-05,-1.1056e-05
2.15021502150215e-05,-1.1056e-05
2.152215221522152e-05,-1.1056e-05
2.1542154215421542e-05,-1.1056e-05
2.1562156215621562e-05,-1.1056e-05
2.158215821582158e-05,-1.1056e-05
2.16021602160216e-05,-1.1056e-05
2.162216221622162e-05,-1.1056e-05
2.164216421642164e-05,-1.1056e-05
2.166216621662166e-05,-1.1056e-05
2.168216821682168e-05,-1.1056e-05
2.17021702170217e-05,-1.1056e-05
2.172217221722172e-05,-1.1056e-05
2.1742174217421742e-05,-1.1056e-05
2.1762176217621762e-05,-1.1056e-05
2.178217821782178e-05,-1.1056e-05
2.18021802180218e-05,-1.1056e-05
2.182218221822182e-05,-1.1056e-05
2.184218421842184e-05,-1.1056e-05
2.186218621862186e-05,-1.1056e-05
2.188218821882188e-05,-1.1056e-05
2.19021902190219e-05,-1.1056e-05
2.192219221922192e-05,-1.1056e-05
2.1942194219421942e-05,-1.1056e-05
2.1962196219621962e-05,-1.1056e-05
2.198219821982198e-05,-1.1056e-05
2.2002200220022e-05,-1.1056e-05
2.202220222022202e-05,-1.1056e-05
2.204220422042204e-05,-1.1056e-05
2.206220622062206e-05,-1.1056e-05
2.208220822082208e-05,-1.1056e-05
2.21022102210221e-05,-1.1056e-05
2.212221222122212e-05,-1.1056e-05
2.2142214221422142e-05,-1.1056e-05
2.2162216221622162e-05,-1.1056e-05
2.218221822182218e-05,-1.1056e-05
2.22022202220222e-05,-1.1056e-05
2.222222222222222e-05,-1.1056e-05
2.224222422242224e-05,-1.1056e-05
2.226222622262226e-05,-1.1056e-05
2.228222822282228e-05,-1.1056e-05
2.23022302230223e-05,-1.1056e-05
2.232223222322232e-05,-1.1056e-05
2.2342234223422342e-05,-1.1056e-05
2.2362236223622362e-05,-1.1056e-05
2.238223822382238e-05,-1.1056e-05
2.24022402240224e-05,-1.1056e-05
2.242224222422242e-05,-1.1056e-05
2.244224422442244e-05,-1.1056e-05
2.246224622462246e-05,-1.1056e-05
2.248224822482248e-05,-1.1056e-05
2.25022502250225e-05,-1.1056e-05
2.252225222522252e-05,-1.1056e-05
2.2542254225422542e-05,-1.1056e-05
2.2562256225622562e-05,-1.1056e-05
2.258225822582258e-05,-1.1056e-05
2.26022602260226e-05,-1.1056e-05
2.262226222622262e-05,-1.1056e-05
2.264226422642264e-05,-1.1056e-05
2.266226622662266e-05,-1.1056e-05
2.268226822682268e-05,-1.1056e-05
2.27022702270227e-05,-1.1056e-05
2.272227222722272e-05,-1.1056e-05
2.2742274227422742e-05,-1.1056e-05
2.2762276227622762e-05,-1.1056e-05
2.278227822782278e-05,-1.1056e-05
2.28022802280228e-05,-1.1056e-05
2.282228222822282e-05,-1.1056e-05
2.284228422842284e-05,-1.1056e-05
2.286228622862286e-05,-1.1056e-05
2.288228822882288e-05,-1.1056e-05
2.29022902290229e-05,-1.1056e-05
2.292229222922292e-05,-1.1056e-05
2.2942294229422942e-05,-1.1056e-05
2.2962296229622962e-05,-1.1056e-05
2.298229822982298e-05,-1.1056e-05
2.3002300230023e-05,-1.1056e-05
2.302230223022302e-05,-1.1056e-05
2.304230423042304e-05,-1.1056e-05
2.306230623062306e-05,-1.1056e-05
2.308230823082308e-05,-1.1056e-05
2.31023102310231e-05,-1.1056e-05
2.3122312231223122e-05,-1.1056e-05
2.3142314231423142e-05,-1.1056e-05
2.3162316231623162e-05,-1.1056e-05
2.318231823182318e-05,-1.1056e-05
2.32023202320232e-05,-1.1056e-05
2.322232223222322e-05,-1.1056e-05
2.324232423242324e-05,-1.1056e-05
2.326232623262326e-05,-1.1056e-05
2.328232823282328e-05,-1.1056e-05
2.33023302330233e-05,-1.1056e-05
2.3322332233223322e-05,-1.1056e-05
2.3342334233423342e-05,-1.1056e-05
2.3362336233623362e-05,-1.1056e-05
2.338233823382338e-05,-1.1056e-05
2.34023402340234e-05,-1.1056e-05
2.342234223422342e-05,-1.1056e-05
2.344234423442344e-05,-1.1056e-05
2.346234623462346e-05,-1.1056e-05
2.348234823482348e-05,-1.1056e-05
2.35023502350235e-05,-1.1056e-05
2.3522352235223522e-05,-1.1056e-05
2.3542354235423542e-05,-1.1056e-05
2.3562356235623562e-05,-1.1056e-05
2.358235823582358e-05,-1.1056e-05
2.36023602360236e-05,-1.1056e-05
2.362236223622362e-05,-1.1056e-05
2.364236423642364e-05,-1.1056e-05
2.366236623662366e-05,-1.1056e-05
2.368236823682368e-05,-1.1056e-05
2.37023702370237e-05,-1.1056e-05
2.3722372237223722e-05,-1.1056e-05
2.3742374237423742e-05,-1.1056e-05
2.3762376237623762e-05,-1.1056e-05
2.378237823782378e-05,-1.1056e-05
2.38023802380238e-05,-1.1056e-05
2.382238223822382e-05,-1.1056e-05
2.384238423842384e-05,-1.1056e-05
2.386238623862386e-05,-1.1056e-05
2.388238823882388e-05,-1.1056e-05
2.39023902390239e-05,-1.1056e-05
2.3922392239223922e-05,-1.1056e-05
2.3942394239423942e-05,-1.1056e-05
2.396239623962396e-05,-1.1056e-05
2.398239823982398e-05,-1.1056e-05
2.4002400240024e-05,-1.1056e-05
2.402240224022402e-05,-1.1056e-05
2.404240424042404e-05,-1.1056e-05
2.406240624062406e-05,-1.1056e-05
2.408240824082408e-05,-1.1056e-05
2.41024102410241e-05,-1.1056e-05
2.4122412241224122e-05,-1.1056e-05
2.4142414241424142e-05,-1.1056e-05
2.416241624162416e-05,-1.1056e-05
2.418241824182418e-05,-1.1056e-05
2.42024202420242e-05,-1.1056e-05
2.422242224222422e-05,-1.1056e-05
2.424242424242424e-05,-1.1056e-05
2.426242624262426e-05,-1.1056e-05
2.428242824282428e-05,-1.1056e-05
2.43024302430243e-05,-1.1056e-05
2.4322432243224322e-05,-1.1056e-05
2.4342434243424342e-05,-1.1056e-05
2.436243624362436e-05,-1.1056e-05
2.438243824382438e-05,-1.1056e-05
2.44024402440244e-05,-1.1056e-05
2.442244224422442e-05,-1.1056e-05
2.444244424442444e-05,-1.1056e-05
2.446244624462446e-05,-1.1056e-05
2.448244824482448e-05,-1.1056e-05
2.45024502450245e-05,-1.1056e-05
2.4522452245224522e-05,-1.1056e-05
2.4542454245424542e-05,-1.1056e-05
2.456245624562456e-05,-1.1056e-05
2.458245824582458e-05,-1.1056e-05
2.46024602460246e-05,-1.1056e-05
2.462246224622462e-05,-1.1056e-05
2.464246424642464e-05,-1.1056e-05
2.466246624662466e-05,-1.1056e-05
2.468246824682468e-05,-1.1056e-05
2.47024702470247e-05,-1.1056e-05
2.4722472247224722e-05,-1.1056e-05
2.4742474247424742e-05,-1.1056e-05
2.476247624762476e-05,-1.1056e-05
2.478247824782478e-05,-1.1056e-05
2.48024802480248e-05,-1.1056e-05
2.482248224822482e-05,-1.1056e-05
2.484248424842484e-05,-1.1056e-05
2.486248624862486e-05,-1.1056e-05
2.488248824882488e-05,-1.1056e-05
2.49024902490249e-05,-1.1056e-05
2.4922492249224922e-05,-1.1056e-05
2.4942494249424942e-05,-1.1056e-05
2.496249624962496e-05,-1.1056e-05
2.498249824982498e-05,-1.1056e-05
2.5002500250025e-05,-1.1056000001464422e-05
2.502250225022502e-05,-1.1056001064362146e-05
2.504250425042504e-05,-1.1056007151591033e-05
2.506250625062506e-05,-1.1056022676086963e-05
2.508250825082508e-05,-1.105605199723486e-05
2.51025102510251e-05,-1.105609942108477e-05
2.5122512251225122e-05,-1.1056169200567908e-05
2.5142514251425142e-05,-1.1056265535712725e-05
2.516251625162516e-05,-1.1056392573860972e-05
2.518251825182518e-05,-1.1056554409883762e-05
2.52025202520252e-05,-1.1056755086397629e-05
2.522252225222522e-05,-1.105699859398059e-05
2.524252425242524e-05,-1.1057288871388208e-05
2.526252625262526e-05,-1.1057629805769658e-05
2.528252825282528e-05,-1.1058025232883782e-05
2.53025302530253e-05,-1.1058478937315154e-05
2.5322532253225322e-05,-1.1058994652690145e-05
2.5342534253425342e-05,-1.1059576061892978e-05
2.536253625362536e-05,-1.1060226797281794e-05
2.538253825382538e-05,-1.1060950440904718e-05
2.54025402540254e-05,-1.106175052471591e-05
2.542254225422542e-05,-1.1062630530791643e-05
2.544254425442544e-05,-1.1063593891546346e-05
2.546254625462546e-05,-1.106464398994868e-05
2.548254825482548e-05,-1.1065784159737594e-05
2.55025502550255e-05,-1.1067017685638392e-05
2.5522552255225522e-05,-1.1068347803578787e-05
2.5542554255425542e-05,-1.1069777700904967e-05
2.556255625562556e-05,-1.107131051659766e-05
2.558255825582558e-05,-1.1072949341488193e-05
2.56025602560256e-05,-1.1074697218474552e-05
2.562256225622562e-05,-1.1076557142737444e-05
2.564256425642564e-05,-1.1078532061956367e-05
2.566256625662566e-05,-1.1080624876525661e-05
2.568256825682568e-05,-1.1082838439770576e-05
2.5702570257025702e-05,-1.1085175558163331e-05
2.5722572257225722e-05,-1.1087638991539181e-05
2.5742574257425742e-05,-1.1090231453312473e-05
2.576257625762576e-05,-1.109295561069271e-05
2.578257825782578e-05,-1.1095814084900616e-05
2.58025802580258e-05,-1.1098809451384192e-05
2.582258225822582e-05,-1.1101944240034785e-05
2.584258425842584e-05,-1.1105220935403142e-05
2.586258625862586e-05,-1.1108641976915478e-05
2.588258825882588e-05,-1.1112209759089536e-05
2.5902590259025902e-05,-1.1115926631750648e-05
2.5922592259225922e-05,-1.11197949002478e-05
2.5942594259425942e-05,-1.1123816825669693e-05
2.596259625962596e-05,-1.1127994625060794e-05
2.598259825982598e-05,-1.113233047163742e-05
2.6002600260026e-05,-1.1136826495003784e-05
2.602260226022602e-05,-1.1141484781368054e-05
2.604260426042604e-05,-1.1146307373758429e-05
2.606260626062606e-05,-1.115129627223919e-05
2.608260826082608e-05,-1.1156453434126765e-05
2.6102610261026102e-05,-1.1161780774205792e-05
2.6122612261226122e-05,-1.1167280164945183e-05
2.6142614261426142e-05,-1.1172953436714178e-05
2.616261626162616e-05,-1.1178802377998413e-05
2.618261826182618e-05,-1.1184828735615985e-05
2.62026202620262e-05,-1.1191034214933506e-05
2.622262226222622e-05,-1.1197420480082168e-05
2.624262426242624e-05,-1.120398915417381e-05
2.626262626262626e-05,-1.1210741819516972e-05
2.628262826282628e-05,-1.1217680017832962e-05
2.6302630263026302e-05,-1.1224805250471917e-05
2.6322632263226322e-05,-1.1232118978628861e-05
2.6342634263426342e-05,-1.1239622623559776e-05
2.636263626362636e-05,-1.1247317566797653e-05
2.638263826382638e-05,-1.1255205150368562e-05
2.64026402640264e-05,-1.1263286677007713e-05
2.642264226422642e-05,-1.1271563410375512e-05
2.644264426442644e-05,-1.1280036575273628e-05
2.646264626462646e-05,-1.1288707357861056e-05
2.648264826482648e-05,-1.1297576905870174e-05
2.6502650265026502e-05,-1.1306646328822812e-05
2.6522652265226522e-05,-1.1315916698246304e-05
2.6542654265426543e-05,-1.132538904788956e-05
2.656265626562656e-05,-1.1335064373939121e-05
2.658265826582658e-05,-1.1344943635235227e-05
2.66026602660266e-05,-1.1355027753487873e-05
2.662266226622662e-05,-1.1365317613492873e-05
2.664266426642664e-05,-1.1375814063347922e-05
2.666266626662666e-05,-1.138651791466866e-05
2.668266826682668e-05,-1.1397429942804733e-05
2.6702670267026702e-05,-1.1408550887055848e-05
2.6722672267226722e-05,-1.141988145088785e-05
2.6742674267426743e-05,-1.1431422302148767e-05
2.676267626762676e-05,-1.1443174073284884e-05
2.678267826782678e-05,-1.14551373615568e-05
2.68026802680268e-05,-1.1467312729255493e-05
2.682268226822682e-05,-1.1479700703918375e-05
2.684268426842684e-05,-1.1492301778545363e-05
2.686268626862686e-05,-1.1505116411814932e-05
2.688268826882688e-05,-1.1518145028300184e-05
2.6902690269026902e-05,-1.153138801868491e-05
2.6922692269226922e-05,-1.1544845739979644e-05
2.6942694269426943e-05,-1.1558518515737735e-05
2.696269626962696e-05,-1.1572406636271398e-05
2.698269826982698e-05,-1.1586510358867792e-05
2.7002700270027e-05,-1.1600829908005064e-05
2.702270227022702e-05,-1.161536547556842e-05
2.704270427042704e-05,-1.1630117221066188e-05
2.706270627062706e-05,-1.1645085271845875e-05
2.708270827082708e-05,-1.1660269723310236e-05
2.7102710271027102e-05,-1.1675670639133327e-05
2.7122712271227122e-05,-1.1691288051476577e-05
2.7142714271427143e-05,-1.1707121961204838e-05
2.716271627162716e-05,-1.1723172338102457e-05
2.718271827182718e-05,-1.1739439121089336e-05
2.72027202720272e-05,-1.1755922218436992e-05
2.722272227222722e-05,-1.1772621507984616e-05
2.724272427242724e-05,-1.178953683735514e-05
2.726272627262726e-05,-1.1806668024171295e-05
2.728272827282728e-05,-1.1824014856271682e-05
2.7302730273027302e-05,-1.1841577091926818e-05
2.7322732273227322e-05,-1.1859354460055213e-05
2.734273427342734e-05,-1.1877346660439419e-05
2.736273627362736e-05,-1.189555336394211e-05
2.738273827382738e-05,-1.1913974212722125e-05
2.74027402740274e-05,-1.193260882045054e-05
2.742274227422742e-05,-1.1951456772526722e-05
2.744274427442744e-05,-1.1970517626294403e-05
2.746274627462746e-05,-1.1989790911257734e-05
2.748274827482748e-05,-1.2009276129297346e-05
2.7502750275027502e-05,-1.2028972754886418e-05
2.7522752275227522e-05,-1.2048880235306733e-05
2.754275427542754e-05,-1.2068997990864736e-05
2.756275627562756e-05,-1.2089325415107618e-05
2.758275827582758e-05,-1.2109861875039347e-05
2.76027602760276e-05,-1.2130606711336753e-05
2.762276227622762e-05,-1.2151559238565574e-05
2.764276427642764e-05,-1.2172718745396536e-05
2.766276627662766e-05,-1.2194084494821396e-05
2.768276827682768e-05,-1.2215655724369016e-05
2.7702770277027702e-05,-1.2237431646321425e-05
2.7722772277227722e-05,-1.225941144792987e-05
2.774277427742774e-05,-1.2281594291630887e-05
2.776277627762776e-05,-1.2303979315262373e-05
2.778277827782778e-05,-1.2326565632279623e-05
2.78027802780278e-05,-1.2349352331971409e-05
2.782278227822782e-05,-1.2372338479676036e-05
2.784278427842784e-05,-1.2395523116997412e-05
2.786278627862786e-05,-1.2418905262021098e-05
2.788278827882788e-05,-1.2442483909530379e-05
2.7902790279027902e-05,-1.2466258031222324e-05
2.7922792279227922e-05,-1.2490226575923844e-05
2.794279427942794e-05,-1.2514388469807753e-05
2.796279627962796e-05,-1.2538742616608846e-05
2.798279827982798e-05,-1.256328789783994e-05
2.8002800280028e-05,-1.2588023173007941e-05
2.802280228022802e-05,-1.2612947279829917e-05
2.804280428042804e-05,-1.263805903444915e-05
2.806280628062806e-05,-1.2663357231651196e-05
2.808280828082808e-05,-1.2688840645079958e-05
2.8102810281028102e-05,-1.2714508027453736e-05
2.8122812281228122e-05,-1.2740358110781295e-05
2.814281428142814e-05,-1.2766389606577926e-05
2.816281628162816e-05,-1.2792601206081515e-05
2.818281828182818e-05,-1.2818991580468588e-05
2.82028202820282e-05,-1.2845559381070386e-05
2.822282228222822e-05,-1.2872303239588924e-05
2.824282428242824e-05,-1.2899221768313055e-05
2.826282628262826e-05,-1.2926313560334525e-05
2.8282828282828282e-05,-1.2953577189764043e-05
2.8302830283028302e-05,-1.298101121194734e-05
2.8322832283228322e-05,-1.3008614163681225e-05
2.834283428342834e-05,-1.3036384563429656e-05
2.836283628362836e-05,-1.3064320911539803e-05
2.838283828382838e-05,-1.3092421690458098e-05
2.84028402840284e-05,-1.3120685364946307e-05
2.842284228422842e-05,-1.3149110382297587e-05
2.844284428442844e-05,-1.3177695172552555e-05
2.846284628462846e-05,-1.3206438148715336e-05
2.8482848284828482e-05,-1.3235337706969642e-05
2.8502850285028502e-05,-1.3264392226894823e-05
2.8522852285228522e-05,-1.3293600071681931e-05
2.854285428542854e-05,-1.3322959588349779e-05
2.856285628562856e-05,-1.335246910796102e-05
2.858285828582858e-05,-1.338212694583818e-05
2.86028602860286e-05,-1.3411931401779742e-05
2.862286228622862e-05,-1.3441880760276202e-05
2.864286428642864e-05,-1.3471973290726128e-05
2.866286628662866e-05,-1.3502207247652225e-05
2.8682868286828682e-05,-1.3532580870917396e-05
2.8702870287028702e-05,-1.3563092385940807e-05
2.8722872287228722e-05,-1.3593740003913939e-05
2.874287428742874e-05,-1.3624521922016658e-05
2.876287628762876e-05,-1.3655436323633288e-05
2.878287828782878e-05,-1.368648137856865e-05
2.88028802880288e-05,-1.3717655243264131e-05
2.882288228822882e-05,-1.3748956061013761e-05
2.884288428842884e-05,-1.3780381962180252e-05
2.886288628862886e-05,-1.381193106441108e-05
2.8882888288828882e-05,-1.3843601472854535e-05
2.8902890289028902e-05,-1.3875391280375784e-05
2.8922892289228922e-05,-1.3907298567772943e-05
2.894289428942894e-05,-1.3939321403993114e-05
2.896289628962896e-05,-1.3971457846348493e-05
2.898289828982898e-05,-1.4003705940732375e-05
2.9002900290029e-05,-1.4036063721835262e-05
2.902290229022902e-05,-1.4068529213360893e-05
2.904290429042904e-05,-1.4101100428242331e-05
2.906290629062906e-05,-1.413377536885801e-05
2.9082908290829082e-05,-1.4166552027247798e-05
2.9102910291029102e-05,-1.4199428385329064e-05
2.9122912291229123e-05,-1.4232402415112738e-05
2.914291429142914e-05,-1.4265472078919367e-05
2.916291629162916e-05,-1.4298635329595199e-05
2.918291829182918e-05,-1.4331890110728208e-05
2.92029202920292e-05,-1.4365234356864189e-05
2.922292229222922e-05,-1.4398665993722798e-05
2.924292429242924e-05,-1.4432182938413633e-05
2.926292629262926e-05,-1.4465783099652277e-05
2.9282928292829282e-05,-1.4499464377976378e-05
2.9302930293029302e-05,-1.4533224665961693e-05
2.9322932293229323e-05,-1.4567061848438165e-05
2.934293429342934e-05,-1.4600973802705969e-05
2.936293629362936e-05,-1.4634958398751605e-05
2.938293829382938e-05,-1.4669013499463918e-05
2.94029402940294e-05,-1.4703136960850187e-05
2.942294229422942e-05,-1.4737326632252185e-05
2.944294429442944e-05,-1.4771580356562225e-05
2.946294629462946e-05,-1.4805895970439249e-05
2.9482948294829482e-05,-1.484027130452486e-05
2.9502950295029502e-05,-1.4874704183659406e-05
2.9522952295229523e-05,-1.4909192427098035e-05
2.954295429542954e-05,-1.4943733848726741e-05
2.956295629562956e-05,-1.4978326257278471e-05
2.958295829582958e-05,-1.5012967456549134e-05
2.96029602960296e-05,-1.5047655245613688e-05
2.962296229622962e-05,-1.5082387419042201e-05
2.964296429642964e-05,-1.5117161767115919e-05
2.966296629662966e-05,-1.5151976076043312e-05
2.9682968296829682e-05,-1.5186828128176148e-05
2.9702970297029702e-05,-1.5221715702225551e-05
2.9722972297229723e-05,-1.5256636573478067e-05
2.974297429742974e-05,-1.529158851401171e-05
2.976297629762976e-05,-1.5326569292912055e-05
2.978297829782978e-05,-1.536157667648827e-05
2.98029802980298e-05,-1.539660842848919e-05
2.982298229822982e-05,-1.543166231031938e-05
2.984298429842984e-05,-1.546673608125519e-05
2.986298629862986e-05,-1.5501827498660827e-05
2.9882988298829882e-05,-1.553693431820441e-05
2.9902990299029902e-05,-1.5572054294074037e-05
2.9922992299229923e-05,-1.5607185179193836e-05
2.994299429942994e-05,-1.5642324725440043e-05
2.996299629962996e-05,-1.5677470683857052e-05
2.998299829982998e-05,-1.5712620804873486e-05
3.000300030003e-05,-1.574777283851824e-05
3.002300230023002e-05,-1.5782924534636568e-05
3.004300430043004e-05,-1.581807364310613e-05
3.006300630063006e-05,-1.5853217914053053e-05
3.0083008300830082e-05,-1.588835509806801e-05
3.0103010301030102e-05,-1.592348294642225e-05
3.0123012301230123e-05,-1.59585992112837e-05
3.014301430143014e-05,-1.599370164593298e-05
3.016301630163016e-05,-1.6028788004979522e-05
3.018301830183018e-05,-1.606385604457758e-05
3.02030203020302e-05,-1.6098903522642314e-05
3.022302230223022e-05,-1.6133928199065856e-05
3.024302430243024e-05,-1.6168927835933367e-05
3.026302630263026e-05,-1.6203900197739092e-05
3.0283028302830282e-05,-1.6238843051602442e-05
3.0303030303030302e-05,-1.6273754167484015e-05
3.0323032303230323e-05,-1.6308631318401724e-05
3.034303430343034e-05,-1.6343472280646783e-05
3.036303630363036e-05,-1.637827483399984e-05
3.038303830383038e-05,-1.6413036761946972e-05
3.04030403040304e-05,-1.6447755851895803e-05
3.042304230423042e-05,-1.6482429895391538e-05
3.044304430443044e-05,-1.651705668833302e-05
3.046304630463046e-05,-1.655163403118882e-05
3.0483048304830482e-05,-1.6586159729213265e-05
3.0503050305030502e-05,-1.662063159266252e-05
3.052305230523052e-05,-1.665504743701064e-05
3.054305430543054e-05,-1.6689405083165666e-05
3.056305630563056e-05,-1.6723702357685608e-05
3.0583058305830584e-05,-1.6757937092994614e-05
3.06030603060306e-05,-1.6792107127598917e-05
3.0623062306230624e-05,-1.682621030630302e-05
3.064306430643064e-05,-1.6860244480425628e-05
3.066306630663066e-05,-1.6894207508015817e-05
3.068306830683068e-05,-1.6928097254069054e-05
3.07030703070307e-05,-1.6961911590743228e-05
3.072307230723072e-05,-1.6995648397574784e-05
3.074307430743074e-05,-1.70293055616947e-05
3.0763076307630763e-05,-1.706288097804464e-05
3.078307830783078e-05,-1.7096372549592914e-05
3.0803080308030804e-05,-1.712977818755065e-05
3.082308230823082e-05,-1.716309581158776e-05
3.084308430843084e-05,-1.719632335004906e-05
3.086308630863086e-05,-1.7229458740170325e-05
3.088308830883088e-05,-1.7262499928294314e-05
3.09030903090309e-05,-1.7295444870086874e-05
3.092309230923092e-05,-1.7328291530752983e-05
3.094309430943094e-05,-1.7361037885252822e-05
3.096309630963096e-05,-1.739368191851781e-05
3.0983098309830984e-05,-1.742622162566672e-05
3.1003100310031e-05,-1.7458655012221662e-05
3.102310231023102e-05,-1.749098009432423e-05
3.104310431043104e-05,-1.7523194898951515e-05
3.106310631063106e-05,-1.755529746413215e-05
3.108310831083108e-05,-1.7587285839162438e-05
3.11031103110311e-05,-1.7619158084822327e-05
3.112311231123112e-05,-1.7650912273591568e-05
3.114311431143114e-05,-1.768254648986568e-05
3.1163116311631163e-05,-1.7714058830172108e-05
3.118311831183118e-05,-1.7745447403386187e-05
3.1203120312031204e-05,-1.7776710330947295e-05
3.122312231223122e-05,-1.780784574707484e-05
3.124312431243124e-05,-1.783885179898437e-05
3.126312631263126e-05,-1.786972664710364e-05
3.128312831283128e-05,-1.790046846528861e-05
3.13031303130313e-05,-1.7931075441039586e-05
3.132313231323132e-05,-1.7961545775717243e-05
3.134313431343134e-05,-1.7991877684758667e-05
3.136313631363136e-05,-1.8022069397893463e-05
3.1383138313831384e-05,-1.805211915935979e-05
3.14031403140314e-05,-1.8082025228120426e-05
3.142314231423142e-05,-1.8111785878078826e-05
3.144314431443144e-05,-1.8141399398295206e-05
3.146314631463146e-05,-1.8170864093202566e-05
3.148314831483148e-05,-1.820017828282279e-05
3.15031503150315e-05,-1.822934030298268e-05
3.152315231523152e-05,-1.8258348505530058e-05
3.154315431543154e-05,-1.8287201258549752e-05
3.1563156315631564e-05,-1.831589694657975e-05
3.158315831583158e-05,-1.834443397082719e-05
3.1603160316031604e-05,-1.837281074938448e-05
3.162316231623162e-05,-1.8401025717445286e-05
3.164316431643164e-05,-1.8429077327520664e-05
3.166316631663166e-05,-1.845696404965513e-05
3.168316831683168e-05,-1.8484684371642603e-05
3.17031703170317e-05,-1.8512236799242637e-05
3.172317231723172e-05,-1.8539619856396327e-05
3.174317431743174e-05,-1.8566832085442504e-05
3.176317631763176e-05,-1.8593872047333694e-05
3.1783178317831784e-05,-1.8620738321852222e-05
3.18031803180318e-05,-1.8647429507826284e-05
3.182318231823182e-05,-1.8673944223345994e-05
3.184318431843184e-05,-1.870028110597947e-05
3.186318631863186e-05,-1.8726438812988814e-05
3.188318831883188e-05,-1.8752416021546313e-05
3.19031903190319e-05,-1.8778211428950355e-05
3.192319231923192e-05,-1.8803823752841604e-05
3.194319431943194e-05,-1.8829251731418993e-05
3.1963196319631964e-05,-1.8854494123655817e-05
3.198319831983198e-05,-1.887954970951578e-05
3.2003200320032004e-05,-1.8904417290169098e-05
3.202320232023202e-05,-1.8929095688208477e-05
3.204320432043204e-05,-1.895358374786525e-05
3.206320632063206e-05,-1.8977880335225424e-05
3.208320832083208e-05,-1.9001984338445704e-05
3.21032103210321e-05,-1.902589466796963e-05
3.212321232123212e-05,-1.9049610256743535e-05
3.214321432143214e-05,-1.9073130060432705e-05
3.216321632163216e-05,-1.909645305763737e-05
3.2183218321832184e-05,-1.9119578250108835e-05
3.22032203220322e-05,-1.9142504662965467e-05
3.222322232223222e-05,-1.9165231344908796e-05
3.224322432243224e-05,-1.9187757368439598e-05
3.226322632263226e-05,-1.92100818300739e-05
3.228322832283228e-05,-1.923220385055912e-05
3.23032303230323e-05,-1.925412257509002e-05
3.232323232323232e-05,-1.9275837173524888e-05
3.234323432343234e-05,-1.929734684060152e-05
3.2363236323632364e-05,-1.9318650796153296e-05
3.238323832383238e-05,-1.9339748285325263e-05
3.2403240324032404e-05,-1.9360638578790186e-05
3.242324232423242e-05,-1.9381320972964614e-05
3.244324432443244e-05,-1.9401794790224905e-05
3.246324632463246e-05,-1.9422059379123378e-05
3.248324832483248e-05,-1.944211411460425e-05
3.25032503250325e-05,-1.946195839821981e-05
3.252325232523252e-05,-1.9481591658346426e-05
3.254325432543254e-05,-1.950101335040062e-05
3.256325632563256e-05,-1.9520222957055097e-05
3.2583258325832584e-05,-1.9539219988454865e-05
3.26032603260326e-05,-1.9558003982433278e-05
3.262326232623262e-05,-1.9576574504728045e-05
3.264326432643264e-05,-1.9594931149197382e-05
3.266326632663266e-05,-1.9613073538036005e-05
3.268326832683268e-05,-1.9631001321991218e-05
3.27032703270327e-05,-1.9648714180578953e-05
3.272327232723272e-05,-1.9666211822299892e-05
3.274327432743274e-05,-1.968349398485543e-05
3.2763276327632764e-05,-1.970056043536384e-05
3.278327832783278e-05,-1.9717410970576283e-05
3.2803280328032804e-05,-1.9734045417092838e-05
3.282328232823282e-05,-1.975046363157866e-05
3.284328432843284e-05,-1.9766665500979926e-05
3.286328632863286e-05,-1.9782650942740006e-05
3.288328832883288e-05,-1.9798419905015407e-05
3.29032903290329e-05,-1.9813972366891993e-05
3.292329232923292e-05,-1.982930833860086e-05
3.294329432943294e-05,-1.9844427861734566e-05
3.296329632963296e-05,-1.985933100946308e-05
3.2983298329832984e-05,-1.9874017886749895e-05
3.3003300330033e-05,-1.988848863056808e-05
3.302330233023302e-05,-1.9902743410116347e-05
3.304330433043304e-05,-1.991678242703509e-05
3.306330633063306e-05,-1.993060591562246e-05
3.308330833083308e-05,-1.994421414305047e-05
3.31033103310331e-05,-1.995760740958097e-05
3.312331233123312e-05,-1.9970786048781797e-05
3.314331433143314e-05,-1.9983750427742755e-05
3.3163316331633164e-05,-1.999650094729177e-05
3.318331833183318e-05,-2.000903804221083e-05
3.3203320332033204e-05,-2.0021362181452185e-05
3.322332233223322e-05,-2.00334738683543e-05
3.324332433243324e-05,-2.0045373640857998e-05
3.326332633263326e-05,-2.0057062071722434e-05
3.328332833283328e-05,-2.0068539768741197e-05
3.33033303330333e-05,-2.007980737495845e-05
3.332333233323332e-05,-2.0090865568884883e-05
3.3343334333433343e-05,-2.0101715064713804e-05
3.336333633363336e-05,-2.0112356612537196e-05
3.3383338333833384e-05,-2.0122790998561835e-05
3.34033403340334e-05,-2.013301904532528e-05
3.342334233423342e-05,-2.014304161191199e-05
3.344334433443344e-05,-2.0152859594169336e-05
3.346334633463346e-05,-2.0162473924923693e-05
3.348334833483348e-05,-2.0171885574196525e-05
3.35033503350335e-05,-2.018109554942038e-05
3.352335233523352e-05,-2.0190104895655026e-05
3.354335433543354e-05,-2.019891469580344e-05
3.3563356335633564e-05,-2.0207526070827943e-05
3.358335833583358e-05,-2.0215940179966204e-05
3.3603360336033604e-05,-2.022415822094734e-05
3.362336233623362e-05,-2.0232181430207953e-05
3.364336433643364e-05,-2.0240011083108196e-05
3.366336633663366e-05,-2.0247648494147865e-05
3.368336833683368e-05,-2.025509501718241e-05
3.37033703370337e-05,-2.026235204563903e-05
3.372337233723372e-05,-2.026942101273274e-05
3.3743374337433743e-05,-2.0276303391682396e-05
3.376337633763376e-05,-2.0283000695926822e-05
3.3783378337833784e-05,-2.02895144793408e-05
3.38033803380338e-05,-2.0295846336451193e-05
3.382338233823382e-05,-2.030199790265292e-05
3.384338433843384e-05,-2.030797085442512e-05
3.386338633863386e-05,-2.0313766909547186e-05
3.388338833883388e-05,-2.031938782731479e-05
3.39033903390339e-05,-2.0324835408755933e-05
3.392339233923392e-05,-2.033011149684711e-05
3.394339433943394e-05,-2.0335217976729237e-05
3.3963396339633964e-05,-2.0340156775923818e-05
3.398339833983398e-05,-2.0344929864548933e-05
3.4003400340034005e-05,-2.0349539255535355e-05
3.402340234023402e-05,-2.0353987004842592e-05
3.404340434043404e-05,-2.0358275211674942e-05
3.406340634063406e-05,-2.0362406018697564e-05
3.408340834083408e-05,-2.036638161225254e-05
3.41034103410341e-05,-2.0370204222574896e-05
3.412341234123412e-05,-2.037387612400876e-05
3.4143414341434144e-05,-2.037739963522331e-05
3.416341634163416e-05,-2.0380777119428945e-05
3.4183418341834184e-05,-2.0384010984593206e-05
3.42034203420342e-05,-2.0387103683657054e-05
3.422342234223422e-05,-2.039005771475071e-05
3.424342434243424e-05,-2.0392875621409768e-05
3.426342634263426e-05,-2.039555999279144e-05
3.428342834283428e-05,-2.0398113463890353e-05
3.43034303430343e-05,-2.0400538715754814e-05
3.432343234323432e-05,-2.0402838475702696e-05
3.434343434343434e-05,-2.0405015517537713e-05
3.4363436343634364e-05,-2.0407072661765283e-05
3.438343834383438e-05,-2.040901277580869e-05
3.44034403440344e-05,-2.0410838774225158e-05
3.442344234423442e-05,-2.0412553618921824e-05
3.444344434443444e-05,-2.0414160319371932e-05
3.446344634463446e-05,-2.0415661932830753e-05
3.448344834483448e-05,-2.041706156455178e-05
3.45034503450345e-05,-2.0418362368002656e-05
3.452345234523452e-05,-2.0419567545081378e-05
3.4543454345434544e-05,-2.042068034633221e-05
3.456345634563456e-05,-2.0421704071161907e-05
3.4583458345834584e-05,-2.0422642068055592e-05
3.46034603460346e-05,-2.0423497734793022e-05
3.462346234623462e-05,-2.042427451866446e-05
3.464346434643464e-05,-2.042497591668684e-05
3.466346634663466e-05,-2.0425605475819887e-05
3.468346834683468e-05,-2.0426166793182023e-05
3.47034703470347e-05,-2.042666351626649e-05
3.472347234723472e-05,-2.0427099343157506e-05
3.474347434743474e-05,-2.0427478022746196e-05
3.4763476347634764e-05,-2.042780335494673e-05
3.478347834783478e-05,-2.0428079190912384e-05
3.48034803480348e-05,-2.042830943325154e-05
3.482348234823482e-05,-2.04284980362438e-05
3.484348434843484e-05,-2.0428649006056086e-05
3.486348634863486e-05,-2.04287664009586e-05
3.488348834883488e-05,-2.0428854331540965e-05
3.49034903490349e-05,-2.0428916960928244e-05
3.492349234923492e-05,-2.0428958504997044e-05
3.4943494349434944e-05,-2.0428983232591558e-05
3.496349634963496e-05,-2.0428995465739572e-05
3.4983498349834984e-05,-2.0428999579868586e-05
3.5003500350035e-05,-2.0429e-05
3.502350235023502e-05,-2.0429e-05
3.504350435043504e-05,-2.0429e-05
3.506350635063506e-05,-2.0429e-05
3.508350835083508e-05,-2.0429e-05
3.51035103510351e-05,-2.0429e-05
3.512351235123512e-05,-2.0429e-05
3.514351435143514e-05,-2.0429e-05
3.5163516351635164e-05,-2.0429e-05
3.518351835183518e-05,-2.0429e-05
3.52035203520352e-05,-2.0429e-05
3.522352235223522e-05,-2.0429e-05
3.524352435243524e-05,-2.0429e-05
3.526352635263526e-05,-2.0429e-05
3.528352835283528e-05,-2.0429e-05
3.53035303530353e-05,-2.0429e-05
3.532353235323532e-05,-2.0429e-05
3.5343534353435344e-05,-2.0429e-05
3.536353635363536e-05,-2.0429e-05
3.5383538353835384e-05,-2.0429e-05
3.54035403540354e-05,-2.0429e-05
3.542354235423542e-05,-2.0429e-05
3.544354435443544e-05,-2.0429e-05
3.546354635463546e-05,-2.0429e-05
3.548354835483548e-05,-2.0429e-05
3.55035503550355e-05,-2.0429e-05
3.552355235523552e-05,-2.0429e-05
3.554355435543554e-05,-2.0429e-05
3.5563556355635564e-05,-2.0429e-05
3.558355835583558e-05,-2.0429e-05
3.56035603560356e-05,-2.0429e-05
3.562356235623562e-05,-2.0429e-05
3.564356435643564e-05,-2.0429e-05
3.566356635663566e-05,-2.0429e-05
3.568356835683568e-05,-2.0429e-05
3.57035703570357e-05,-2.0429e-05
3.572357235723572e-05,-2.0429e-05
3.5743574357435744e-05,-2.0429e-05
3.576357635763576e-05,-2.0429e-05
3.5783578357835784e-05,-2.0429e-05
3.58035803580358e-05,-2.0429e-05
3.582358235823582e-05,-2.0429e-05
3.584358435843584e-05,-2.0429e-05
3.586358635863586e-05,-2.0429e-05
3.588358835883588e-05,-2.0429e-05
3.59035903590359e-05,-2.0429e-05
3.5923592359235923e-05,-2.0429e-05
3.594359435943594e-05,-2.0429e-05
3.5963596359635964e-05,-2.0429e-05
3.598359835983598e-05,-2.0429e-05
3.6003600360036e-05,-2.0429e-05
3.602360236023602e-05,-2.0429e-05
3.604360436043604e-05,-2.0429e-05
3.606360636063606e-05,-2.0429e-05
3.608360836083608e-05,-2.0429e-05
3.61036103610361e-05,-2.0429e-05
3.612361236123612e-05,-2.0429e-05
3.6143614361436144e-05,-2.0429e-05
3.616361636163616e-05,-2.0429e-05
3.6183618361836184e-05,-2.0429e-05
3.62036203620362e-05,-2.0429e-05
3.622362236223622e-05,-2.0429e-05
3.624362436243624e-05,-2.0429e-05
3.626362636263626e-05,-2.0429e-05
3.628362836283628e-05,-2.0429e-05
3.63036303630363e-05,-2.0429e-05
3.6323632363236323e-05,-2.0429e-05
3.634363436343634e-05,-2.0429e-05
3.6363636363636364e-05,-2.0429e-05
3.638363836383638e-05,-2.0429e-05
3.64036403640364e-05,-2.0429e-05
3.642364236423642e-05,-2.0429e-05
3.644364436443644e-05,-2.0429e-05
3.646364636463646e-05,-2.0429e-05
3.648364836483648e-05,-2.0429e-05
3.65036503650365e-05,-2.0429e-05
3.652365236523652e-05,-2.0429e-05
3.6543654365436544e-05,-2.0429e-05
3.656365636563656e-05,-2.0429e-05
3.6583658365836585e-05,-2.0429e-05
3.66036603660366e-05,-2.0429e-05
3.662366236623662e-05,-2.0429e-05
3.664366436643664e-05,-2.0429e-05
3.666366636663666e-05,-2.0429e-05
3.668366836683668e-05,-2.0429e-05
3.67036703670367e-05,-2.0429e-05
3.6723672367236724e-05,-2.0429e-05
3.674367436743674e-05,-2.0429e-05
3.6763676367636764e-05,-2.0429e-05
3.678367836783678e-05,-2.0429e-05
3.68036803680368e-05,-2.0429e-05
3.682368236823682e-05,-2.0429e-05
3.684368436843684e-05,-2.0429e-05
3.686368636863686e-05,-2.0429e-05
3.688368836883688e-05,-2.0429e-05
3.69036903690369e-05,-2.0429e-05
3.692369236923692e-05,-2.0429e-05
3.6943694369436944e-05,-2.0429e-05
3.696369636963696e-05,-2.0429e-05
3.6983698369836985e-05,-2.0429e-05
3.7003700370037e-05,-2.0429e-05
3.702370237023702e-05,-2.0429e-05
3.704370437043704e-05,-2.0429e-05
3.706370637063706e-05,-2.0429e-05
3.708370837083708e-05,-2.0429e-05
3.71037103710371e-05,-2.0429e-05
3.7123712371237124e-05,-2.0429e-05
3.714371437143714e-05,-2.0429e-05
3.7163716371637164e-05,-2.0429e-05
3.718371837183718e-05,-2.0429e-05
3.72037203720372e-05,-2.0429e-05
3.722372237223722e-05,-2.0429e-05
3.724372437243724e-05,-2.0429e-05
3.726372637263726e-05,-2.0429e-05
3.728372837283728e-05,-2.0429e-05
3.73037303730373e-05,-2.0429e-05
3.732373237323732e-05,-2.0429e-05
3.7343734373437344e-05,-2.0429e-05
3.736373637363736e-05,-2.0429e-05
3.7383738373837385e-05,-2.0429e-05
3.74037403740374e-05,-2.0429e-05
3.742374237423742e-05,-2.0429e-05
3.744374437443744e-05,-2.0429e-05
3.746374637463746e-05,-2.0429e-05
3.748374837483748e-05,-2.0429e-05
3.75037503750375e-05,-2.0429e-05
3.7523752375237524e-05,-2.0429e-05
3.754375437543754e-05,-2.0429e-05
3.7563756375637564e-05,-2.0429e-05
3.758375837583758e-05,-2.0429e-05
3.76037603760376e-05,-2.0429e-05
3.762376237623762e-05,-2.0429e-05
3.764376437643764e-05,-2.0429e-05
3.766376637663766e-05,-2.0429e-05
3.768376837683768e-05,-2.0429e-05
3.77037703770377e-05,-2.0429e-05
3.772377237723772e-05,-2.0429e-05
3.7743774377437744e-05,-2.0429e-05
3.776377637763776e-05,-2.0429e-05
3.778377837783778e-05,-2.0429e-05
3.78037803780378e-05,-2.0429e-05
3.782378237823782e-05,-2.0429e-05
3.784378437843784e-05,-2.0429e-05
3.786378637863786e-05,-2.0429e-05
3.788378837883788e-05,-2.0429e-05
3.79037903790379e-05,-2.0429e-05
3.7923792379237924e-05,-2.0429e-05
3.794379437943794e-05,-2.0429e-05
3.7963796379637964e-05,-2.0429e-05
3.798379837983798e-05,-2.0429e-05
3.8003800380038e-05,-2.0429e-05
3.802380238023802e-05,-2.0429e-05
3.804380438043804e-05,-2.0429e-05
3.806380638063806e-05,-2.0429e-05
3.808380838083808e-05,-2.0429e-05
3.81038103810381e-05,-2.0429e-05
3.812381238123812e-05,-2.0429e-05
3.8143814381438144e-05,-2.0429e-05
3.816381638163816e-05,-2.0429e-05
3.818381838183818e-05,-2.0429e-05
3.82038203820382e-05,-2.0429e-05
3.822382238223822e-05,-2.0429e-05
3.824382438243824e-05,-2.0429e-05
3.826382638263826e-05,-2.0429e-05
3.828382838283828e-05,-2.0429e-05
3.83038303830383e-05,-2.0429e-05
3.8323832383238324e-05,-2.0429e-05
3.834383438343834e-05,-2.0429e-05
3.8363836383638364e-05,-2.0429e-05
3.838383838383838e-05,-2.0429e-05
3.84038403840384e-05,-2.0429e-05
3.842384238423842e-05,-2.0429e-05
3.844384438443844e-05,-2.0429e-05
3.846384638463846e-05,-2.0429e-05
3.848384838483848e-05,-2.0429e-05
3.8503850385038503e-05,-2.0429e-05
3.852385238523852e-05,-2.0429e-05
3.8543854385438544e-05,-2.0429e-05
3.856385638563856e-05,-2.0429e-05
3.858385838583858e-05,-2.0429e-05
3.86038603860386e-05,-2.0429e-05
3.862386238623862e-05,-2.0429e-05
3.864386438643864e-05,-2.0429e-05
3.866386638663866e-05,-2.0429e-05
3.868386838683868e-05,-2.0429e-05
3.87038703870387e-05,-2.0429e-05
3.8723872387238724e-05,-2.0429e-05
3.874387438743874e-05,-2.0429e-05
3.8763876387638764e-05,-2.0429e-05
3.878387838783878e-05,-2.0429e-05
3.88038803880388e-05,-2.0429e-05
3.882388238823882e-05,-2.0429e-05
3.884388438843884e-05,-2.0429e-05
3.886388638863886e-05,-2.0429e-05
3.888388838883888e-05,-2.0429e-05
3.8903890389038903e-05,-2.0429e-05
3.892389238923892e-05,-2.0429e-05
3.8943894389438944e-05,-2.0429e-05
3.896389638963896e-05,-2.0429e-05
3.898389838983898e-05,-2.0429e-05
3.9003900390039e-05,-2.0429e-05
3.902390239023902e-05,-2.0429e-05
3.904390439043904e-05,-2.0429e-05
3.906390639063906e-05,-2.0429e-05
3.908390839083908e-05,-2.0429e-05
3.91039103910391e-05,-2.0429e-05
3.9123912391239124e-05,-2.0429e-05
3.914391439143914e-05,-2.0429e-05
3.9163916391639165e-05,-2.0429e-05
3.918391839183918e-05,-2.0429e-05
3.92039203920392e-05,-2.0429e-05
3.922392239223922e-05,-2.0429e-05
3.924392439243924e-05,-2.0429e-05
3.926392639263926e-05,-2.0429e-05
3.928392839283928e-05,-2.0429e-05
3.9303930393039304e-05,-2.0429e-05
3.932393239323932e-05,-2.0429e-05
3.9343934393439344e-05,-2.0429e-05
3.936393639363936e-05,-2.0429e-05
3.938393839383938e-05,-2.0429e-05
3.94039403940394e-05,-2.0429e-05
3.942394239423942e-05,-2.0429e-05
3.944394439443944e-05,-2.0429e-05
3.946394639463946e-05,-2.0429e-05
3.948394839483948e-05,-2.0429e-05
3.95039503950395e-05,-2.0429e-05
3.9523952395239524e-05,-2.0429e-05
3.954395439543954e-05,-2.0429e-05
3.9563956395639565e-05,-2.0429e-05
3.958395839583958e-05,-2.0429e-05
3.96039603960396e-05,-2.0429e-05
3.962396239623962e-05,-2.0429e-05
3.964396439643964e-05,-2.0429e-05
3.966396639663966e-05,-2.0429e-05
3.968396839683968e-05,-2.0429e-05
3.9703970397039704e-05,-2.0429e-05
3.972397239723972e-05,-2.0429e-05
3.9743974397439744e-05,-2.0429e-05
3.976397639763976e-05,-2.0429e-05
3.978397839783978e-05,-2.0429e-05
3.98039803980398e-05,-2.0429e-05
3.982398239823982e-05,-2.0429e-05
3.984398439843984e-05,-2.0429e-05
3.986398639863986e-05,-2.0429e-05
3.988398839883988e-05,-2.0429e-05
3.99039903990399e-05,-2.0429e-05
3.9923992399239924e-05,-2.0429e-05
3.994399439943994e-05,-2.0429e-05
3.9963996399639965e-05,-2.0429e-05
3.998399839983998e-05,-2.0429e-05
4.000400040004e-05,-2.0429e-05
4.002400240024002e-05,-2.0429e-05
4.004400440044004e-05,-2.0429e-05
4.006400640064006e-05,-2.0429e-05
4.008400840084008e-05,-2.0429e-05
4.0104010401040104e-05,-2.0429e-05
4.012401240124012e-05,-2.0429e-05
4.0144014401440144e-05,-2.0429e-05
4.016401640164016e-05,-2.0429e-05
4.018401840184018e-05,-2.0429e-05
4.02040204020402e-05,-2.0429e-05
4.022402240224022e-05,-2.0429e-05
4.024402440244024e-05,-2.0429e-05
4.026402640264026e-05,-2.0429e-05
4.028402840284028e-05,-2.0429e-05
4.03040304030403e-05,-2.0429e-05
4.0324032403240324e-05,-2.0429e-05
4.034403440344034e-05,-2.0429e-05
4.0364036403640365e-05,-2.0429e-05
4.038403840384038e-05,-2.0429e-05
4.04040404040404e-05,-2.0429e-05
4.042404240424042e-05,-2.0429e-05
4.044404440444044e-05,-2.0429e-05
4.046404640464046e-05,-2.0429e-05
4.048404840484048e-05,-2.0429e-05
4.0504050405040504e-05,-2.0429e-05
4.052405240524052e-05,-2.0429e-05
4.0544054405440544e-05,-2.0429e-05
4.056405640564056e-05,-2.0429e-05
4.058405840584058e-05,-2.0429e-05
4.06040604060406e-05,-2.0429e-05
4.062406240624062e-05,-2.0429e-05
4.064406440644064e-05,-2.0429e-05
4.066406640664066e-05,-2.0429e-05
4.068406840684068e-05,-2.0429e-05
4.07040704070407e-05,-2.0429e-05
4.0724072407240724e-05,-2.0429e-05
4.074407440744074e-05,-2.0429e-05
4.0764076407640765e-05,-2.0429e-05
4.078407840784078e-05,-2.0429e-05
4.08040804080408e-05,-2.0429e-05
4.082408240824082e-05,-2.0429e-05
4.084408440844084e-05,-2.0429e-05
4.086408640864086e-05,-2.0429e-05
4.088408840884088e-05,-2.0429e-05
4.0904090409040904e-05,-2.0429e-05
4.092409240924092e-05,-2.0429e-05
4.0944094409440944e-05,-2.0429e-05
4.096409640964096e-05,-2.0429e-05
4.098409840984098e-05,-2.0429e-05
4.1004100410041e-05,-2.0429e-05
4.102410241024102e-05,-2.0429e-05
4.104410441044104e-05,-2.0429e-05
4.106410641064106e-05,-2.0429e-05
4.1084108410841083e-05,-2.0429e-05
4.11041104110411e-05,-2.0429e-05
4.1124112411241124e-05,-2.0429e-05
4.114411441144114e-05,-2.0429e-05
4.116411641164116e-05,-2.0429e-05
4.118411841184118e-05,-2.0429e-05
4.12041204120412e-05,-2.0429e-05
4.122412241224122e-05,-2.0429e-05
4.124412441244124e-05,-2.0429e-05
4.126412641264126e-05,-2.0429e-05
4.128412841284128e-05,-2.0429e-05
4.1304130413041304e-05,-2.0429e-05
4.132413241324132e-05,-2.0429e-05
4.1344134413441344e-05,-2.0429e-05
4.136413641364136e-05,-2.0429e-05
4.138413841384138e-05,-2.0429e-05
4.14041404140414e-05,-2.0429e-05
4.142414241424142e-05,-2.0429e-05
4.144414441444144e-05,-2.0429e-05
4.146414641464146e-05,-2.0429e-05
4.1484148414841483e-05,-2.0429e-05
4.15041504150415e-05,-2.0429e-05
4.1524152415241524e-05,-2.0429e-05
4.154415441544154e-05,-2.0429e-05
4.156415641564156e-05,-2.0429e-05
4.158415841584158e-05,-2.0429e-05
4.16041604160416e-05,-2.0429e-05
4.162416241624162e-05,-2.0429e-05
4.164416441644164e-05,-2.0429e-05
4.166416641664166e-05,-2.0429e-05
4.168416841684168e-05,-2.0429e-05
4.1704170417041704e-05,-2.0429e-05
4.172417241724172e-05,-2.0429e-05
4.1744174417441745e-05,-2.0429e-05
4.176417641764176e-05,-2.0429e-05
4.178417841784178e-05,-2.0429e-05
4.18041804180418e-05,-2.0429e-05
4.182418241824182e-05,-2.0429e-05
4.184418441844184e-05,-2.0429e-05
4.186418641864186e-05,-2.0429e-05
4.1884188418841884e-05,-2.0429e-05
4.19041904190419e-05,-2.0429e-05
4.1924192419241924e-05,-2.0429e-05
4.194419441944194e-05,-2.0429e-05
4.196419641964196e-05,-2.0429e-05
4.198419841984198e-05,-2.0429e-05
4.2004200420042e-05,-2.0429e-05
4.202420242024202e-05,-2.0429e-05
4.204420442044204e-05,-2.0429e-05
4.206420642064206e-05,-2.0429e-05
4.208420842084208e-05,-2.0429e-05
4.2104210421042104e-05,-2.0429e-05
4.212421242124212e-05,-2.0429e-05
4.2144214421442145e-05,-2.0429e-05
4.216421642164216e-05,-2.0429e-05
4.218421842184218e-05,-2.0429e-05
4.22042204220422e-05,-2.0429e-05
4.222422242224222e-05,-2.0429e-05
4.224422442244224e-05,-2.0429e-05
4.226422642264226e-05,-2.0429e-05
4.2284228422842284e-05,-2.0429e-05
4.23042304230423e-05,-2.0429e-05
4.2324232423242324e-05,-2.0429e-05
4.234423442344234e-05,-2.0429e-05
4.236423642364236e-05,-2.0429e-05
4.238423842384238e-05,-2.0429e-05
4.24042404240424e-05,-2.0429e-05
4.242424242424242e-05,-2.0429e-05
4.244424442444244e-05,-2.0429e-05
4.246424642464246e-05,-2.0429e-05
4.248424842484248e-05,-2.0429e-05
4.2504250425042504e-05,-2.0429e-05
4.252425242524252e-05,-2.0429e-05
4.2544254425442545e-05,-2.0429e-05
4.256425642564256e-05,-2.0429e-05
4.258425842584258e-05,-2.0429e-05
4.26042604260426e-05,-2.0429e-05
4.262426242624262e-05,-2.0429e-05
4.264426442644264e-05,-2.0429e-05
4.266426642664266e-05,-2.0429e-05
4.2684268426842684e-05,-2.0429e-05
4.27042704270427e-05,-2.0429e-05
4.2724272427242724e-05,-2.0429e-05
4.274427442744274e-05,-2.0429e-05
4.276427642764276e-05,-2.0429e-05
4.278427842784278e-05,-2.0429e-05
4.28042804280428e-05,-2.0429e-05
4.282428242824282e-05,-2.0429e-05
4.284428442844284e-05,-2.0429e-05
4.286428642864286e-05,-2.0429e-05
4.288428842884288e-05,-2.0429e-05
4.2904290429042904e-05,-2.0429e-05
4.292429242924292e-05,-2.0429e-05
4.2944294429442945e-05,-2.0429e-05
4.296429642964296e-05,-2.0429e-05
4.298429842984298e-05,-2.0429e-05
4.3004300430043e-05,-2.0429e-05
4.302430243024302e-05,-2.0429e-05
4.304430443044304e-05,-2.0429e-05
4.306430643064306e-05,-2.0429e-05
4.3084308430843084e-05,-2.0429e-05
4.31043104310431e-05,-2.0429e-05
4.3124312431243124e-05,-2.0429e-05
4.314431443144314e-05,-2.0429e-05
4.316431643164316e-05,-2.0429e-05
4.318431843184318e-05,-2.0429e-05
4.32043204320432e-05,-2.0429e-05
4.322432243224322e-05,-2.0429e-05
4.324432443244324e-05,-2.0429e-05
4.326432643264326e-05,-2.0429e-05
4.328432843284328e-05,-2.0429e-05
4.3304330433043304e-05,-2.0429e-05
4.332433243324332e-05,-2.0429e-05
4.3344334433443345e-05,-2.0429e-05
4.336433643364336e-05,-2.0429e-05
4.338433843384338e-05,-2.0429e-05
4.34043404340434e-05,-2.0429e-05
4.342434243424342e-05,-2.0429e-05
4.344434443444344e-05,-2.0429e-05
4.346434643464346e-05,-2.0429e-05
4.3484348434843484e-05,-2.0429e-05
4.35043504350435e-05,-2.0429e-05
4.3524352435243524e-05,-2.0429e-05
4.354435443544354e-05,-2.0429e-05
4.356435643564356e-05,-2.0429e-05
4.358435843584358e-05,-2.0429e-05
4.36043604360436e-05,-2.0429e-05
4.362436243624362e-05,-2.0429e-05
4.364436443644364e-05,-2.0429e-05
4.3664366436643663e-05,-2.0429e-05
4.368436843684368e-05,-2.0429e-05
4.3704370437043704e-05,-2.0429e-05
4.372437243724372e-05,-2.0429e-05
4.3744374437443745e-05,-2.0429e-05
4.376437643764376e-05,-2.0429e-05
4.378437843784378e-05,-2.0429e-05
4.38043804380438e-05,-2.0429e-05
4.382438243824382e-05,-2.0429e-05
4.384438443844384e-05,-2.0429e-05
4.386438643864386e-05,-2.0429e-05
4.3884388438843884e-05,-2.0429e-05
4.39043904390439e-05,-2.0429e-05
4.3924392439243924e-05,-2.0429e-05
4.394439443944394e-05,-2.0429e-05
4.396439643964396e-05,-2.0429e-05
4.398439843984398e-05,-2.0429e-05
4.4004400440044e-05,-2.0429e-05
4.402440244024402e-05,-2.0429e-05
4.404440444044404e-05,-2.0429e-05
4.4064406440644063e-05,-2.0429e-05
4.408440844084408e-05,-2.0429e-05
4.4104410441044104e-05,-2.0429e-05
4.412441244124412e-05,-2.0429e-05
4.4144414441444145e-05,-2.0429e-05
4.416441644164416e-05,-2.0429e-05
4.418441844184418e-05,-2.0429e-05
4.42044204420442e-05,-2.0429e-05
4.422442244224422e-05,-2.0429e-05
4.424442444244424e-05,-2.0429e-05
4.426442644264426e-05,-2.0429e-05
4.4284428442844284e-05,-2.0429e-05
4.43044304430443e-05,-2.0429e-05
4.4324432443244325e-05,-2.0429e-05
4.434443444344434e-05,-2.0429e-05
4.436443644364436e-05,-2.0429e-05
4.438443844384438e-05,-2.0429e-05
4.44044404440444e-05,-2.0429e-05
4.442444244424442e-05,-2.0429e-05
4.444444444444444e-05,-2.0429e-05
4.4464446444644464e-05,-2.0429e-05
4.448444844484448e-05,-2.0429e-05
4.4504450445044504e-05,-2.0429e-05
4.452445244524452e-05,-2.0429e-05
4.454445444544454e-05,-2.0429e-05
4.456445644564456e-05,-2.0429e-05
4.458445844584458e-05,-2.0429e-05
4.46044604460446e-05,-2.0429e-05
4.462446244624462e-05,-2.0429e-05
4.464446444644464e-05,-2.0429e-05
4.466446644664466e-05,-2.0429e-05
4.4684468446844684e-05,-2.0429e-05
4.47044704470447e-05,-2.0429e-05
4.4724472447244725e-05,-2.0429e-05
4.474447444744474e-05,-2.0429e-05
4.476447644764476e-05,-2.0429e-05
4.478447844784478e-05,-2.0429e-05
4.48044804480448e-05,-2.0429e-05
4.482448244824482e-05,-2.0429e-05
4.484448444844484e-05,-2.0429e-05
4.4864486448644864e-05,-2.0429e-05
4.488448844884488e-05,-2.0429e-05
4.4904490449044904e-05,-2.0429e-05
4.492449244924492e-05,-2.0429e-05
4.494449444944494e-05,-2.0429e-05
4.496449644964496e-05,-2.0429e-05
4.498449844984498e-05,-2.0429e-05
4.5004500450045e-05,-2.0429000007896665e-05
4.502450245024502e-05,-2.0429001270574073e-05
4.504450445044504e-05,-2.0429007590591164e-05
4.506450645064506e-05,-2.0429023044469172e-05
4.5084508450845084e-05,-2.0429051659220542e-05
4.51045104510451e-05,-2.0429097412548758e-05
4.5124512451245125e-05,-2.04291642330482e-05
4.514451445144514e-05,-2.0429256000403937e-05
4.516451645164516e-05,-2.0429376545591603e-05
4.518451845184518e-05,-2.0429529651077205e-05
4.52045204520452e-05,-2.042971905101696e-05
4.522452245224522e-05,-2.0429948431457144e-05
4.524452445244524e-05,-2.0430221430533898e-05
4.5264526452645264e-05,-2.0430541638673087e-05
4.528452845284528e-05,-2.043091259879012e-05
4.5304530453045304e-05,-2.0431337806489793e-05
4.532453245324532e-05,-2.0431820710266113e-05
4.534453445344534e-05,-2.043236471170214e-05
4.536453645364536e-05,-2.0432973165669807e-05
4.538453845384538e-05,-2.0433649380529776e-05
4.54045404540454e-05,-2.0434396618331254e-05
4.542454245424542e-05,-2.0435218095011828e-05
4.544454445444544e-05,-2.0436116980597307e-05
4.546454645464546e-05,-2.0437096399401544e-05
4.5484548454845484e-05,-2.043815943022629e-05
4.55045504550455e-05,-2.0439309106561004e-05
4.5524552455245525e-05,-2.04405484167827e-05
4.554455445544554e-05,-2.044188030435577e-05
4.556455645564556e-05,-2.044330766803184e-05
4.558455845584558e-05,-2.044483336204958e-05
4.56045604560456e-05,-2.0446460196334545e-05
4.562456245624562e-05,-2.0448190936699016e-05
4.564456445644564e-05,-2.045002830504182e-05
4.5664566456645664e-05,-2.045197497954818e-05
4.568456845684568e-05,-2.045403359488954e-05
4.5704570457045704e-05,-2.0456206742423388e-05
4.572457245724572e-05,-2.045849697039311e-05
4.574457445744574e-05,-2.046090678412782e-05
4.576457645764576e-05,-2.0463438646242173e-05
4.578457845784578e-05,-2.046609497683622e-05
4.58045804580458e-05,-2.046887815369524e-05
4.582458245824582e-05,-2.047179051248956e-05
4.584458445844584e-05,-2.0474834346974405e-05
4.586458645864586e-05,-2.047801190918972e-05
4.5884588458845884e-05,-2.0481325409660012e-05
4.59045904590459e-05,-2.048477701759417e-05
4.5924592459245925e-05,-2.0488368861085323e-05
4.594459445944594e-05,-2.0492103027310644e-05
4.596459645964596e-05,-2.0495981562731207e-05
4.598459845984598e-05,-2.0500006473291812e-05
4.6004600460046e-05,-2.050417972462081e-05
4.602460246024602e-05,-2.050850324222996e-05
4.604460446044604e-05,-2.0512978911714234e-05
4.6064606460646064e-05,-2.0517608578951675e-05
4.608460846084608e-05,-2.0522394050303212e-05
4.6104610461046104e-05,-2.0527337092812507e-05
4.612461246124612e-05,-2.0532439434405784e-05
4.614461446144614e-05,-2.053770276409166e-05
4.616461646164616e-05,-2.0543128732160988e-05
4.618461846184618e-05,-2.0548718950386665e-05
4.62046204620462e-05,-2.0554474992223512e-05
4.622462246224622e-05,-2.056039839300805e-05
4.6244624462446243e-05,-2.056649065015839e-05
4.626462646264626e-05,-2.0572753223374025e-05
4.6284628462846284e-05,-2.057918753483568e-05
4.63046304630463e-05,-2.058579496940515e-05
4.6324632463246325e-05,-2.059257687482513e-05
4.634463446344634e-05,-2.0599534561919033e-05
4.636463646364636e-05,-2.0606669304790853e-05
4.638463846384638e-05,-2.061398234102498e-05
4.64046404640464e-05,-2.0621474871886023e-05
4.642464246424642e-05,-2.0629148062518682e-05
4.644464446444644e-05,-2.0637003042147533e-05
4.6464646464646464e-05,-2.0645040904276907e-05
4.648464846484648e-05,-2.0653262706890682e-05
4.6504650465046504e-05,-2.0661669472652154e-05
4.652465246524652e-05,-2.0670262189103843e-05
4.654465446544654e-05,-2.0679041808867345e-05
4.656465646564656e-05,-2.0688009249843153e-05
4.658465846584658e-05,-2.0697165395410497e-05
4.66046604660466e-05,-2.070651109462718e-05
4.662466246624662e-05,-2.0716047162429398e-05
4.6644664466446643e-05,-2.07257743798316e-05
4.666466646664666e-05,-2.0735693494126288e-05
4.6684668466846684e-05,-2.0745805219083883e-05
4.67046704670467e-05,-2.075611023515253e-05
4.6724672467246725e-05,-2.076660918965796e-05
4.674467446744674e-05,-2.0777302697003298e-05
4.676467646764676e-05,-2.0788191338868904e-05
4.678467846784678e-05,-2.079927566441223e-05
4.68046804680468e-05,-2.0810556190467613e-05
4.682468246824682e-05,-2.0822033401746143e-05
4.684468446844684e-05,-2.0833707751035474e-05
4.6864686468646864e-05,-2.0845579659399674e-05
4.688468846884688e-05,-2.0857649516379043e-05
4.6904690469046905e-05,-2.0869917680189972e-05
4.692469246924692e-05,-2.0882384477924742e-05
4.694469446944694e-05,-2.0895050205751383e-05
4.696469646964696e-05,-2.0907915129113504e-05
4.698469846984698e-05,-2.0920979482930113e-05
4.7004700470047e-05,-2.0934243471795476e-05
4.702470247024702e-05,-2.0947707270178914e-05
4.7044704470447044e-05,-2.0961371022624683e-05
4.706470647064706e-05,-2.0975234843951755e-05
4.7084708470847084e-05,-2.0989298819453704e-05
4.71047104710471e-05,-2.1003563005098497e-05
4.7124712471247125e-05,-2.1018027427728363e-05
4.714471447144714e-05,-2.1032692085259586e-05
4.716471647164716e-05,-2.104755694688238e-05
4.718471847184718e-05,-2.106262195326071e-05
4.72047204720472e-05,-2.107788701673209e-05
4.722472247224722e-05,-2.1093352021507484e-05
4.724472447244724e-05,-2.110901682387107e-05
4.7264726472647264e-05,-2.1124881252380134e-05
4.728472847284728e-05,-2.1140945108064852e-05
4.7304730473047305e-05,-2.1157208164628168e-05
4.732473247324732e-05,-2.1173670168645586e-05
4.734473447344734e-05,-2.119033083976504e-05
4.736473647364736e-05,-2.1207189870906716e-05
4.738473847384738e-05,-2.1224246928462865e-05
4.74047404740474e-05,-2.1241501652497668e-05
4.742474247424742e-05,-2.1258953656947044e-05
4.7444744474447444e-05,-2.127660252981851e-05
4.746474647464746e-05,-2.129444783339098e-05
4.7484748474847484e-05,-2.1312489104414642e-05
4.75047504750475e-05,-2.1330725854310746e-05
4.7524752475247525e-05,-2.1349157569371476e-05
4.754475447544754e-05,-2.1367783710959753e-05
4.756475647564756e-05,-2.1386603715709092e-05
4.758475847584758e-05,-2.1405616995723436e-05
4.76047604760476e-05,-2.142482293877695e-05
4.762476247624762e-05,-2.1444220908513928e-05
4.764476447644764e-05,-2.1463810244648533e-05
4.7664766476647664e-05,-2.1483590263164732e-05
4.768476847684768e-05,-2.1503560256516033e-05
4.7704770477047705e-05,-2.152371949382541e-05
4.772477247724772e-05,-2.1544067221085044e-05
4.774477447744774e-05,-2.156460266135624e-05
4.776477647764776e-05,-2.158532501496922e-05
4.778477847784778e-05,-2.1606233459722934e-05
4.78047804780478e-05,-2.162732715108496e-05
4.782478247824782e-05,-2.164860522239126e-05
4.7844784478447844e-05,-2.1670066785046088e-05
4.786478647864786e-05,-2.1691710928721755e-05
4.7884788478847884e-05,-2.1713536721558528e-05
4.79047904790479e-05,-2.1735543210364396e-05
4.792479247924792e-05,-2.1757729420814966e-05
4.794479447944794e-05,-2.1780094357653267e-05
4.796479647964796e-05,-2.1802637004889564e-05
4.798479847984798e-05,-2.182535632600125e-05
4.8004800480048e-05,-2.18482512641326e-05
4.802480248024802e-05,-2.187132074229469e-05
4.804480448044804e-05,-2.1894563663565154e-05
4.8064806480648064e-05,-2.1917978911288083e-05
4.808480848084808e-05,-2.1941565349273796e-05
4.8104810481048105e-05,-2.196532182199874e-05
4.812481248124812e-05,-2.1989247154805257e-05
4.814481448144814e-05,-2.201334015410147e-05
4.816481648164816e-05,-2.2037599607561105e-05
4.818481848184818e-05,-2.206202428432328e-05
4.82048204820482e-05,-2.208661293519242e-05
4.822482248224822e-05,-2.2111364292838007e-05
4.8244824482448244e-05,-2.213627707199448e-05
4.826482648264826e-05,-2.216134996966102e-05
4.8284828482848284e-05,-2.2186581665301425e-05
4.83048304830483e-05,-2.22119708210439e-05
4.832483248324832e-05,-2.2237516081880936e-05
4.834483448344834e-05,-2.2263216075869118e-05
4.836483648364836e-05,-2.228906941432894e-05
4.838483848384838e-05,-2.2315074692044693e-05
4.84048404840484e-05,-2.234123048746424e-05
4.842484248424842e-05,-2.2367535362898898e-05
4.844484448444844e-05,-2.2393987864723224e-05
4.8464846484648464e-05,-2.242058652357491e-05
4.848484848484848e-05,-2.2447329854554536e-05
4.8504850485048505e-05,-2.24742163574255e-05
4.852485248524852e-05,-2.250124451681375e-05
4.854485448544854e-05,-2.2528412802407703e-05
4.856485648564856e-05,-2.255571966915804e-05
4.858485848584858e-05,-2.2583163557477526e-05
4.86048604860486e-05,-2.261074289344088e-05
4.862486248624862e-05,-2.263845608898457e-05
4.8644864486448644e-05,-2.2666301542106693e-05
4.866486648664866e-05,-2.269427763706675e-05
4.8684868486848684e-05,-2.2722382744585548e-05
4.87048704870487e-05,-2.2750615222044954e-05
4.872487248724872e-05,-2.277897341368781e-05
4.874487448744874e-05,-2.2807455650817726e-05
4.876487648764876e-05,-2.2836060251998885e-05
4.878487848784878e-05,-2.2864785523255946e-05
4.88048804880488e-05,-2.28936297582738e-05
4.8824882488248823e-05,-2.2922591238597494e-05
4.884488448844884e-05,-2.2951668233831954e-05
4.8864886488648864e-05,-2.298085900184194e-05
4.888488848884888e-05,-2.301016178895176e-05
4.8904890489048905e-05,-2.303957483014522e-05
4.892489248924892e-05,-2.306909634926534e-05
4.894489448944894e-05,-2.309872455921429e-05
4.896489648964896e-05,-2.3128457662153186e-05
4.898489848984898e-05,-2.315829384970187e-05
4.9004900490049e-05,-2.3188231303138846e-05
4.902490249024902e-05,-2.321826819360102e-05
4.9044904490449044e-05,-2.3248402682283607e-05
4.906490649064906e-05,-2.32786329206399e-05
4.9084908490849084e-05,-2.3308957050581164e-05
4.91049104910491e-05,-2.3339373204676406e-05
4.912491249124912e-05,-2.3369879506352278e-05
4.914491449144914e-05,-2.340047407009287e-05
4.916491649164916e-05,-2.3431155001639517e-05
4.918491849184918e-05,-2.3461920398190715e-05
4.92049204920492e-05,-2.349276834860185e-05
4.9224922492249223e-05,-2.3523696933585144e-05
4.924492449244924e-05,-2.3554704225909377e-05
4.9264926492649264e-05,-2.358578829059982e-05
4.928492849284928e-05,-2.361694718513799e-05
4.9304930493049305e-05,-2.3648178959661544e-05
4.932493249324932e-05,-2.3679481657164055e-05
4.934493449344934e-05,-2.37108533136949e-05
4.936493649364936e-05,-2.3742291958559082e-05
4.938493849384938e-05,-2.3773795614517008e-05
4.94049404940494e-05,-2.3805362297984412e-05
4.942494249424942e-05,-2.3836990019232105e-05
4.9444944494449444e-05,-2.3868676782585885e-05
4.946494649464946e-05,-2.390042058662629e-05
4.9484948494849485e-05,-2.3932219424388517e-05
4.95049504950495e-05,-2.3964071283562176e-05
4.952495249524952e-05,-2.399597414669118e-05
4.954495449544954e-05,-2.402792599137357e-05
4.956495649564956e-05,-2.40599247904613e-05
4.958495849584958e-05,-2.409196851226015e-05
4.96049604960496e-05,-2.4124055120729488e-05
4.9624962496249624e-05,-2.4156182575682156e-05
4.964496449644964e-05,-2.418834883298425e-05
4.9664966496649664e-05,-2.4220551844755027e-05
4.968496849684968e-05,-2.4252789559566657e-05
4.9704970497049705e-05,-2.4285059922644133e-05
4.972497249724972e-05,-2.4317360876065028e-05
4.974497449744974e-05,-2.4349690358959398e-05
4.976497649764976e-05,-2.438204630770959e-05
4.978497849784978e-05,-2.4414426656150033e-05
4.98049804980498e-05,-2.4446829335767168e-05
4.982498249824982e-05,-2.447925227589916e-05
4.9844984498449844e-05,-2.4511693403935862e-05
4.986498649864986e-05,-2.4544150645518525e-05
4.9884988498849885e-05,-2.4576621924739725e-05
4.99049904990499e-05,-2.4609105164343143e-05
4.992499249924992e-05,-2.4641598285923424e-05
4.994499449944994e-05,-2.4674099210126017e-05
4.996499649964996e-05,-2.4706605856846958e-05
4.998499849984998e-05,-2.4739116145432778e-05
5.000500050005e-05,-2.4771627994880267e-05
5.0025002500250024e-05,-2.480413932403638e-05
5.004500450045004e-05,-2.483664805179798e-05
5.0065006500650064e-05,-2.4869152097311774e-05
5.008500850085008e-05,-2.4901649380174045e-05
5.0105010501050105e-05,-2.4934137820630585e-05
5.012501250125012e-05,-2.4966615339776425e-05
5.014501450145014e-05,-2.499907985975577e-05
5.016501650165016e-05,-2.5031529303961776e-05
5.018501850185018e-05,-2.5063961597236357e-05
5.02050205020502e-05,-2.5096374666070112e-05
5.022502250225022e-05,-2.512876643880204e-05
5.0245024502450244e-05,-2.5161134845819496e-05
5.026502650265026e-05,-2.5193477819757903e-05
5.0285028502850285e-05,-2.5225793295700705e-05
5.03050305030503e-05,-2.525807921137909e-05
5.032503250325032e-05,-2.529033350737191e-05
5.034503450345034e-05,-2.5322554127305482e-05
5.036503650365036e-05,-2.5354739018053385e-05
5.038503850385038e-05,-2.538688612993637e-05
5.04050405040504e-05,-2.541899341692211e-05
5.0425042504250424e-05,-2.5451058836825132e-05
5.044504450445044e-05,-2.5483080351506535e-05
5.0465046504650464e-05,-2.551505592707392e-05
5.048504850485048e-05,-2.5546983534081173e-05
5.0505050505050505e-05,-2.5578861147728326e-05
5.052505250525052e-05,-2.5610686748061356e-05
5.054505450545054e-05,-2.5642458320172046e-05
5.056505650565056e-05,-2.5674173854397846e-05
5.058505850585058e-05,-2.5705831346521614e-05
5.06050605060506e-05,-2.5737428797971564e-05
5.062506250625062e-05,-2.5768964216021e-05
5.0645064506450644e-05,-2.580043561398823e-05
5.066506650665066e-05,-2.583184101143633e-05
5.0685068506850685e-05,-2.586317843437306e-05
5.07050705070507e-05,-2.5894445915450584e-05
5.072507250725072e-05,-2.592564149416542e-05
5.074507450745074e-05,-2.595676321705822e-05
5.076507650765076e-05,-2.5987809137913566e-05
5.078507850785078e-05,-2.6018777317959888e-05
5.08050805080508e-05,-2.604966582606922e-05
5.0825082508250824e-05,-2.6080472738957095e-05
5.084508450845084e-05,-2.6111196141382332e-05
5.0865086508650864e-05,-2.6141834126346898e-05
5.088508850885088e-05,-2.6172384795295717e-05
5.0905090509050905e-05,-2.620284625831655e-05
5.092509250925092e-05,-2.623321663433975e-05
5.094509450945094e-05,-2.6263494051338193e-05
5.096509650965096e-05,-2.6293676646527038e-05
5.098509850985098e-05,-2.6323762566563563e-05
5.1005100510051e-05,-2.6353749967747067e-05
5.102510251025102e-05,-2.6383637016218618e-05
5.1045104510451044e-05,-2.6413421888160948e-05
5.106510651065106e-05,-2.6443102769998235e-05
5.1085108510851085e-05,-2.6472677858596013e-05
5.11051105110511e-05,-2.6502145361460903e-05
5.112511251125112e-05,-2.6531503496940545e-05
5.114511451145114e-05,-2.6560750494423382e-05
5.116511651165116e-05,-2.6589884594538467e-05
5.118511851185118e-05,-2.661890404935538e-05
5.12051205120512e-05,-2.6647807122583955e-05
5.1225122512251224e-05,-2.6676592089774233e-05
5.124512451245124e-05,-2.6705257238516176e-05
5.1265126512651264e-05,-2.6733800868639597e-05
5.128512851285128e-05,-2.6762221292413927e-05
5.13051305130513e-05,-2.679051683474809e-05
5.132513251325132e-05,-2.6818685833390337e-05
5.134513451345134e-05,-2.6846726639128022e-05
5.136513651365136e-05,-2.687463761598753e-05
5.138513851385138e-05,-2.690241714143402e-05
5.1405140514051403e-05,-2.6930063606571315e-05
5.142514251425142e-05,-2.6957575416341717e-05
5.1445144514451444e-05,-2.6984950989725852e-05
5.146514651465146e-05,-2.701218875994246e-05
5.1485148514851485e-05,-2.7039287174648316e-05
5.15051505150515e-05,-2.706624469613795e-05
5.152515251525152e-05,-2.709305980154359e-05
5.154515451545154e-05,-2.7119730983034935e-05
5.156515651565156e-05,-2.7146256748018978e-05
5.158515851585158e-05,-2.7172635619339887e-05
5.16051605160516e-05,-2.719886613547881e-05
5.1625162516251624e-05,-2.7224946850753695e-05
5.164516451645164e-05,-2.7250876335519154e-05
5.1665166516651664e-05,-2.72766531763663e-05
5.168516851685168e-05,-2.7302275976322518e-05
5.17051705170517e-05,-2.7327743355051383e-05
5.172517251725172e-05,-2.7353053949052474e-05
5.174517451745174e-05,-2.7378206411861122e-05
5.176517651765176e-05,-2.740319941424838e-05
5.178517851785178e-05,-2.742803164442074e-05
5.1805180518051803e-05,-2.7452701808220046e-05
5.182518251825182e-05,-2.7477208629323264e-05
5.1845184518451844e-05,-2.7501550849442384e-05
5.186518651865186e-05,-2.7525727228524184e-05
5.1885188518851885e-05,-2.7549736544950122e-05
5.19051905190519e-05,-2.757357759573613e-05
5.192519251925192e-05,-2.759724919673247e-05
5.194519451945194e-05,-2.7620750182823552e-05
5.196519651965196e-05,-2.764407940812778e-05
5.198519851985198e-05,-2.766723574619739e-05
5.2005200520052e-05,-2.7690218090218235e-05
5.2025202520252024e-05,-2.7713025353209736e-05
5.204520452045204e-05,-2.7735656468224552e-05
5.2065206520652065e-05,-2.775811038854856e-05
5.208520852085208e-05,-2.7780386087900598e-05
5.21052105210521e-05,-2.7802482560632332e-05
5.212521252125212e-05,-2.782439882192812e-05
5.214521452145214e-05,-2.7846133908004752e-05
5.216521652165216e-05,-2.7867686876311403e-05
5.218521852185218e-05,-2.788905680572936e-05
5.2205220522052204e-05,-2.7910242796771948e-05
5.222522252225222e-05,-2.7931243971784277e-05
5.2245224522452244e-05,-2.7952059475143153e-05
5.226522652265226e-05,-2.797268847345685e-05
5.2285228522852285e-05,-2.7993130155764985e-05
5.23052305230523e-05,-2.8013383733738325e-05
5.232523252325232e-05,-2.8033448441878647e-05
5.234523452345234e-05,-2.8053323537718552e-05
5.236523652365236e-05,-2.8073008302021295e-05
5.238523852385238e-05,-2.809250203898064e-05
5.24052405240524e-05,-2.8111804076420663e-05
5.2425242524252424e-05,-2.813091376599562e-05
5.244524452445244e-05,-2.8149830483389765e-05
5.2465246524652465e-05,-2.8168553628517174e-05
5.248524852485248e-05,-2.818708262572158e-05
5.25052505250525e-05,-2.820541692397623e-05
5.252525252525252e-05,-2.822355599708371e-05
5.254525452545254e-05,-2.824149934387574e-05
5.256525652565256e-05,-2.8259246488413083e-05
5.258525852585258e-05,-2.8276796980185275e-05
5.2605260526052604e-05,-2.829415039431059e-05
5.262526252625262e-05,-2.8311306331735742e-05
5.2645264526452644e-05,-2.8328264419435817e-05
5.266526652665266e-05,-2.834502431061403e-05
5.2685268526852685e-05,-2.836158568490165e-05
5.27052705270527e-05,-2.8377948248557742e-05
5.272527252725272e-05,-2.8394111734669026e-05
5.274527452745274e-05,-2.8410075903349785e-05
5.276527652765276e-05,-2.842584054194157e-05
5.278527852785278e-05,-2.8441405465213157e-05
5.28052805280528e-05,-2.8456770515560284e-05
5.2825282528252824e-05,-2.8471935563205542e-05
5.284528452845284e-05,-2.8486900506398187e-05
5.2865286528652865e-05,-2.8501665271614006e-05
5.288528852885288e-05,-2.851622981375508e-05
5.29052905290529e-05,-2.8530594116349677e-05
5.292529252925292e-05,-2.8544758191752094e-05
5.294529452945294e-05,-2.8558722081342446e-05
5.296529652965296e-05,-2.857248585572651e-05
5.298529852985298e-05,-2.8586049614935594e-05
5.3005300530053004e-05,-2.8599413488626343e-05
5.302530253025302e-05,-2.8612577636280526e-05
5.3045304530453044e-05,-2.862554224740501e-05
5.306530653065306e-05,-2.8638307541731393e-05
5.3085308530853085e-05,-2.865087376941607e-05
5.31053105310531e-05,-2.8663241211239828e-05
5.312531253125312e-05,-2.8675410178807866e-05
5.314531453145314e-05,-2.8687381014749544e-05
5.316531653165316e-05,-2.869915409291822e-05
5.318531853185318e-05,-2.87107298185911e-05
5.32053205320532e-05,-2.8722108628669066e-05
5.3225322532253224e-05,-2.873329099187652e-05
5.324532453245324e-05,-2.8744277408961174e-05
5.3265326532653265e-05,-2.8755068412893973e-05
5.328532853285328e-05,-2.8765664569068816e-05
5.33053305330533e-05,-2.8776066475502488e-05
5.332533253325332e-05,-2.8786274763034436e-05
5.334533453345334e-05,-2.8796290095526607e-05
5.336533653365336e-05,-2.8806113170063288e-05
5.338533853385338e-05,-2.881574471715099e-05
5.3405340534053404e-05,-2.8825185500918224e-05
5.342534253425342e-05,-2.8834436319315288e-05
5.3445344534453444e-05,-2.884349800431424e-05
5.346534653465346e-05,-2.8852371422108596e-05
5.3485348534853485e-05,-2.8861057473313245e-05
5.35053505350535e-05,-2.8869557093164247e-05
5.352535253525352e-05,-2.8877871251718694e-05
5.354535453545354e-05,-2.8886000954054504e-05
5.356535653565356e-05,-2.8893947240470282e-05
5.358535853585358e-05,-2.8901711186685172e-05
5.36053605360536e-05,-2.8909293904038616e-05
5.3625362536253624e-05,-2.891669653969031e-05
5.364536453645364e-05,-2.8923920276819905e-05
5.3665366536653665e-05,-2.8930966334826925e-05
5.368536853685368e-05,-2.893783596953059e-05
5.37053705370537e-05,-2.894453047336961e-05
5.372537253725372e-05,-2.895105117560208e-05
5.374537453745374e-05,-2.8957399442505244e-05
5.376537653765376e-05,-2.896357667757541e-05
5.378537853785378e-05,-2.8969584321727675e-05
5.3805380538053804e-05,-2.89754238534959e-05
5.382538253825382e-05,-2.8981096789232376e-05
5.3845384538453844e-05,-2.8986604683307847e-05
5.386538653865386e-05,-2.899194912831113e-05
5.3885388538853885e-05,-2.8997131755249167e-05
5.39053905390539e-05,-2.900215423374672e-05
5.392539253925392e-05,-2.90070182722462e-05
5.394539453945394e-05,-2.90117256182076e-05
5.396539653965396e-05,-2.9016278058308195e-05
5.3985398539853983e-05,-2.902067741864253e-05
5.4005400540054e-05,-2.9024925564922118e-05
5.4025402540254024e-05,-2.9029024402675338e-05
5.404540454045404e-05,-2.9032975877447295e-05
5.4065406540654065e-05,-2.903678197499954e-05
5.408540854085408e-05,-2.9040444721510065e-05
5.41054105410541e-05,-2.9043966183773002e-05
5.412541254125412e-05,-2.904734846939856e-05
5.414541454145414e-05,-2.905059372701271e-05
5.416541654165416e-05,-2.905370414645718e-05
5.418541854185418e-05,-2.9056681958989253e-05
5.4205420542054204e-05,-2.905952943748152e-05
5.422542254225422e-05,-2.9062248896621745e-05
5.4245424542454244e-05,-2.9064842693112805e-05
5.426542654265426e-05,-2.906731322587236e-05
5.4285428542854285e-05,-2.906966293623276e-05
5.43054305430543e-05,-2.907189430814095e-05
5.432543254325432e-05,-2.907400986835818e-05
5.434543454345434e-05,-2.907601218665992e-05
5.436543654365436e-05,-2.9077903876035653e-05
5.4385438543854383e-05,-2.9079687592888707e-05
5.44054405440544e-05,-2.9081366037236167e-05
5.4425442544254424e-05,-2.9082941952908587e-05
5.444544454445444e-05,-2.9084418127749927e-05
5.4465446544654465e-05,-2.908579739381728e-05
5.448544854485448e-05,-2.9087082627580838e-05
5.45054505450545e-05,-2.9088276750123642e-05
5.452545254525452e-05,-2.90893827273414e-05
5.454545454545454e-05,-2.909040357014238e-05
5.456545654565456e-05,-2.9091342334647205e-05
5.458545854585458e-05,-2.9092202122388673e-05
5.4605460546054604e-05,-2.909298608051167e-05
5.462546254625462e-05,-2.909369740197291e-05
5.4645464546454645e-05,-2.9094339325740798e-05
5.466546654665466e-05,-2.909491513699528e-05
5.468546854685468e-05,-2.909542816732769e-05
5.47054705470547e-05,-2.9095881794940558e-05
5.472547254725472e-05,-2.9096279444847427e-05
5.474547454745474e-05,-2.9096624589072703e-05
5.476547654765476e-05,-2.9096920746851552e-05
5.4785478547854784e-05,-2.9097171484829557e-05
5.48054805480548e-05,-2.9097380417262818e-05
5.4825482548254824e-05,-2.909755120621752e-05
5.484548454845484e-05,-2.9097687561769946e-05
5.4865486548654865e-05,-2.9097793242206224e-05
5.488548854885488e-05,-2.909787205422221e-05
5.49054905490549e-05,-2.9097927853123272e-05
5.492549254925492e-05,-2.90979645430241e-05
5.494549454945494e-05,-2.909798607704874e-05
5.496549654965496e-05,-2.9097996457530112e-05
5.498549854985498e-05,-2.9097999736210113e-05
5.5005500550055004e-05,-2.9098e-05
5.502550255025502e-05,-2.9098e-05
5.5045504550455045e-05,-2.9098e-05
5.506550655065506e-05,-2.9098e-05
5.508550855085508e-05,-2.9098e-05
5.51055105510551e-05,-2.9098e-05
5.512551255125512e-05,-2.9098e-05
5.514551455145514e-05,-2.9098e-05
5.516551655165516e-05,-2.9098e-05
5.5185518551855184e-05,-2.9098e-05
5.52055205520552e-05,-2.9098e-05
5.5225522552255224e-05,-2.9098e-05
5.524552455245524e-05,-2.9098e-05
5.5265526552655265e-05,-2.9098e-05
5.528552855285528e-05,-2.9098e-05
5.53055305530553e-05,-2.9098e-05
5.532553255325532e-05,-2.9098e-05
5.534553455345534e-05,-2.9098e-05
5.536553655365536e-05,-2.9098e-05
5.538553855385538e-05,-2.9098e-05
5.5405540554055404e-05,-2.9098e-05
5.542554255425542e-05,-2.9098e-05
5.5445544554455445e-05,-2.9098e-05
5.546554655465546e-05,-2.9098e-05
5.548554855485548e-05,-2.9098e-05
5.55055505550555e-05,-2.9098e-05
5.552555255525552e-05,-2.9098e-05
5.554555455545554e-05,-2.9098e-05
5.556555655565556e-05,-2.9098e-05
5.5585558555855584e-05,-2.9098e-05
5.56055605560556e-05,-2.9098e-05
5.5625562556255624e-05,-2.9098e-05
5.564556455645564e-05,-2.9098e-05
5.5665566556655665e-05,-2.9098e-05
5.568556855685568e-05,-2.9098e-05
5.57055705570557e-05,-2.9098e-05
5.572557255725572e-05,-2.9098e-05
5.574557455745574e-05,-2.9098e-05
5.576557655765576e-05,-2.9098e-05
5.578557855785578e-05,-2.9098e-05
5.5805580558055804e-05,-2.9098e-05
5.582558255825582e-05,-2.9098e-05
5.5845584558455845e-05,-2.9098e-05
5.586558655865586e-05,-2.9098e-05
5.588558855885588e-05,-2.9098e-05
5.59055905590559e-05,-2.9098e-05
5.592559255925592e-05,-2.9098e-05
5.594559455945594e-05,-2.9098e-05
5.596559655965596e-05,-2.9098e-05
5.5985598559855984e-05,-2.9098e-05
5.6005600560056e-05,-2.9098e-05
5.6025602560256024e-05,-2.9098e-05
5.604560456045604e-05,-2.9098e-05
5.6065606560656065e-05,-2.9098e-05
5.608560856085608e-05,-2.9098e-05
5.61056105610561e-05,-2.9098e-05
5.612561256125612e-05,-2.9098e-05
5.614561456145614e-05,-2.9098e-05
5.616561656165616e-05,-2.9098e-05
5.618561856185618e-05,-2.9098e-05
5.6205620562056204e-05,-2.9098e-05
5.622562256225622e-05,-2.9098e-05
5.6245624562456245e-05,-2.9098e-05
5.626562656265626e-05,-2.9098e-05
5.628562856285628e-05,-2.9098e-05
5.63056305630563e-05,-2.9098e-05
5.632563256325632e-05,-2.9098e-05
5.634563456345634e-05,-2.9098e-05
5.636563656365636e-05,-2.9098e-05
5.6385638563856384e-05,-2.9098e-05
5.64056405640564e-05,-2.9098e-05
5.6425642564256424e-05,-2.9098e-05
5.644564456445644e-05,-2.9098e-05
5.6465646564656465e-05,-2.9098e-05
5.648564856485648e-05,-2.9098e-05
5.65056505650565e-05,-2.9098e-05
5.652565256525652e-05,-2.9098e-05
5.654565456545654e-05,-2.9098e-05
5.6565656565656563e-05,-2.9098e-05
5.658565856585658e-05,-2.9098e-05
5.6605660566056604e-05,-2.9098e-05
5.662566256625662e-05,-2.9098e-05
5.6645664566456645e-05,-2.9098e-05
5.666566656665666e-05,-2.9098e-05
5.668566856685668e-05,-2.9098e-05
5.67056705670567e-05,-2.9098e-05
5.672567256725672e-05,-2.9098e-05
5.674567456745674e-05,-2.9098e-05
5.676567656765676e-05,-2.9098e-05
5.6785678567856784e-05,-2.9098e-05
5.68056805680568e-05,-2.9098e-05
5.6825682568256824e-05,-2.9098e-05
5.684568456845684e-05,-2.9098e-05
5.6865686568656865e-05,-2.9098e-05
5.688568856885688e-05,-2.9098e-05
5.69056905690569e-05,-2.9098e-05
5.692569256925692e-05,-2.9098e-05
5.694569456945694e-05,-2.9098e-05
5.6965696569656963e-05,-2.9098e-05
5.698569856985698e-05,-2.9098e-05
5.7005700570057004e-05,-2.9098e-05
5.702570257025702e-05,-2.9098e-05
5.7045704570457045e-05,-2.9098e-05
5.706570657065706e-05,-2.9098e-05
5.708570857085708e-05,-2.9098e-05
5.71057105710571e-05,-2.9098e-05
5.712571257125712e-05,-2.9098e-05
5.714571457145714e-05,-2.9098e-05
5.716571657165716e-05,-2.9098e-05
5.7185718571857184e-05,-2.9098e-05
5.72057205720572e-05,-2.9098e-05
5.7225722572257225e-05,-2.9098e-05
5.724572457245724e-05,-2.9098e-05
5.7265726572657265e-05,-2.9098e-05
5.728572857285728e-05,-2.9098e-05
5.73057305730573e-05,-2.9098e-05
5.732573257325732e-05,-2.9098e-05
5.734573457345734e-05,-2.9098e-05
5.7365736573657364e-05,-2.9098e-05
5.738573857385738e-05,-2.9098e-05
5.7405740574057404e-05,-2.9098e-05
5.742574257425742e-05,-2.9098e-05
5.7445744574457445e-05,-2.9098e-05
5.746574657465746e-05,-2.9098e-05
5.748574857485748e-05,-2.9098e-05
5.75057505750575e-05,-2.9098e-05
5.752575257525752e-05,-2.9098e-05
5.754575457545754e-05,-2.9098e-05
5.756575657565756e-05,-2.9098e-05
5.7585758575857584e-05,-2.9098e-05
5.76057605760576e-05,-2.9098e-05
5.7625762576257625e-05,-2.9098e-05
5.764576457645764e-05,-2.9098e-05
5.7665766576657665e-05,-2.9098e-05
5.768576857685768e-05,-2.9098e-05
5.77057705770577e-05,-2.9098e-05
5.772577257725772e-05,-2.9098e-05
5.774577457745774e-05,-2.9098e-05
5.7765776577657764e-05,-2.9098e-05
5.778577857785778e-05,-2.9098e-05
5.7805780578057804e-05,-2.9098e-05
5.782578257825782e-05,-2.9098e-05
5.7845784578457845e-05,-2.9098e-05
5.786578657865786e-05,-2.9098e-05
5.788578857885788e-05,-2.9098e-05
5.79057905790579e-05,-2.9098e-05
5.792579257925792e-05,-2.9098e-05
5.794579457945794e-05,-2.9098e-05
5.796579657965796e-05,-2.9098e-05
5.7985798579857984e-05,-2.9098e-05
5.8005800580058e-05,-2.9098e-05
5.8025802580258025e-05,-2.9098e-05
5.804580458045804e-05,-2.9098e-05
5.806580658065806e-05,-2.9098e-05
5.808580858085808e-05,-2.9098e-05
5.81058105810581e-05,-2.9098e-05
5.812581258125812e-05,-2.9098e-05
5.814581458145814e-05,-2.9098e-05
5.8165816581658164e-05,-2.9098e-05
5.818581858185818e-05,-2.9098e-05
5.8205820582058204e-05,-2.9098e-05
5.822582258225822e-05,-2.9098e-05
5.8245824582458245e-05,-2.9098e-05
5.826582658265826e-05,-2.9098e-05
5.828582858285828e-05,-2.9098e-05
5.83058305830583e-05,-2.9098e-05
5.832583258325832e-05,-2.9098e-05
5.834583458345834e-05,-2.9098e-05
5.836583658365836e-05,-2.9098e-05
5.8385838583858384e-05,-2.9098e-05
5.84058405840584e-05,-2.9098e-05
5.8425842584258425e-05,-2.9098e-05
5.844584458445844e-05,-2.9098e-05
5.846584658465846e-05,-2.9098e-05
5.848584858485848e-05,-2.9098e-05
5.85058505850585e-05,-2.9098e-05
5.852585258525852e-05,-2.9098e-05
5.854585458545854e-05,-2.9098e-05
5.8565856585658564e-05,-2.9098e-05
5.858585858585858e-05,-2.9098e-05
5.8605860586058604e-05,-2.9098e-05
5.862586258625862e-05,-2.9098e-05
5.8645864586458645e-05,-2.9098e-05
5.866586658665866e-05,-2.9098e-05
5.868586858685868e-05,-2.9098e-05
5.87058705870587e-05,-2.9098e-05
5.872587258725872e-05,-2.9098e-05
5.8745874587458743e-05,-2.9098e-05
5.876587658765876e-05,-2.9098e-05
5.8785878587858784e-05,-2.9098e-05
5.88058805880588e-05,-2.9098e-05
5.8825882588258825e-05,-2.9098e-05
5.884588458845884e-05,-2.9098e-05
5.886588658865886e-05,-2.9098e-05
5.888588858885888e-05,-2.9098e-05
5.89058905890589e-05,-2.9098e-05
5.892589258925892e-05,-2.9098e-05
5.894589458945894e-05,-2.9098e-05
5.8965896589658964e-05,-2.9098e-05
5.898589858985898e-05,-2.9098e-05
5.9005900590059004e-05,-2.9098e-05
5.902590259025902e-05,-2.9098e-05
5.9045904590459045e-05,-2.9098e-05
5.906590659065906e-05,-2.9098e-05
5.908590859085908e-05,-2.9098e-05
5.91059105910591e-05,-2.9098e-05
5.912591259125912e-05,-2.9098e-05
5.9145914591459143e-05,-2.9098e-05
5.916591659165916e-05,-2.9098e-05
5.9185918591859184e-05,-2.9098e-05
5.92059205920592e-05,-2.9098e-05
5.9225922592259225e-05,-2.9098e-05
5.924592459245924e-05,-2.9098e-05
5.926592659265926e-05,-2.9098e-05
5.928592859285928e-05,-2.9098e-05
5.93059305930593e-05,-2.9098e-05
5.932593259325932e-05,-2.9098e-05
5.934593459345934e-05,-2.9098e-05
5.9365936593659364e-05,-2.9098e-05
5.938593859385938e-05,-2.9098e-05
5.9405940594059404e-05,-2.9098e-05
5.942594259425942e-05,-2.9098e-05
5.9445944594459445e-05,-2.9098e-05
5.946594659465946e-05,-2.9098e-05
5.948594859485948e-05,-2.9098e-05
5.95059505950595e-05,-2.9098e-05
5.952595259525952e-05,-2.9098e-05
5.9545954595459543e-05,-2.9098e-05
5.956595659565956e-05,-2.9098e-05
5.9585958595859584e-05,-2.9098e-05
5.96059605960596e-05,-2.9098e-05
5.9625962596259625e-05,-2.9098e-05
5.964596459645964e-05,-2.9098e-05
5.966596659665966e-05,-2.9098e-05
5.968596859685968e-05,-2.9098e-05
5.97059705970597e-05,-2.9098e-05
5.972597259725972e-05,-2.9098e-05
5.974597459745974e-05,-2.9098e-05
5.9765976597659764e-05,-2.9098e-05
5.978597859785978e-05,-2.9098e-05
5.9805980598059805e-05,-2.9098e-05
5.982598259825982e-05,-2.9098e-05
5.9845984598459845e-05,-2.9098e-05
5.986598659865986e-05,-2.9098e-05
5.988598859885988e-05,-2.9098e-05
5.99059905990599e-05,-2.9098e-05
5.992599259925992e-05,-2.9098e-05
5.9945994599459944e-05,-2.9098e-05
5.996599659965996e-05,-2.9098e-05
5.9985998599859984e-05,-2.9098e-05
6.000600060006e-05,-2.9098e-05
6.0026002600260025e-05,-2.9098e-05
6.004600460046004e-05,-2.9098e-05
6.006600660066006e-05,-2.9098e-05
6.008600860086008e-05,-2.9098e-05
6.01060106010601e-05,-2.9098e-05
6.012601260126012e-05,-2.9098e-05
6.014601460146014e-05,-2.9098e-05
6.0166016601660164e-05,-2.9098e-05
6.018601860186018e-05,-2.9098e-05
6.0206020602060205e-05,-2.9098e-05
6.022602260226022e-05,-2.9098e-05
6.0246024602460245e-05,-2.9098e-05
6.026602660266026e-05,-2.9098e-05
6.028602860286028e-05,-2.9098e-05
6.03060306030603e-05,-2.9098e-05
6.032603260326032e-05,-2.9098e-05
6.0346034603460344e-05,-2.9098e-05
6.036603660366036e-05,-2.9098e-05
6.0386038603860384e-05,-2.9098e-05
6.04060406040604e-05,-2.9098e-05
6.0426042604260425e-05,-2.9098e-05
6.044604460446044e-05,-2.9098e-05
6.046604660466046e-05,-2.9098e-05
6.048604860486048e-05,-2.9098e-05
6.05060506050605e-05,-2.9098e-05
6.052605260526052e-05,-2.9098e-05
6.054605460546054e-05,-2.9098e-05
6.0566056605660564e-05,-2.9098e-05
6.058605860586058e-05,-2.9098e-05
6.0606060606060605e-05,-2.9098e-05
6.062606260626062e-05,-2.9098e-05
6.0646064606460645e-05,-2.9098e-05
6.066606660666066e-05,-2.9098e-05
6.068606860686068e-05,-2.9098e-05
6.07060706070607e-05,-2.9098e-05
6.072607260726072e-05,-2.9098e-05
6.0746074607460744e-05,-2.9098e-05
6.076607660766076e-05,-2.9098e-05
6.0786078607860784e-05,-2.9098e-05
6.08060806080608e-05,-2.9098e-05
6.0826082608260825e-05,-2.9098e-05
6.084608460846084e-05,-2.9098e-05
6.086608660866086e-05,-2.9098e-05
6.088608860886088e-05,-2.9098e-05
6.09060906090609e-05,-2.9098e-05
6.092609260926092e-05,-2.9098e-05
6.094609460946094e-05,-2.9098e-05
6.0966096609660964e-05,-2.9098e-05
6.098609860986098e-05,-2.9098e-05
6.1006100610061005e-05,-2.9098e-05
6.102610261026102e-05,-2.9098e-05
6.104610461046104e-05,-2.9098e-05
6.106610661066106e-05,-2.9098e-05
6.108610861086109e-05,-2.9098e-05
6.11061106110611e-05,-2.9098e-05
6.112611261126112e-05,-2.9098e-05
6.114611461146114e-05,-2.9098e-05
6.116611661166117e-05,-2.9098e-05
6.118611861186118e-05,-2.9098e-05
6.12061206120612e-05,-2.9098e-05
6.122612261226122e-05,-2.9098e-05
6.124612461246125e-05,-2.9098e-05
6.126612661266127e-05,-2.9098e-05
6.128612861286128e-05,-2.9098e-05
6.13061306130613e-05,-2.9098e-05
6.132613261326132e-05,-2.9098e-05
6.134613461346135e-05,-2.9098e-05
6.136613661366136e-05,-2.9098e-05
6.138613861386138e-05,-2.9098e-05
6.14061406140614e-05,-2.9098e-05
6.142614261426143e-05,-2.9098e-05
6.144614461446145e-05,-2.9098e-05
6.146614661466146e-05,-2.9098e-05
6.148614861486148e-05,-2.9098e-05
6.15061506150615e-05,-2.9098e-05
6.152615261526153e-05,-2.9098e-05
6.154615461546154e-05,-2.9098e-05
6.156615661566156e-05,-2.9098e-05
6.158615861586158e-05,-2.9098e-05
6.160616061606161e-05,-2.9098e-05
6.162616261626163e-05,-2.9098e-05
6.164616461646164e-05,-2.9098e-05
6.166616661666166e-05,-2.9098e-05
6.168616861686168e-05,-2.9098e-05
6.17061706170617e-05,-2.9098e-05
6.172617261726172e-05,-2.9098e-05
6.174617461746174e-05,-2.9098e-05
6.176617661766176e-05,-2.9098e-05
6.178617861786179e-05,-2.9098e-05
6.18061806180618e-05,-2.9098e-05
6.182618261826182e-05,-2.9098e-05
6.184618461846184e-05,-2.9098e-05
6.186618661866186e-05,-2.9098e-05
6.188618861886189e-05,-2.9098e-05
6.19061906190619e-05,-2.9098e-05
6.192619261926192e-05,-2.9098e-05
6.194619461946194e-05,-2.9098e-05
6.196619661966197e-05,-2.9098e-05
6.198619861986198e-05,-2.9098e-05
6.2006200620062e-05,-2.9098e-05
6.202620262026202e-05,-2.9098e-05
6.204620462046204e-05,-2.9098e-05
6.206620662066207e-05,-2.9098e-05
6.208620862086208e-05,-2.9098e-05
6.21062106210621e-05,-2.9098e-05
6.212621262126212e-05,-2.9098e-05
6.214621462146215e-05,-2.9098e-05
6.216621662166216e-05,-2.9098e-05
6.218621862186218e-05,-2.9098e-05
6.22062206220622e-05,-2.9098e-05
6.222622262226223e-05,-2.9098e-05
6.224622462246225e-05,-2.9098e-05
6.226622662266226e-05,-2.9098e-05
6.228622862286228e-05,-2.9098e-05
6.23062306230623e-05,-2.9098e-05
6.232623262326233e-05,-2.9098e-05
6.234623462346234e-05,-2.9098e-05
6.236623662366236e-05,-2.9098e-05
6.238623862386238e-05,-2.9098e-05
6.240624062406241e-05,-2.9098e-05
6.242624262426243e-05,-2.9098e-05
6.244624462446244e-05,-2.9098e-05
6.246624662466246e-05,-2.9098e-05
6.248624862486248e-05,-2.9098e-05
6.25062506250625e-05,-2.9098e-05
6.252625262526252e-05,-2.9098e-05
6.254625462546254e-05,-2.9098e-05
6.256625662566256e-05,-2.9098e-05
6.258625862586259e-05,-2.9098e-05
6.26062606260626e-05,-2.9098e-05
6.262626262626262e-05,-2.9098e-05
6.264626462646264e-05,-2.9098e-05
6.266626662666266e-05,-2.9098e-05
6.268626862686269e-05,-2.9098e-05
6.27062706270627e-05,-2.9098e-05
6.272627262726272e-05,-2.9098e-05
6.274627462746274e-05,-2.9098e-05
6.276627662766277e-05,-2.9098e-05
6.278627862786278e-05,-2.9098e-05
6.28062806280628e-05,-2.9098e-05
6.282628262826282e-05,-2.9098e-05
6.284628462846284e-05,-2.9098e-05
6.286628662866287e-05,-2.9098e-05
6.288628862886288e-05,-2.9098e-05
6.29062906290629e-05,-2.9098e-05
6.292629262926292e-05,-2.9098e-05
6.294629462946295e-05,-2.9098e-05
6.296629662966296e-05,-2.9098e-05
6.298629862986298e-05,-2.9098e-05
6.3006300630063e-05,-2.9098e-05
6.302630263026303e-05,-2.9098e-05
6.304630463046305e-05,-2.9098e-05
6.306630663066306e-05,-2.9098e-05
6.308630863086308e-05,-2.9098e-05
6.31063106310631e-05,-2.9098e-05
6.312631263126313e-05,-2.9098e-05
6.314631463146314e-05,-2.9098e-05
6.316631663166316e-05,-2.9098e-05
6.318631863186318e-05,-2.9098e-05
6.320632063206321e-05,-2.9098e-05
6.322632263226323e-05,-2.9098e-05
6.324632463246324e-05,-2.9098e-05
6.326632663266326e-05,-2.9098e-05
6.328632863286328e-05,-2.9098e-05
6.33063306330633e-05,-2.9098e-05
6.332633263326332e-05,-2.9098e-05
6.334633463346334e-05,-2.9098e-05
6.336633663366336e-05,-2.9098e-05
6.338633863386339e-05,-2.9098e-05
6.34063406340634e-05,-2.9098e-05
6.342634263426342e-05,-2.9098e-05
6.344634463446344e-05,-2.9098e-05
6.346634663466346e-05,-2.9098e-05
6.348634863486349e-05,-2.9098e-05
6.35063506350635e-05,-2.9098e-05
6.352635263526352e-05,-2.9098e-05
6.354635463546354e-05,-2.9098e-05
6.356635663566357e-05,-2.9098e-05
6.358635863586358e-05,-2.9098e-05
6.36063606360636e-05,-2.9098e-05
6.362636263626362e-05,-2.9098e-05
6.364636463646364e-05,-2.9098e-05
6.366636663666367e-05,-2.9098e-05
6.368636863686368e-05,-2.9098e-05
6.37063706370637e-05,-2.9098e-05
6.372637263726372e-05,-2.9098e-05
6.374637463746375e-05,-2.9098e-05
6.376637663766376e-05,-2.9098e-05
6.378637863786378e-05,-2.9098e-05
6.38063806380638e-05,-2.9098e-05
6.382638263826383e-05,-2.9098e-05
6.384638463846385e-05,-2.9098e-05
6.386638663866386e-05,-2.9098e-05
6.388638863886388e-05,-2.9098e-05
6.39063906390639e-05,-2.9098e-05
6.392639263926393e-05,-2.9098e-05
6.394639463946394e-05,-2.9098e-05
6.396639663966396e-05,-2.9098e-05
6.398639863986398e-05,-2.9098e-05
6.400640064006401e-05,-2.9098e-05
6.402640264026403e-05,-2.9098e-05
6.404640464046404e-05,-2.9098e-05
6.406640664066406e-05,-2.9098e-05
6.408640864086408e-05,-2.9098e-05
6.410641064106411e-05,-2.9098e-05
6.412641264126412e-05,-2.9098e-05
6.414641464146414e-05,-2.9098e-05
6.416641664166416e-05,-2.9098e-05
6.418641864186419e-05,-2.9098e-05
6.42064206420642e-05,-2.9098e-05
6.422642264226422e-05,-2.9098e-05
6.424642464246424e-05,-2.9098e-05
6.426642664266426e-05,-2.9098e-05
6.428642864286429e-05,-2.9098e-05
6.43064306430643e-05,-2.9098e-05
6.432643264326432e-05,-2.9098e-05
6.434643464346434e-05,-2.9098e-05
6.436643664366437e-05,-2.9098e-05
6.438643864386438e-05,-2.9098e-05
6.44064406440644e-05,-2.9098e-05
6.442644264426442e-05,-2.9098e-05
6.444644464446444e-05,-2.9098e-05
6.446644664466447e-05,-2.9098e-05
6.448644864486448e-05,-2.9098e-05
6.45064506450645e-05,-2.9098e-05
6.452645264526452e-05,-2.9098e-05
6.454645464546455e-05,-2.9098e-05
6.456645664566456e-05,-2.9098e-05
6.458645864586458e-05,-2.9098e-05
6.46064606460646e-05,-2.9098e-05
6.462646264626463e-05,-2.9098e-05
6.464646464646465e-05,-2.9098e-05
6.466646664666466e-05,-2.9098e-05
6.468646864686468e-05,-2.9098e-05
6.47064706470647e-05,-2.9098e-05
6.472647264726473e-05,-2.9098e-05
6.474647464746474e-05,-2.9098e-05
6.476647664766476e-05,-2.9098e-05
6.478647864786478e-05,-2.9098e-05
6.480648064806481e-05,-2.9098e-05
6.482648264826483e-05,-2.9098e-05
6.484648464846484e-05,-2.9098e-05
6.486648664866486e-05,-2.9098e-05
6.488648864886488e-05,-2.9098e-05
6.490649064906491e-05,-2.9098e-05
6.492649264926492e-05,-2.9098e-05
6.494649464946494e-05,-2.9098e-05
6.496649664966496e-05,-2.9098e-05
6.498649864986499e-05,-2.9098e-05
6.5006500650065e-05,-2.9098000023011762e-05
6.502650265026502e-05,-2.9098001554686716e-05
6.504650465046504e-05,-2.9098008374478514e-05
6.506650665066506e-05,-2.90980244205625e-05
6.508650865086509e-05,-2.9098053583246484e-05
6.51065106510651e-05,-2.9098099705164028e-05
6.512651265126512e-05,-2.9098166581467734e-05
6.514651465146514e-05,-2.909825796002254e-05
6.516651665166517e-05,-2.9098377541599002e-05
6.518651865186518e-05,-2.909852898006657e-05
6.52065206520652e-05,-2.9098715882586892e-05
6.522652265226522e-05,-2.9098941809807095e-05
6.524652465246524e-05,-2.9099210276053064e-05
6.526652665266527e-05,-2.9099524749522742e-05
6.528652865286528e-05,-2.9099888652479406e-05
6.53065306530653e-05,-2.9100305361444964e-05
6.532653265326532e-05,-2.910077820739323e-05
6.534653465346535e-05,-2.910131047594322e-05
6.536653665366536e-05,-2.9101905407552444e-05
6.538653865386538e-05,-2.9102566197710174e-05
6.54065406540654e-05,-2.9103295997130753e-05
6.542654265426542e-05,-2.9104097911946865e-05
6.544654465446545e-05,-2.9104975003902835e-05
6.546654665466546e-05,-2.91059302905479e-05
6.548654865486548e-05,-2.9106966745429517e-05
6.55065506550655e-05,-2.9108087298286635e-05
6.552655265526553e-05,-2.9109294835242983e-05
6.554655465546554e-05,-2.9110592199000366e-05
6.556655665566556e-05,-2.9111982189031935e-05
6.558655865586558e-05,-2.91134675617755e-05
6.560656065606561e-05,-2.9115051030826793e-05
6.562656265626563e-05,-2.9116735267132763e-05
6.564656465646564e-05,-2.9118522899184867e-05
6.566656665666566e-05,-2.9120416513212357e-05
6.568656865686568e-05,-2.9122418653375557e-05
6.570657065706571e-05,-2.912453182195917e-05
6.572657265726572e-05,-2.912675847956553e-05
6.574657465746574e-05,-2.9129101045307936e-05
6.576657665766576e-05,-2.9131561897003897e-05
6.578657865786579e-05,-2.913414337136845e-05
6.58065806580658e-05,-2.9136847764207417e-05
6.582658265826582e-05,-2.913967733061072e-05
6.584658465846584e-05,-2.9142634285145653e-05
6.586658665866586e-05,-2.9145720802050178e-05
6.588658865886589e-05,-2.9148939015426196e-05
6.59065906590659e-05,-2.915229101943285e-05
6.592659265926592e-05,-2.915577886847981e-05
6.594659465946594e-05,-2.915940457742055e-05
6.596659665966597e-05,-2.9163170121745645e-05
6.598659865986599e-05,-2.916707743777605e-05
6.6006600660066e-05,-2.9171128422856404e-05
6.602660266026602e-05,-2.9175324935548287e-05
6.604660466046604e-05,-2.9179668795823538e-05
6.606660666066607e-05,-2.9184161785257527e-05
6.608660866086608e-05,-2.9188805647222437e-05
6.61066106610661e-05,-2.919360208708056e-05
6.612661266126612e-05,-2.9198552772377588e-05
6.614661466146615e-05,-2.920365933303589e-05
6.616661666166616e-05,-2.9208923361547794e-05
6.618661866186618e-05,-2.9214346413168897e-05
6.62066206620662e-05,-2.921993000611133e-05
6.622662266226622e-05,-2.9225675621737056e-05
6.624662466246625e-05,-2.923158470475115e-05
6.626662666266626e-05,-2.9237658663395094e-05
6.628662866286628e-05,-2.9243898869640054e-05
6.63066306630663e-05,-2.925030665938018e-05
6.632663266326633e-05,-2.9256883332625886e-05
6.634663466346634e-05,-2.9263630153697128e-05
6.636663666366636e-05,-2.9270548351416706e-05
6.638663866386638e-05,-2.927763911930355e-05
6.640664066406641e-05,-2.9284903615765996e-05
6.642664266426643e-05,-2.9292342964295076e-05
6.644664466446644e-05,-2.929995825365781e-05
6.646664666466646e-05,-2.93077505380905e-05
6.648664866486648e-05,-2.9315720837492e-05
6.650665066506651e-05,-2.932387013761702e-05
6.652665266526652e-05,-2.9332199390269377e-05
6.654665466546654e-05,-2.9340709513495343e-05
6.656665666566656e-05,-2.9349401391776885e-05
6.658665866586659e-05,-2.9358275876224963e-05
6.66066606660666e-05,-2.9367333784772817e-05
6.662666266626662e-05,-2.9376575902369258e-05
6.664666466646664e-05,-2.9386002981171963e-05
6.666666666666666e-05,-2.939561574074074e-05
6.668666866686669e-05,-2.940541486823084e-05
6.67066706670667e-05,-2.9415401018586216e-05
6.672667266726672e-05,-2.942557481473283e-05
6.674667466746674e-05,-2.9435936847771945e-05
6.676667666766677e-05,-2.9446487677173403e-05
6.678667866786679e-05,-2.945722783096889e-05
6.68066806680668e-05,-2.9468157805945265e-05
6.682668266826682e-05,-2.9479278067837822e-05
6.684668466846684e-05,-2.9490589051523576e-05
6.686668666866687e-05,-2.9502091161214577e-05
6.688668866886688e-05,-2.9513784770651133e-05
6.69066906690669e-05,-2.952567022329518e-05
6.692669266926692e-05,-2.953774783252351e-05
6.694669466946695e-05,-2.955001788182109e-05
6.696669666966696e-05,-2.956248062497431e-05
6.698669866986698e-05,-2.9575136286264325e-05
6.7006700670067e-05,-2.958798506066029e-05
6.702670267026702e-05,-2.960102711401269e-05
6.704670467046705e-05,-2.9614262583246594e-05
6.706670667066706e-05,-2.962769157655495e-05
6.708670867086708e-05,-2.964131417359189e-05
6.71067106710671e-05,-2.9655130425665998e-05
6.712671267126713e-05,-2.9669140355933612e-05
6.714671467146714e-05,-2.9683343959592074e-05
6.716671667166716e-05,-2.9697741204073074e-05
6.718671867186718e-05,-2.9712332029235895e-05
6.720672067206721e-05,-2.9727116347560735e-05
6.722672267226723e-05,-2.9742094044341922e-05
6.724672467246724e-05,-2.9757264977881298e-05
6.726672667266726e-05,-2.9772628979681444e-05
6.728672867286728e-05,-2.978818585463898e-05
6.730673067306731e-05,-2.9803935381237868e-05
6.732673267326732e-05,-2.9819877311742646e-05
6.734673467346734e-05,-2.9836011372391798e-05
6.736673667366736e-05,-2.9852337263590975e-05
6.738673867386739e-05,-2.9868854660106324e-05
6.74067406740674e-05,-2.9885563211257718e-05
6.742674267426742e-05,-2.990246254111211e-05
6.744674467446744e-05,-2.991955224867679e-05
6.746674667466746e-05,-2.9936831908092658e-05
6.748674867486749e-05,-2.9954301068827554e-05
6.75067506750675e-05,-2.9971959255869465e-05
6.752675267526752e-05,-2.9989805969919904e-05
6.754675467546754e-05,-3.000784068758715e-05
6.756675667566757e-05,-3.0026062861579552e-05
6.758675867586759e-05,-3.0044471920898765e-05
6.76067606760676e-05,-3.006306727103311e-05
6.762676267626762e-05,-3.008184829415083e-05
6.764676467646764e-05,-3.010081434929336e-05
6.766676667666767e-05,-3.011996477256866e-05
6.768676867686768e-05,-3.0139298877344417e-05
6.77067706770677e-05,-3.0158815954441432e-05
6.772677267726772e-05,-3.017851527232685e-05
6.774677467746775e-05,-3.0198396077307465e-05
6.776677667766776e-05,-3.021845759372297e-05
6.778677867786778e-05,-3.023869902413931e-05
6.78067806780678e-05,-3.0259119549541923e-05
6.782678267826782e-05,-3.0279718329529034e-05
6.784678467846785e-05,-3.030049450250496e-05
6.786678667866786e-05,-3.032144718587335e-05
6.788678867886788e-05,-3.0342575476230527e-05
6.79067906790679e-05,-3.0363878449558758e-05
6.792679267926793e-05,-3.0385355161419546e-05
6.794679467946794e-05,-3.0407004647146856e-05
6.796679667966796e-05,-3.0428825922040504e-05
6.798679867986798e-05,-3.0450817981559374e-05
6.800680068006801e-05,-3.0472979801514745e-05
6.802680268026803e-05,-3.0495310338263502e-05
6.804680468046804e-05,-3.051780852890153e-05
6.806680668066806e-05,-3.0540473291456945e-05
6.808680868086808e-05,-3.0563303525083355e-05
6.810681068106811e-05,-3.058629811025322e-05
6.812681268126812e-05,-3.060945590895104e-05
6.814681468146814e-05,-3.063277576486674e-05
6.816681668166816e-05,-3.065625650358892e-05
6.818681868186819e-05,-3.067989693279811e-05
6.82068206820682e-05,-3.070369584246009e-05
6.822682268226822e-05,-3.072765200501919e-05
6.824682468246824e-05,-3.075176417559153e-05
6.826682668266826e-05,-3.077603109215836e-05
6.828682868286829e-05,-3.0800451475759335e-05
6.83068306830683e-05,-3.082502403068573e-05
6.832683268326832e-05,-3.084974744467384e-05
6.834683468346834e-05,-3.08746203890982e-05
6.836683668366837e-05,-3.0899641519164895e-05
6.838683868386839e-05,-3.0924809474104795e-05
6.84068406840684e-05,-3.095012287736693e-05
6.842684268426842e-05,-3.097558033681172e-05
6.844684468446844e-05,-3.100118044490426e-05
6.846684668466847e-05,-3.102692177890766e-05
6.848684868486848e-05,-3.105280290107623e-05
6.85068506850685e-05,-3.107882235884887e-05
6.852685268526852e-05,-3.11049786850423e-05
6.854685468546855e-05,-3.113127039804441e-05
6.856685668566857e-05,-3.1157696002007425e-05
6.858685868586858e-05,-3.118425398704132e-05
6.86068606860686e-05,-3.121094282940703e-05
6.862686268626862e-05,-3.123776099170979e-05
6.864686468646865e-05,-3.126470692309239e-05
6.866686668666866e-05,-3.129177905942841e-05
6.868686868686868e-05,-3.131897582351562e-05
6.87068706870687e-05,-3.1346295625269206e-05
6.872687268726873e-05,-3.1373736861915065e-05
6.874687468746874e-05,-3.140129791818303e-05
6.876687668766876e-05,-3.142897716650029e-05
6.878687868786878e-05,-3.145677296718455e-05
6.88068806880688e-05,-3.1484683668637394e-05
6.882688268826883e-05,-3.151270760753757e-05
6.884688468846884e-05,-3.154084310903419e-05
6.886688668866886e-05,-3.156908848694014e-05
6.888688868886888e-05,-3.159744204392529e-05
6.890689068906891e-05,-3.1625902071709806e-05
6.892689268926892e-05,-3.16544668512574e-05
6.894689468946894e-05,-3.168313465296868e-05
6.896689668966896e-05,-3.171190373687441e-05
6.898689868986899e-05,-3.174077235282879e-05
6.9006900690069e-05,-3.1769738740702705e-05
6.902690269026902e-05,-3.17988011305771e-05
6.904690469046904e-05,-3.182795774293619e-05
6.906690669066906e-05,-3.185720678886081e-05
6.908690869086909e-05,-3.1886546470221646e-05
6.91069106910691e-05,-3.1915974979872514e-05
6.912691269126912e-05,-3.194549050184373e-05
6.914691469146914e-05,-3.197509121153532e-05
6.916691669166917e-05,-3.2004775275910344e-05
6.918691869186919e-05,-3.2034540853688135e-05
6.92069206920692e-05,-3.206438609553766e-05
6.922692269226922e-05,-3.209430914427075e-05
6.924692469246924e-05,-3.2124308135035424e-05
6.926692669266927e-05,-3.215438119550915e-05
6.928692869286928e-05,-3.2184526446092105e-05
6.93069306930693e-05,-3.2214742000100536e-05
6.932693269326932e-05,-3.224502596396e-05
6.934693469346935e-05,-3.227537643739868e-05
6.936693669366937e-05,-3.230579151364058e-05
6.938693869386938e-05,-3.2336269279598955e-05
6.94069406940694e-05,-3.236680781606949e-05
6.942694269426942e-05,-3.2397405197923644e-05
6.944694469446945e-05,-3.242805949430191e-05
6.946694669466946e-05,-3.245876876880707e-05
6.948694869486948e-05,-3.248953107969757e-05
6.95069506950695e-05,-3.252034448008074e-05
6.952695269526953e-05,-3.2551207018106115e-05
6.954695469546954e-05,-3.2582116737158644e-05
6.956695669566956e-05,-3.2613071676052105e-05
6.958695869586958e-05,-3.264406986922229e-05
6.96069606960696e-05,-3.267510934692034e-05
6.962696269626963e-05,-3.2706188135406046e-05
6.964696469646964e-05,-3.273730425714102e-05
6.966696669666966e-05,-3.276845573098217e-05
6.968696869686968e-05,-3.279964057237483e-05
6.970697069706971e-05,-3.2830856793546155e-05
6.972697269726972e-05,-3.286210240369828e-05
6.974697469746974e-05,-3.289337540920174e-05
6.976697669766976e-05,-3.292467381378871e-05
6.978697869786979e-05,-3.2955995618746286e-05
6.98069806980698e-05,-3.298733882310971e-05
6.982698269826982e-05,-3.301870142385576e-05
6.984698469846984e-05,-3.305008141609601e-05
6.986698669866986e-05,-3.3081476793270085e-05
6.988698869886989e-05,-3.3112885547338974e-05
6.99069906990699e-05,-3.314430566897827e-05
6.992699269926992e-05,-3.317573514777152e-05
6.994699469946994e-05,-3.3207171972403503e-05
6.996699669966997e-05,-3.323861413085351e-05
6.998699869986999e-05,-3.327005961058853e-05
7.000700070007e-05,-3.3301506398756734e-05
7.002700270027002e-05,-3.333295248238062e-05
7.004700470047004e-05,-3.336439584855032e-05
7.006700670067007e-05,-3.339583448461694e-05
7.008700870087008e-05,-3.3427266378385757e-05
7.01070107010701e-05,-3.345868951830959e-05
7.012701270127012e-05,-3.3490101893682076e-05
7.014701470147015e-05,-3.3521501494830925e-05
7.016701670167017e-05,-3.355288631331118e-05
7.018701870187018e-05,-3.358425434209859e-05
7.02070207020702e-05,-3.361560357578284e-05
7.022702270227022e-05,-3.3646932010760855e-05
7.024702470247025e-05,-3.3678237645430066e-05
7.026702670267026e-05,-3.37095184803817e-05
7.028702870287028e-05,-3.37407725185941e-05
7.03070307030703e-05,-3.3771997765626e-05
7.032703270327033e-05,-3.38031922298098e-05
7.034703470347034e-05,-3.38343539224448e-05
7.036703670367036e-05,-3.386548085799062e-05
7.038703870387038e-05,-3.389657105426037e-05
7.04070407040704e-05,-3.3927622532613996e-05
7.042704270427043e-05,-3.395863331815153e-05
7.044704470447044e-05,-3.398960143990639e-05
7.046704670467046e-05,-3.402052493103869e-05
7.048704870487048e-05,-3.40514018290285e-05
7.050705070507051e-05,-3.408223017586917e-05
7.052705270527052e-05,-3.4113008018260525e-05
7.054705470547054e-05,-3.4143733407802264e-05
7.056705670567056e-05,-3.41744044011872e-05
7.058705870587059e-05,-3.420501906039455e-05
7.06070607060706e-05,-3.4235575452883166e-05
7.062706270627062e-05,-3.426607165178493e-05
7.064706470647064e-05,-3.4296505736097963e-05
7.066706670667066e-05,-3.432687579087995e-05
7.068706870687069e-05,-3.435717990744142e-05
7.07070707070707e-05,-3.438741618353895e-05
7.072707270727072e-05,-3.4417582723568596e-05
7.074707470747074e-05,-3.4447677638759115e-05
7.076707670767077e-05,-3.4477699047365236e-05
7.078707870787079e-05,-3.450764507486091e-05
7.08070807080708e-05,-3.453751385413271e-05
7.082708270827082e-05,-3.4567303525673016e-05
7.084708470847084e-05,-3.459701223777336e-05
7.086708670867087e-05,-3.462663814671769e-05
7.088708870887088e-05,-3.4656179416975636e-05
7.09070907090709e-05,-3.4685634221395844e-05
7.092709270927092e-05,-3.471500074139923e-05
7.094709470947095e-05,-3.47442771671723e-05
7.096709670967097e-05,-3.477346169786037e-05
7.098709870987098e-05,-3.4802552541760924e-05
7.1007100710071e-05,-3.483154791651687e-05
7.102710271027102e-05,-3.4860446049309835e-05
7.104710471047105e-05,-3.488924517705346e-05
7.106710671067106e-05,-3.4917943546586625e-05
7.108710871087108e-05,-3.4946539414866826e-05
7.11071107110711e-05,-3.497503104916342e-05
7.112711271127113e-05,-3.500341672725092e-05
7.114711471147115e-05,-3.503169473760224e-05
7.116711671167116e-05,-3.505986337958206e-05
7.118711871187118e-05,-3.508792096364003e-05
7.12071207120712e-05,-3.511586581150415e-05
7.122712271227123e-05,-3.5143696256373965e-05
7.124712471247124e-05,-3.517141064311388e-05
7.126712671267126e-05,-3.51990073284465e-05
7.128712871287128e-05,-3.522648468114585e-05
7.130713071307131e-05,-3.525384108223072e-05
7.132713271327132e-05,-3.528107492515785e-05
7.134713471347134e-05,-3.530818461601536e-05
7.136713671367136e-05,-3.533516857371593e-05
7.138713871387139e-05,-3.536202523019015e-05
7.14071407140714e-05,-3.5388753030579706e-05
7.142714271427142e-05,-3.541535043343082e-05
7.144714471447144e-05,-3.544181591088742e-05
7.146714671467146e-05,-3.546814794888446e-05
7.148714871487149e-05,-3.549434504734125e-05
7.15071507150715e-05,-3.552040572035461e-05
7.152715271527152e-05,-3.554632849639236e-05
7.154715471547154e-05,-3.557211191848643e-05
7.156715671567157e-05,-3.559775454442626e-05
7.158715871587159e-05,-3.562325494695197e-05
7.16071607160716e-05,-3.564861171394778e-05
7.162716271627162e-05,-3.567382344863522e-05
7.164716471647164e-05,-3.569888876976644e-05
7.166716671667167e-05,-3.572380631181748e-05
7.168716871687168e-05,-3.5748574725181546e-05
7.17071707170717e-05,-3.577319267636234e-05
7.172717271727172e-05,-3.579765884816734e-05
7.174717471747175e-05,-3.582197193990105e-05
7.176717671767177e-05,-3.5846130667558285e-05
7.178717871787178e-05,-3.5870133764017536e-05
7.18071807180718e-05,-3.5893979979234165e-05
7.182718271827182e-05,-3.591766808043375e-05
7.184718471847185e-05,-3.594119685230534e-05
7.186718671867186e-05,-3.596456509719473e-05
7.188718871887188e-05,-3.5987771635297826e-05
7.19071907190719e-05,-3.601081530485383e-05
7.192719271927193e-05,-3.6033694962338625e-05
7.194719471947195e-05,-3.6056409482657934e-05
7.196719671967196e-05,-3.607895775934076e-05
7.198719871987198e-05,-3.610133870473255e-05
7.2007200720072e-05,-3.612355125018856e-05
7.202720272027203e-05,-3.614559434626712e-05
7.204720472047204e-05,-3.616746696292286e-05
7.206720672067206e-05,-3.618916808970009e-05
7.208720872087208e-05,-3.621069673592605e-05
7.210721072107211e-05,-3.623205193090419e-05
7.212721272127212e-05,-3.625323272410743e-05
7.214721472147214e-05,-3.627423818537151e-05
7.216721672167216e-05,-3.6295067405088256e-05
7.218721872187218e-05,-3.631571949439882e-05
7.22072207220722e-05,-3.6336193585387045e-05
7.222722272227222e-05,-3.635648883127265e-05
7.224722472247224e-05,-3.637660440660463e-05
7.226722672267226e-05,-3.639653950745449e-05
7.228722872287229e-05,-3.64162933516095e-05
7.23072307230723e-05,-3.643586517876602e-05
7.232723272327232e-05,-3.64552542507228e-05
7.234723472347234e-05,-3.6474459851574235e-05
7.236723672367237e-05,-3.649348128790369e-05
7.238723872387239e-05,-3.651231788897672e-05
7.24072407240724e-05,-3.6530969006934416e-05
7.242724272427242e-05,-3.654943401698669e-05
7.244724472447244e-05,-3.656771231760555e-05
7.246724672467247e-05,-3.658580333071837e-05
7.248724872487248e-05,-3.6603706501901166e-05
7.25072507250725e-05,-3.662142130057196e-05
7.252725272527252e-05,-3.6638947220183986e-05
7.254725472547255e-05,-3.665628377841901e-05
7.256725672567257e-05,-3.667343051738062e-05
7.258725872587258e-05,-3.66903870037875e-05
7.26072607260726e-05,-3.670715282916671e-05
7.262726272627262e-05,-3.6723727610047016e-05
7.264726472647265e-05,-3.674011098815216e-05
7.266726672667266e-05,-3.6756302630594065e-05
7.268726872687268e-05,-3.677230223006624e-05
7.27072707270727e-05,-3.678810950503704e-05
7.272727272727273e-05,-3.6803724199942886e-05
7.274727472747275e-05,-3.681914608538161e-05
7.276727672767276e-05,-3.683437495830575e-05
7.278727872787278e-05,-3.684941064221582e-05
7.28072807280728e-05,-3.686425298735355e-05
7.282728272827283e-05,-3.687890187089525e-05
7.284728472847284e-05,-3.6893357197145066e-05
7.286728672867286e-05,-3.690761889772824e-05
7.288728872887288e-05,-3.692168693178445e-05
7.290729072907291e-05,-3.6935561286161075e-05
7.292729272927292e-05,-3.6949241975606424e-05
7.294729472947294e-05,-3.696272904296313e-05
7.296729672967296e-05,-3.697602255936136e-05
7.298729872987298e-05,-3.698912262441213e-05
7.3007300730073e-05,-3.700202936640058e-05
7.302730273027302e-05,-3.701474294247926e-05
7.304730473047304e-05,-3.702726353886142e-05
7.306730673067306e-05,-3.703959137101434e-05
7.308730873087309e-05,-3.705172668385256e-05
7.31073107310731e-05,-3.7063669751931135e-05
7.312731273127312e-05,-3.707542087963906e-05
7.314731473147314e-05,-3.70869804013924e-05
7.316731673167317e-05,-3.7098348681827656e-05
7.318731873187319e-05,-3.710952611599509e-05
7.32073207320732e-05,-3.7120513129551894e-05
7.322732273227322e-05,-3.713131017895561e-05
7.324732473247324e-05,-3.714191775165732e-05
7.326732673267327e-05,-3.715233636629498e-05
7.328732873287328e-05,-3.716256657288668e-05
7.33073307330733e-05,-3.7172608953023975e-05
7.332733273327332e-05,-3.718246412006509e-05
7.334733473347335e-05,-3.719213271932831e-05
7.336733673367337e-05,-3.72016154282852e-05
7.338733873387338e-05,-3.721091295675392e-05
7.34073407340734e-05,-3.7220026047092454e-05
7.342734273427342e-05,-3.7228955474392006e-05
7.344734473447345e-05,-3.723770204667018e-05
7.346734673467346e-05,-3.724626660506433e-05
7.348734873487348e-05,-3.7254650024024827e-05
7.35073507350735e-05,-3.7262853211508345e-05
7.352735273527353e-05,-3.7270877109171156e-05
7.354735473547355e-05,-3.72787226925624e-05
7.356735673567356e-05,-3.7286390971317416e-05
7.358735873587358e-05,-3.729388298935093e-05
7.36073607360736e-05,-3.7301199825050496e-05
7.362736273627363e-05,-3.7308342591469614e-05
7.364736473647364e-05,-3.731531243652116e-05
7.366736673667366e-05,-3.732211054317057e-05
7.368736873687368e-05,-3.73287381296292e-05
7.370737073707371e-05,-3.733519644954757e-05
7.372737273727373e-05,-3.734148679220864e-05
7.374737473747374e-05,-3.7347610482721145e-05
7.376737673767376e-05,-3.735356888221288e-05
7.378737873787378e-05,-3.7359363388023915e-05
7.38073807380738e-05,-3.736499543389996e-05
7.382738273827382e-05,-3.737046649018561e-05
7.384738473847384e-05,-3.737577806401765e-05
7.386738673867386e-05,-3.738093169951834e-05
7.388738873887389e-05,-3.7385928977988714e-05
7.39073907390739e-05,-3.7390771518101805e-05
7.392739273927392e-05,-3.739546097609602e-05
7.394739473947394e-05,-3.73999990459684e-05
7.396739673967397e-05,-3.740438745966785e-05
7.398739873987399e-05,-3.740862798728847e-05
7.4007400740074e-05,-3.741272243726289e-05
7.402740274027402e-05,-3.7416672656555465e-05
7.404740474047404e-05,-3.7420480530855617e-05
7.406740674067407e-05,-3.74241479847711e-05
7.408740874087408e-05,-3.742767698202135e-05
7.41074107410741e-05,-3.7431069525630615e-05
7.412741274127412e-05,-3.743432765812145e-05
7.414741474147415e-05,-3.7437453461707854e-05
7.416741674167417e-05,-3.7440449058488596e-05
7.418741874187418e-05,-3.7443316610640544e-05
7.42074207420742e-05,-3.744605832061188e-05
7.422742274227422e-05,-3.7448676431315466e-05
7.424742474247425e-05,-3.745117322632204e-05
7.426742674267426e-05,-3.745355103005356e-05
7.428742874287428e-05,-3.7455812207976534e-05
7.43074307430743e-05,-3.7457959166795215e-05
7.432743274327433e-05,-3.745999435464494e-05
7.434743474347435e-05,-3.746192026128539e-05
7.436743674367436e-05,-3.746373941829391e-05
7.438743874387438e-05,-3.746545439925879e-05
7.44074407440744e-05,-3.7467067819972497e-05
7.442744274427443e-05,-3.7468582338625103e-05
7.444744474447444e-05,-3.747000065599734e-05
7.446744674467446e-05,-3.7471325515654146e-05
7.448744874487448e-05,-3.747255970413774e-05
7.450745074507451e-05,-3.747370605116109e-05
7.452745274527453e-05,-3.7474767429801e-05
7.454745474547454e-05,-3.747574675669159e-05
7.456745674567456e-05,-3.747664699221742e-05
7.458745874587458e-05,-3.747747114070697e-05
7.46074607460746e-05,-3.7478222250625675e-05
7.462746274627462e-05,-3.747890341476946e-05
7.464746474647464e-05,-3.747951777045785e-05
7.466746674667466e-05,-3.748006849972738e-05
7.468746874687469e-05,-3.7480558829524736e-05
7.47074707470747e-05,-3.748099203190023e-05
7.472747274727472e-05,-3.748137142420094e-05
7.474747474747474e-05,-3.748170036926406e-05
7.476747674767477e-05,-3.7481982275610124e-05
7.478747874787479e-05,-3.7482220597636395e-05
7.48074807480748e-05,-3.7482418835810074e-05
7.482748274827482e-05,-3.7482580536861636e-05
7.484748474847484e-05,-3.748270929397809e-05
7.486748674867487e-05,-3.7482808746996216e-05
7.488748874887488e-05,-3.748288258259597e-05
7.49074907490749e-05,-3.748293453449366e-05
7.492749274927492e-05,-3.7482968383635316e-05
7.494749474947495e-05,-3.74829879583899e-05
7.496749674967497e-05,-3.7482997134742666e-05
7.498749874987498e-05,-3.748299983648837e-05
7.5007500750075e-05,-3.7483e-05
7.502750275027502e-05,-3.7483e-05
7.504750475047505e-05,-3.7483e-05
7.506750675067506e-05,-3.7483e-05
7.508750875087508e-05,-3.7483e-05
7.51075107510751e-05,-3.7483e-05
7.512751275127513e-05,-3.7483e-05
7.514751475147515e-05,-3.7483e-05
7.516751675167516e-05,-3.7483e-05
7.518751875187518e-05,-3.7483e-05
7.52075207520752e-05,-3.7483e-05
7.522752275227523e-05,-3.7483e-05
7.524752475247524e-05,-3.7483e-05
7.526752675267526e-05,-3.7483e-05
7.528752875287528e-05,-3.7483e-05
7.530753075307531e-05,-3.7483e-05
7.532753275327533e-05,-3.7483e-05
7.534753475347534e-05,-3.7483e-05
7.536753675367536e-05,-3.7483e-05
7.538753875387538e-05,-3.7483e-05
7.54075407540754e-05,-3.7483e-05
7.542754275427542e-05,-3.7483e-05
7.544754475447544e-05,-3.7483e-05
7.546754675467546e-05,-3.7483e-05
7.548754875487549e-05,-3.7483e-05
7.55075507550755e-05,-3.7483e-05
7.552755275527552e-05,-3.7483e-05
7.554755475547554e-05,-3.7483e-05
7.556755675567556e-05,-3.7483e-05
7.558755875587559e-05,-3.7483e-05
7.56075607560756e-05,-3.7483e-05
7.562756275627562e-05,-3.7483e-05
7.564756475647564e-05,-3.7483e-05
7.566756675667567e-05,-3.7483e-05
7.568756875687568e-05,-3.7483e-05
7.57075707570757e-05,-3.7483e-05
7.572757275727572e-05,-3.7483e-05
7.574757475747575e-05,-3.7483e-05
7.576757675767577e-05,-3.7483e-05
7.578757875787578e-05,-3.7483e-05
7.58075807580758e-05,-3.7483e-05
7.582758275827582e-05,-3.7483e-05
7.584758475847585e-05,-3.7483e-05
7.586758675867586e-05,-3.7483e-05
7.588758875887588e-05,-3.7483e-05
7.59075907590759e-05,-3.7483e-05
7.592759275927593e-05,-3.7483e-05
7.594759475947595e-05,-3.7483e-05
7.596759675967596e-05,-3.7483e-05
7.598759875987598e-05,-3.7483e-05
7.6007600760076e-05,-3.7483e-05
7.602760276027603e-05,-3.7483e-05
7.604760476047604e-05,-3.7483e-05
7.606760676067606e-05,-3.7483e-05
7.608760876087608e-05,-3.7483e-05
7.610761076107611e-05,-3.7483e-05
7.612761276127613e-05,-3.7483e-05
7.614761476147614e-05,-3.7483e-05
7.616761676167616e-05,-3.7483e-05
7.618761876187618e-05,-3.7483e-05
7.62076207620762e-05,-3.7483e-05
7.622762276227622e-05,-3.7483e-05
7.624762476247624e-05,-3.7483e-05
7.626762676267626e-05,-3.7483e-05
7.628762876287629e-05,-3.7483e-05
7.63076307630763e-05,-3.7483e-05
7.632763276327632e-05,-3.7483e-05
7.634763476347634e-05,-3.7483e-05
7.636763676367636e-05,-3.7483e-05
7.638763876387639e-05,-3.7483e-05
7.64076407640764e-05,-3.7483e-05
7.642764276427642e-05,-3.7483e-05
7.644764476447644e-05,-3.7483e-05
7.646764676467647e-05,-3.7483e-05
7.648764876487648e-05,-3.7483e-05
7.65076507650765e-05,-3.7483e-05
7.652765276527652e-05,-3.7483e-05
7.654765476547655e-05,-3.7483e-05
7.656765676567657e-05,-3.7483e-05
7.658765876587658e-05,-3.7483e-05
7.66076607660766e-05,-3.7483e-05
7.662766276627662e-05,-3.7483e-05
7.664766476647665e-05,-3.7483e-05
7.666766676667666e-05,-3.7483e-05
7.668766876687668e-05,-3.7483e-05
7.67076707670767e-05,-3.7483e-05
7.672767276727673e-05,-3.7483e-05
7.674767476747675e-05,-3.7483e-05
7.676767676767676e-05,-3.7483e-05
7.678767876787678e-05,-3.7483e-05
7.68076807680768e-05,-3.7483e-05
7.682768276827683e-05,-3.7483e-05
7.684768476847684e-05,-3.7483e-05
7.686768676867686e-05,-3.7483e-05
7.688768876887688e-05,-3.7483e-05
7.690769076907691e-05,-3.7483e-05
7.692769276927693e-05,-3.7483e-05
7.694769476947694e-05,-3.7483e-05
7.696769676967696e-05,-3.7483e-05
7.698769876987698e-05,-3.7483e-05
7.700770077007701e-05,-3.7483e-05
7.702770277027702e-05,-3.7483e-05
7.704770477047704e-05,-3.7483e-05
7.706770677067706e-05,-3.7483e-05
7.708770877087709e-05,-3.7483e-05
7.71077107710771e-05,-3.7483e-05
7.712771277127712e-05,-3.7483e-05
7.714771477147714e-05,-3.7483e-05
7.716771677167716e-05,-3.7483e-05
7.718771877187719e-05,-3.7483e-05
7.72077207720772e-05,-3.7483e-05
7.722772277227722e-05,-3.7483e-05
7.724772477247724e-05,-3.7483e-05
7.726772677267727e-05,-3.7483e-05
7.728772877287728e-05,-3.7483e-05
7.73077307730773e-05,-3.7483e-05
7.732773277327732e-05,-3.7483e-05
7.734773477347735e-05,-3.7483e-05
7.736773677367737e-05,-3.7483e-05
7.738773877387738e-05,-3.7483e-05
7.74077407740774e-05,-3.7483e-05
7.742774277427742e-05,-3.7483e-05
7.744774477447745e-05,-3.7483e-05
7.746774677467746e-05,-3.7483e-05
7.748774877487748e-05,-3.7483e-05
7.75077507750775e-05,-3.7483e-05
7.752775277527753e-05,-3.7483e-05
7.754775477547755e-05,-3.7483e-05
7.756775677567756e-05,-3.7483e-05
7.758775877587758e-05,-3.7483e-05
7.76077607760776e-05,-3.7483e-05
7.762776277627763e-05,-3.7483e-05
7.764776477647764e-05,-3.7483e-05
7.766776677667766e-05,-3.7483e-05
7.768776877687768e-05,-3.7483e-05
7.770777077707771e-05,-3.7483e-05
7.772777277727773e-05,-3.7483e-05
7.774777477747774e-05,-3.7483e-05
7.776777677767776e-05,-3.7483e-05
7.778777877787778e-05,-3.7483e-05
7.780778077807781e-05,-3.7483e-05
7.782778277827782e-05,-3.7483e-05
7.784778477847784e-05,-3.7483e-05
7.786778677867786e-05,-3.7483e-05
7.788778877887789e-05,-3.7483e-05
7.79077907790779e-05,-3.7483e-05
7.792779277927792e-05,-3.7483e-05
7.794779477947794e-05,-3.7483e-05
7.796779677967796e-05,-3.7483e-05
7.798779877987799e-05,-3.7483e-05
7.8007800780078e-05,-3.7483e-05
7.802780278027802e-05,-3.7483e-05
7.804780478047804e-05,-3.7483e-05
7.806780678067807e-05,-3.7483e-05
7.808780878087808e-05,-3.7483e-05
7.81078107810781e-05,-3.7483e-05
7.812781278127812e-05,-3.7483e-05
7.814781478147815e-05,-3.7483e-05
7.816781678167817e-05,-3.7483e-05
7.818781878187818e-05,-3.7483e-05
7.82078207820782e-05,-3.7483e-05
7.822782278227822e-05,-3.7483e-05
7.824782478247825e-05,-3.7483e-05
7.826782678267826e-05,-3.7483e-05
7.828782878287828e-05,-3.7483e-05
7.83078307830783e-05,-3.7483e-05
7.832783278327833e-05,-3.7483e-05
7.834783478347835e-05,-3.7483e-05
7.836783678367836e-05,-3.7483e-05
7.838783878387838e-05,-3.7483e-05
7.84078407840784e-05,-3.7483e-05
7.842784278427843e-05,-3.7483e-05
7.844784478447844e-05,-3.7483e-05
7.846784678467846e-05,-3.7483e-05
7.848784878487848e-05,-3.7483e-05
7.850785078507851e-05,-3.7483e-05
7.852785278527853e-05,-3.7483e-05
7.854785478547854e-05,-3.7483e-05
7.856785678567856e-05,-3.7483e-05
7.858785878587858e-05,-3.7483e-05
7.860786078607861e-05,-3.7483e-05
7.862786278627862e-05,-3.7483e-05
7.864786478647864e-05,-3.7483e-05
7.866786678667866e-05,-3.7483e-05
7.868786878687869e-05,-3.7483e-05
7.87078707870787e-05,-3.7483e-05
7.872787278727872e-05,-3.7483e-05
7.874787478747874e-05,-3.7483e-05
7.876787678767876e-05,-3.7483e-05
7.878787878787879e-05,-3.7483e-05
7.88078807880788e-05,-3.7483e-05
7.882788278827882e-05,-3.7483e-05
7.884788478847884e-05,-3.7483e-05
7.886788678867887e-05,-3.7483e-05
7.888788878887889e-05,-3.7483e-05
7.89078907890789e-05,-3.7483e-05
7.892789278927892e-05,-3.7483e-05
7.894789478947894e-05,-3.7483e-05
7.896789678967897e-05,-3.7483e-05
7.898789878987898e-05,-3.7483e-05
7.9007900790079e-05,-3.7483e-05
7.902790279027902e-05,-3.7483e-05
7.904790479047905e-05,-3.7483e-05
7.906790679067906e-05,-3.7483e-05
7.908790879087908e-05,-3.7483e-05
7.91079107910791e-05,-3.7483e-05
7.912791279127913e-05,-3.7483e-05
7.914791479147915e-05,-3.7483e-05
7.916791679167916e-05,-3.7483e-05
7.918791879187918e-05,-3.7483e-05
7.92079207920792e-05,-3.7483e-05
7.922792279227923e-05,-3.7483e-05
7.924792479247924e-05,-3.7483e-05
7.926792679267926e-05,-3.7483e-05
7.928792879287928e-05,-3.7483e-05
7.930793079307931e-05,-3.7483e-05
7.932793279327933e-05,-3.7483e-05
7.934793479347934e-05,-3.7483e-05
7.936793679367936e-05,-3.7483e-05
7.938793879387938e-05,-3.7483e-05
7.940794079407941e-05,-3.7483e-05
7.942794279427942e-05,-3.7483e-05
7.944794479447944e-05,-3.7483e-05
7.946794679467946e-05,-3.7483e-05
7.948794879487949e-05,-3.7483e-05
7.95079507950795e-05,-3.7483e-05
7.952795279527952e-05,-3.7483e-05
7.954795479547954e-05,-3.7483e-05
7.956795679567956e-05,-3.7483e-05
7.958795879587959e-05,-3.7483e-05
7.96079607960796e-05,-3.7483e-05
7.962796279627962e-05,-3.7483e-05
7.964796479647964e-05,-3.7483e-05
7.966796679667967e-05,-3.7483e-05
7.968796879687969e-05,-3.7483e-05
7.97079707970797e-05,-3.7483e-05
7.972797279727972e-05,-3.7483e-05
7.974797479747974e-05,-3.7483e-05
7.976797679767977e-05,-3.7483e-05
7.978797879787978e-05,-3.7483e-05
7.98079807980798e-05,-3.7483e-05
7.982798279827982e-05,-3.7483e-05
7.984798479847985e-05,-3.7483e-05
7.986798679867986e-05,-3.7483e-05
7.988798879887988e-05,-3.7483e-05
7.99079907990799e-05,-3.7483e-05
7.992799279927993e-05,-3.7483e-05
7.994799479947995e-05,-3.7483e-05
7.996799679967996e-05,-3.7483e-05
7.998799879987998e-05,-3.7483e-05
8.000800080008e-05,-3.7483e-05
8.002800280028003e-05,-3.7483e-05
8.004800480048004e-05,-3.7483e-05
8.006800680068006e-05,-3.7483e-05
8.008800880088008e-05,-3.7483e-05
8.010801080108011e-05,-3.7483e-05
8.012801280128013e-05,-3.7483e-05
8.014801480148014e-05,-3.7483e-05
8.016801680168016e-05,-3.7483e-05
8.018801880188018e-05,-3.7483e-05
8.020802080208021e-05,-3.7483e-05
8.022802280228022e-05,-3.7483e-05
8.024802480248024e-05,-3.7483e-05
8.026802680268026e-05,-3.7483e-05
8.028802880288029e-05,-3.7483e-05
8.03080308030803e-05,-3.7483e-05
8.032803280328032e-05,-3.7483e-05
8.034803480348034e-05,-3.7483e-05
8.036803680368036e-05,-3.7483e-05
8.038803880388039e-05,-3.7483e-05
8.04080408040804e-05,-3.7483e-05
8.042804280428042e-05,-3.7483e-05
8.044804480448044e-05,-3.7483e-05
8.046804680468047e-05,-3.7483e-05
8.048804880488049e-05,-3.7483e-05
8.05080508050805e-05,-3.7483e-05
8.052805280528052e-05,-3.7483e-05
8.054805480548054e-05,-3.7483e-05
8.056805680568057e-05,-3.7483e-05
8.058805880588058e-05,-3.7483e-05
8.06080608060806e-05,-3.7483e-05
8.062806280628062e-05,-3.7483e-05
8.064806480648065e-05,-3.7483e-05
8.066806680668066e-05,-3.7483e-05
8.068806880688068e-05,-3.7483e-05
8.07080708070807e-05,-3.7483e-05
8.072807280728073e-05,-3.7483e-05
8.074807480748075e-05,-3.7483e-05
8.076807680768076e-05,-3.7483e-05
8.078807880788078e-05,-3.7483e-05
8.08080808080808e-05,-3.7483e-05
8.082808280828083e-05,-3.7483e-05
8.084808480848084e-05,-3.7483e-05
8.086808680868086e-05,-3.7483e-05
8.088808880888088e-05,-3.7483e-05
8.090809080908091e-05,-3.7483e-05
8.092809280928093e-05,-3.7483e-05
8.094809480948094e-05,-3.7483e-05
8.096809680968096e-05,-3.7483e-05
8.098809880988098e-05,-3.7483e-05
8.100810081008101e-05,-3.7483e-05
8.102810281028102e-05,-3.7483e-05
8.104810481048104e-05,-3.7483e-05
8.106810681068106e-05,-3.7483e-05
8.108810881088109e-05,-3.7483e-05
8.11081108110811e-05,-3.7483e-05
8.112811281128112e-05,-3.7483e-05
8.114811481148114e-05,-3.7483e-05
8.116811681168116e-05,-3.7483e-05
8.118811881188119e-05,-3.7483e-05
8.12081208120812e-05,-3.7483e-05
8.122812281228122e-05,-3.7483e-05
8.124812481248124e-05,-3.7483e-05
8.126812681268127e-05,-3.7483e-05
8.128812881288129e-05,-3.7483e-05
8.13081308130813e-05,-3.7483e-05
8.132813281328132e-05,-3.7483e-05
8.134813481348134e-05,-3.7483e-05
8.136813681368137e-05,-3.7483e-05
8.138813881388138e-05,-3.7483e-05
8.14081408140814e-05,-3.7483e-05
8.142814281428142e-05,-3.7483e-05
8.144814481448145e-05,-3.7483e-05
8.146814681468147e-05,-3.7483e-05
8.148814881488148e-05,-3.7483e-05
8.15081508150815e-05,-3.7483e-05
8.152815281528153e-05,-3.7483e-05
8.154815481548155e-05,-3.7483e-05
8.156815681568156e-05,-3.7483e-05
8.158815881588158e-05,-3.7483e-05
8.16081608160816e-05,-3.7483e-05
8.162816281628163e-05,-3.7483e-05
8.164816481648164e-05,-3.7483e-05
8.166816681668166e-05,-3.7483e-05
8.168816881688168e-05,-3.7483e-05
8.170817081708171e-05,-3.7483e-05
8.172817281728173e-05,-3.7483e-05
8.174817481748174e-05,-3.7483e-05
8.176817681768176e-05,-3.7483e-05
8.178817881788178e-05,-3.7483e-05
8.180818081808181e-05,-3.7483e-05
8.182818281828182e-05,-3.7483e-05
8.184818481848184e-05,-3.7483e-05
8.186818681868186e-05,-3.7483e-05
8.188818881888189e-05,-3.7483e-05
8.19081908190819e-05,-3.7483e-05
8.192819281928192e-05,-3.7483e-05
8.194819481948194e-05,-3.7483e-05
8.196819681968196e-05,-3.7483e-05
8.198819881988199e-05,-3.7483e-05
8.2008200820082e-05,-3.7483e-05
8.202820282028202e-05,-3.7483e-05
8.204820482048204e-05,-3.7483e-05
8.206820682068207e-05,-3.7483e-05
8.208820882088209e-05,-3.7483e-05
8.21082108210821e-05,-3.7483e-05
8.212821282128212e-05,-3.7483e-05
8.214821482148214e-05,-3.7483e-05
8.216821682168217e-05,-3.7483e-05
8.218821882188218e-05,-3.7483e-05
8.22082208220822e-05,-3.7483e-05
8.222822282228222e-05,-3.7483e-05
8.224822482248225e-05,-3.7483e-05
8.226822682268227e-05,-3.7483e-05
8.228822882288228e-05,-3.7483e-05
8.23082308230823e-05,-3.7483e-05
8.232823282328232e-05,-3.7483e-05
8.234823482348235e-05,-3.7483e-05
8.236823682368236e-05,-3.7483e-05
8.238823882388238e-05,-3.7483e-05
8.24082408240824e-05,-3.7483e-05
8.242824282428243e-05,-3.7483e-05
8.244824482448244e-05,-3.7483e-05
8.246824682468246e-05,-3.7483e-05
8.248824882488248e-05,-3.7483e-05
8.250825082508251e-05,-3.7483e-05
8.252825282528253e-05,-3.7483e-05
8.254825482548254e-05,-3.7483e-05
8.256825682568256e-05,-3.7483e-05
8.258825882588258e-05,-3.7483e-05
8.260826082608261e-05,-3.7483e-05
8.262826282628262e-05,-3.7483e-05
8.264826482648264e-05,-3.7483e-05
8.266826682668266e-05,-3.7483e-05
8.268826882688269e-05,-3.7483e-05
8.27082708270827e-05,-3.7483e-05
8.272827282728272e-05,-3.7483e-05
8.274827482748274e-05,-3.7483e-05
8.276827682768276e-05,-3.7483e-05
8.278827882788279e-05,-3.7483e-05
8.28082808280828e-05,-3.7483e-05
8.282828282828282e-05,-3.7483e-05
8.284828482848284e-05,-3.7483e-05
8.286828682868287e-05,-3.7483e-05
8.288828882888289e-05,-3.7483e-05
8.29082908290829e-05,-3.7483e-05
8.292829282928292e-05,-3.7483e-05
8.294829482948294e-05,-3.7483e-05
8.296829682968297e-05,-3.7483e-05
8.298829882988298e-05,-3.7483e-05
8.3008300830083e-05,-3.7483e-05
8.302830283028302e-05,-3.7483e-05
8.304830483048305e-05,-3.7483e-05
8.306830683068307e-05,-3.7483e-05
8.308830883088308e-05,-3.7483e-05
8.31083108310831e-05,-3.7483e-05
8.312831283128312e-05,-3.7483e-05
8.314831483148315e-05,-3.7483e-05
8.316831683168316e-05,-3.7483e-05
8.318831883188318e-05,-3.7483e-05
8.32083208320832e-05,-3.7483e-05
8.322832283228323e-05,-3.7483e-05
8.324832483248324e-05,-3.7483e-05
8.326832683268326e-05,-3.7483e-05
8.328832883288328e-05,-3.7483e-05
8.330833083308331e-05,-3.7483e-05
8.332833283328333e-05,-3.7483e-05
8.334833483348334e-05,-3.7483e-05
8.336833683368336e-05,-3.7483e-05
8.338833883388338e-05,-3.7483e-05
8.340834083408341e-05,-3.7483e-05
8.342834283428342e-05,-3.7483e-05
8.344834483448344e-05,-3.7483e-05
8.346834683468346e-05,-3.7483e-05
8.348834883488349e-05,-3.7483e-05
8.35083508350835e-05,-3.7483e-05
8.352835283528352e-05,-3.7483e-05
8.354835483548354e-05,-3.7483e-05
8.356835683568356e-05,-3.7483e-05
8.358835883588359e-05,-3.7483e-05
8.36083608360836e-05,-3.7483e-05
8.362836283628362e-05,-3.7483e-05
8.364836483648364e-05,-3.7483e-05
8.366836683668367e-05,-3.7483e-05
8.368836883688369e-05,-3.7483e-05
8.37083708370837e-05,-3.7483e-05
8.372837283728372e-05,-3.7483e-05
8.374837483748374e-05,-3.7483e-05
8.376837683768377e-05,-3.7483e-05
8.378837883788378e-05,-3.7483e-05
8.38083808380838e-05,-3.7483e-05
8.382838283828382e-05,-3.7483e-05
8.384838483848385e-05,-3.7483e-05
8.386838683868387e-05,-3.7483e-05
8.388838883888388e-05,-3.7483e-05
8.39083908390839e-05,-3.7483e-05
8.392839283928392e-05,-3.7483e-05
8.394839483948395e-05,-3.7483e-05
8.396839683968396e-05,-3.7483e-05
8.398839883988398e-05,-3.7483e-05
8.4008400840084e-05,-3.7483e-05
8.402840284028403e-05,-3.7483e-05
8.404840484048405e-05,-3.7483e-05
8.406840684068406e-05,-3.7483e-05
8.408840884088408e-05,-3.7483e-05
8.410841084108411e-05,-3.7483e-05
8.412841284128413e-05,-3.7483e-05
8.414841484148414e-05,-3.7483e-05
8.416841684168416e-05,-3.7483e-05
8.418841884188418e-05,-3.7483e-05
8.420842084208421e-05,-3.7483e-05
8.422842284228422e-05,-3.7483e-05
8.424842484248424e-05,-3.7483e-05
8.426842684268426e-05,-3.7483e-05
8.428842884288429e-05,-3.7483e-05
8.43084308430843e-05,-3.7483e-05
8.432843284328432e-05,-3.7483e-05
8.434843484348434e-05,-3.7483e-05
8.436843684368436e-05,-3.7483e-05
8.438843884388439e-05,-3.7483e-05
8.44084408440844e-05,-3.7483e-05
8.442844284428442e-05,-3.7483e-05
8.444844484448444e-05,-3.7483e-05
8.446844684468447e-05,-3.7483e-05
8.448844884488449e-05,-3.7483e-05
8.45084508450845e-05,-3.7483e-05
8.452845284528452e-05,-3.7483e-05
8.454845484548454e-05,-3.7483e-05
8.456845684568457e-05,-3.7483e-05
8.458845884588458e-05,-3.7483e-05
8.46084608460846e-05,-3.7483e-05
8.462846284628462e-05,-3.7483e-05
8.464846484648465e-05,-3.7483e-05
8.466846684668467e-05,-3.7483e-05
8.468846884688468e-05,-3.7483e-05
8.47084708470847e-05,-3.7483e-05
8.472847284728472e-05,-3.7483e-05
8.474847484748475e-05,-3.7483e-05
8.476847684768476e-05,-3.7483e-05
8.478847884788478e-05,-3.7483e-05
8.48084808480848e-05,-3.7483e-05
8.482848284828483e-05,-3.7483e-05
8.484848484848485e-05,-3.7483e-05
8.486848684868486e-05,-3.7483e-05
8.488848884888488e-05,-3.7483e-05
8.490849084908491e-05,-3.7483e-05
8.492849284928493e-05,-3.7483e-05
8.494849484948494e-05,-3.7483e-05
8.496849684968496e-05,-3.7483e-05
8.498849884988498e-05,-3.7483e-05
8.500850085008501e-05,-3.7483000051444173e-05
8.502850285028502e-05,-3.74830019333447e-05
8.504850485048504e-05,-3.748300949933916e-05
8.506850685068506e-05,-3.748302668280743e-05
8.508850885088509e-05,-3.7483057369281214e-05
8.51085108510851e-05,-3.7483105396637266e-05
8.512851285128512e-05,-3.7483174555290734e-05
8.514851485148514e-05,-3.7483268588388414e-05
8.516851685168516e-05,-3.748339119200205e-05
8.518851885188519e-05,-3.748354601532163e-05
8.52085208520852e-05,-3.7483736660848634e-05
8.522852285228522e-05,-3.748396668458937e-05
8.524852485248524e-05,-3.748423959624824e-05
8.526852685268527e-05,-3.7484558859421016e-05
8.528852885288529e-05,-3.748492789178815e-05
8.53085308530853e-05,-3.748535006530802e-05
8.532853285328532e-05,-3.748582870641028e-05
8.534853485348534e-05,-3.74863670961891e-05
8.536853685368537e-05,-3.748696847059646e-05
8.538853885388538e-05,-3.748763602063544e-05
8.54085408540854e-05,-3.748837289255352e-05
8.542854285428542e-05,-3.7489182188035864e-05
8.544854485448545e-05,-3.749006696439857e-05
8.546854685468547e-05,-3.749103023478201e-05
8.548854885488548e-05,-3.749207496834409e-05
8.55085508550855e-05,-3.749320409045354e-05
8.552855285528552e-05,-3.7494420482883196e-05
8.554855485548555e-05,-3.74957269840033e-05
8.556855685568556e-05,-3.7497126388974783e-05
8.558855885588558e-05,-3.749862144994253e-05
8.56085608560856e-05,-3.750021487622871e-05
8.562856285628563e-05,-3.750190933452602e-05
8.564856485648565e-05,-3.7503707449091e-05
8.566856685668566e-05,-3.7505611801937305e-05
8.568856885688568e-05,-3.750762493302901e-05
8.57085708570857e-05,-3.750974934047387e-05
8.572857285728573e-05,-3.7511987480716636e-05
8.574857485748574e-05,-3.751434176873231e-05
8.576857685768576e-05,-3.751681457821948e-05
8.578857885788578e-05,-3.751940824179353e-05
8.580858085808581e-05,-3.752212505118003e-05
8.582858285828582e-05,-3.752496725740791e-05
8.584858485848584e-05,-3.752793707100286e-05
8.586858685868586e-05,-3.753103666218052e-05
8.588858885888589e-05,-3.753426816103982e-05
8.59085908590859e-05,-3.753763365775626e-05
8.592859285928592e-05,-3.7541135202775196e-05
8.594859485948594e-05,-3.754477480700511e-05
8.596859685968596e-05,-3.754855444201091e-05
8.598859885988599e-05,-3.755247604020724e-05
8.6008600860086e-05,-3.7556541495051724e-05
8.602860286028602e-05,-3.7560752661238266e-05
8.604860486048604e-05,-3.7565111354890366e-05
8.606860686068607e-05,-3.756961935375438e-05
8.608860886088609e-05,-3.7574278397392795e-05
8.61086108610861e-05,-3.757909018737755e-05
8.612861286128612e-05,-3.758405638748331e-05
8.614861486148614e-05,-3.758917862388074e-05
8.616861686168617e-05,-3.759445848532979e-05
8.618861886188618e-05,-3.759989752337303e-05
8.62086208620862e-05,-3.7605497252528856e-05
8.622862286228622e-05,-3.7611259150484854e-05
8.624862486248625e-05,-3.761718465829104e-05
8.626862686268627e-05,-3.7623275180553165e-05
8.628862886288628e-05,-3.7629532085626e-05
8.63086308630863e-05,-3.7635956705806625e-05
8.632863286328632e-05,-3.76425503375277e-05
8.634863486348635e-05,-3.764931424155079e-05
8.636863686368636e-05,-3.765624964315958e-05
8.638863886388638e-05,-3.7663357732353256e-05
8.64086408640864e-05,-3.7670639664039724e-05
8.642864286428643e-05,-3.767809655822893e-05
8.644864486448645e-05,-3.768572950022611e-05
8.646864686468646e-05,-3.769353954082513e-05
8.648864886488648e-05,-3.770152769650172e-05
8.65086508650865e-05,-3.7709694949606814e-05
8.652865286528653e-05,-3.771804224855978e-05
8.654865486548654e-05,-3.772657050804175e-05
8.656865686568656e-05,-3.77352806091889e-05
8.658865886588658e-05,-3.774417339978571e-05
8.660866086608661e-05,-3.77532496944583e-05
8.662866286628663e-05,-3.776251027486766e-05
8.664866486648664e-05,-3.7771955889902966e-05
8.666866686668666e-05,-3.7781587255874886e-05
8.668866886688669e-05,-3.7791405056708855e-05
8.67086708670867e-05,-3.78014099441383e-05
8.672867286728672e-05,-3.781160253789805e-05
8.674867486748674e-05,-3.78219834259175e-05
8.676867686768676e-05,-3.783255316451398e-05
8.678867886788679e-05,-3.7843312278586016e-05
8.68086808680868e-05,-3.7854261261806596e-05
8.682868286828682e-05,-3.786540057681649e-05
8.684868486848684e-05,-3.787673065541753e-05
8.686868686868687e-05,-3.788825189876588e-05
8.688868886888689e-05,-3.789996467756532e-05
8.69086908690869e-05,-3.7911869332260566e-05
8.692869286928692e-05,-3.792396617323054e-05
8.694869486948694e-05,-3.793625548098164e-05
8.696869686968697e-05,-3.794873750634106e-05
8.698869886988698e-05,-3.796141247065003e-05
8.7008700870087e-05,-3.797428056595715e-05
8.702870287028702e-05,-3.7987341955211665e-05
8.704870487048705e-05,-3.8000596772456744e-05
8.706870687068707e-05,-3.8014045123022735e-05
8.708870887088708e-05,-3.802768708372053e-05
8.71087108710871e-05,-3.80415227030348e-05
8.712871287128712e-05,-3.805555200131725e-05
8.714871487148715e-05,-3.806977497098001e-05
8.716871687168716e-05,-3.8084191576688795e-05
8.718871887188718e-05,-3.8098801755556294e-05
8.72087208720872e-05,-3.81136054173354e-05
8.722872287228723e-05,-3.812860244461254e-05
8.724872487248725e-05,-3.814379269300089e-05
8.726872687268726e-05,-3.815917599133375e-05
8.728872887288728e-05,-3.817475214185777e-05
8.73087308730873e-05,-3.819052092042628e-05
8.732873287328733e-05,-3.820648207669253e-05
8.734873487348734e-05,-3.8222635334303e-05
8.736873687368736e-05,-3.823898039109069e-05
8.738873887388738e-05,-3.825551691926843e-05
8.740874087408741e-05,-3.8272244565622124e-05
8.742874287428743e-05,-3.828916295170402e-05
8.744874487448744e-05,-3.8306271674026105e-05
8.746874687468746e-05,-3.832357030425326e-05
8.748874887488749e-05,-3.8341058389396634e-05
8.75087508750875e-05,-3.835873545200688e-05
8.752875287528752e-05,-3.83766009903675e-05
8.754875487548754e-05,-3.8394654478688054e-05
8.756875687568756e-05,-3.8412895367297534e-05
8.758875887588759e-05,-3.8431323082837595e-05
8.76087608760876e-05,-3.8449937028455815e-05
8.762876287628762e-05,-3.846873658399907e-05
8.764876487648764e-05,-3.848772110620675e-05
8.766876687668767e-05,-3.850688992890409e-05
8.768876887688769e-05,-3.852624236319538e-05
8.77087708770877e-05,-3.8545777697657376e-05
8.772877287728772e-05,-3.8565495198532476e-05
8.774877487748774e-05,-3.858539410992206e-05
8.776877687768777e-05,-3.8605473653979794e-05
8.778877887788778e-05,-3.862573303110482e-05
8.78087808780878e-05,-3.8646171420135176e-05
8.782878287828782e-05,-3.8666787978541004e-05
8.784878487848785e-05,-3.8687581842617846e-05
8.786878687868787e-05,-3.870855212767992e-05
8.788878887888788e-05,-3.872969792825346e-05
8.79087908790879e-05,-3.875101831826995e-05
8.792879287928792e-05,-3.877251235125943e-05
8.794879487948795e-05,-3.8794179060543785e-05
8.796879687968796e-05,-3.881601745943e-05
8.798879887988798e-05,-3.883802654140353e-05
8.8008800880088e-05,-3.8860205280321486e-05
8.802880288028803e-05,-3.8882552630606e-05
8.804880488048805e-05,-3.890506752743745e-05
8.806880688068806e-05,-3.8927748886947804e-05
8.808880888088808e-05,-3.8950595606413864e-05
8.81088108810881e-05,-3.8973606564450585e-05
8.812881288128813e-05,-3.8996780621204346e-05
8.814881488148814e-05,-3.902011661854621e-05
8.816881688168816e-05,-3.9043613380265266e-05
8.818881888188818e-05,-3.906726971226189e-05
8.820882088208821e-05,-3.9091084402741024e-05
8.822882288228823e-05,-3.911505622240546e-05
8.824882488248824e-05,-3.9139183924649144e-05
8.826882688268826e-05,-3.9163466245750474e-05
8.828882888288829e-05,-3.9187901905065554e-05
8.83088308830883e-05,-3.921248960522147e-05
8.832883288328832e-05,-3.9237228032309646e-05
8.834883488348834e-05,-3.926211585607907e-05
8.836883688368836e-05,-3.928715173012959e-05
8.838883888388839e-05,-3.9312334292105254e-05
8.84088408840884e-05,-3.9337662163887476e-05
8.842884288428842e-05,-3.936313395178846e-05
8.844884488448844e-05,-3.938874824674441e-05
8.846884688468847e-05,-3.941450362450885e-05
8.848884888488849e-05,-3.9440398645845855e-05
8.85088508850885e-05,-3.946643185672341e-05
8.852885288528852e-05,-3.949260178850666e-05
8.854885488548854e-05,-3.9518906958151203e-05
8.856885688568857e-05,-3.95453458683964e-05
8.858885888588858e-05,-3.957191700795856e-05
8.86088608860886e-05,-3.959861885172439e-05
8.862886288628862e-05,-3.9625449860944165e-05
8.864886488648865e-05,-3.9652408483425056e-05
8.866886688668867e-05,-3.967949315372438e-05
8.868886888688868e-05,-3.9706702293342935e-05
8.87088708870887e-05,-3.973403431091828e-05
8.872887288728872e-05,-3.9761487602418e-05
8.874887488748875e-05,-3.978906055133301e-05
8.876887688768876e-05,-3.98167515288708e-05
8.878887888788878e-05,-3.984455889414879e-05
8.88088808880888e-05,-3.9872480994387576e-05
8.882888288828883e-05,-3.990051616510426e-05
8.884888488848885e-05,-3.9928662730305606e-05
8.886888688868886e-05,-3.995691900268151e-05
8.888888888888888e-05,-3.998528328379818e-05
8.89088908890889e-05,-4.0013753864291424e-05
8.892889288928893e-05,-4.004232902406e-05
8.894889488948894e-05,-4.007100703245877e-05
8.896889688968896e-05,-4.009978614849216e-05
8.898889888988898e-05,-4.012866462100734e-05
8.900890089008901e-05,-4.015764068888754e-05
8.902890289028903e-05,-4.018671258124528e-05
8.904890489048904e-05,-4.021587851761578e-05
8.906890689068906e-05,-4.024513670815012e-05
8.908890889088908e-05,-4.0274485353808624e-05
8.91089108910891e-05,-4.03039226465541e-05
8.912891289128912e-05,-4.0333446769545074e-05
8.914891489148914e-05,-4.03630558973292e-05
8.916891689168916e-05,-4.039274819603646e-05
8.918891889188919e-05,-4.04225218235725e-05
8.92089208920892e-05,-4.045237492981182e-05
8.922892289228922e-05,-4.048230565679119e-05
8.924892489248924e-05,-4.051231213890287e-05
8.926892689268927e-05,-4.054239250308791e-05
8.928892889288929e-05,-4.057254486902939e-05
8.93089308930893e-05,-4.0602767349345796e-05
8.932893289328932e-05,-4.063305804978425e-05
8.934893489348934e-05,-4.0663415069413796e-05
8.936893689368937e-05,-4.069383650081872e-05
8.938893889388938e-05,-4.072432043029177e-05
8.94089408940894e-05,-4.075486493802753e-05
8.942894289428942e-05,-4.078546809831565e-05
8.944894489448945e-05,-4.081612797973418e-05
8.946894689468947e-05,-4.084684264534275e-05
8.948894889488948e-05,-4.0877610152876013e-05
8.95089508950895e-05,-4.0908428554936806e-05
8.952895289528952e-05,-4.093929589918949e-05
8.954895489548955e-05,-4.0970210228553264e-05
8.956895689568956e-05,-4.100116958139534e-05
8.958895889588958e-05,-4.103217199172439e-05
8.96089608960896e-05,-4.10632154893837e-05
8.962896289628963e-05,-4.109429810024455e-05
8.964896489648965e-05,-4.112541784639939e-05
8.966896689668966e-05,-4.1156572746355263e-05
8.968896889688968e-05,-4.1187760815227e-05
8.97089708970897e-05,-4.1218980064930515e-05
8.972897289728973e-05,-4.1250228504376174e-05
8.974897489748974e-05,-4.12815041396619e-05
8.976897689768976e-05,-4.131280497426668e-05
8.978897889788978e-05,-4.134412900924371e-05
8.980898089808981e-05,-4.137547424341375e-05
8.982898289828983e-05,-4.1406838673558305e-05
8.984898489848984e-05,-4.143822029461307e-05
8.986898689868986e-05,-4.14696170998611e-05
8.988898889888988e-05,-4.150102708112615e-05
8.990899089908991e-05,-4.1532448228965935e-05
8.992899289928992e-05,-4.156387853286541e-05
8.994899489948994e-05,-4.159531598143009e-05
8.996899689968996e-05,-4.162675856257933e-05
8.998899889988999e-05,-4.165820426373962e-05
9.000900090009e-05,-4.168965107203778e-05
9.002900290029002e-05,-4.1721096974494396e-05
9.004900490049004e-05,-4.175253995821701e-05
9.006900690069007e-05,-4.1783978010593446e-05
9.008900890089009e-05,-4.1815409119485026e-05
9.01090109010901e-05,-4.1846831273419964e-05
9.012901290129012e-05,-4.1878242461786604e-05
9.014901490149014e-05,-4.190964067502667e-05
9.016901690169017e-05,-4.1941023904828634e-05
9.018901890189018e-05,-4.197239014432089e-05
9.02090209020902e-05,-4.2003737388265165e-05
9.022902290229022e-05,-4.2035063633249725e-05
9.024902490249025e-05,-4.206636687788271e-05
9.026902690269027e-05,-4.209764512298533e-05
9.028902890289028e-05,-4.212889637178529e-05
9.03090309030903e-05,-4.216011863010998e-05
9.032903290329032e-05,-4.219130990657978e-05
9.034903490349035e-05,-4.2222468212801385e-05
9.036903690369036e-05,-4.2253591563561e-05
9.038903890389038e-05,-4.228467797701774e-05
9.04090409040904e-05,-4.231572547489686e-05
9.042904290429043e-05,-4.234673208268306e-05
9.044904490449045e-05,-4.2377695829813695e-05
9.046904690469046e-05,-4.240861474987219e-05
9.048904890489048e-05,-4.2439486880781234e-05
9.05090509050905e-05,-4.247031026499613e-05
9.052905290529053e-05,-4.250108294969803e-05
9.054905490549054e-05,-4.253180298698721e-05
9.056905690569056e-05,-4.256246843407642e-05
9.058905890589058e-05,-4.2593077353484136e-05
9.060906090609061e-05,-4.262362781322787e-05
9.062906290629063e-05,-4.2654117887017383e-05
9.064906490649064e-05,-4.2684545654448064e-05
9.066906690669066e-05,-4.2714909201194175e-05
9.068906890689068e-05,-4.274520661920215e-05
9.070907090709071e-05,-4.277543600688386e-05
9.072907290729072e-05,-4.2805595469309896e-05
9.074907490749074e-05,-4.283568311840291e-05
9.076907690769076e-05,-4.286569707313084e-05
9.078907890789079e-05,-4.289563545970027e-05
9.08090809080908e-05,-4.292549641174959e-05
9.082908290829082e-05,-4.295527807054242e-05
9.084908490849084e-05,-4.2984978585160835e-05
9.086908690869087e-05,-4.3014596112698664e-05
9.088908890889089e-05,-4.304412881845471e-05
9.09090909090909e-05,-4.307357487612618e-05
9.092909290929092e-05,-4.3102932468001835e-05
9.094909490949094e-05,-4.313219978515536e-05
9.096909690969097e-05,-4.316137502763862e-05
9.098909890989098e-05,-4.319045640467491e-05
9.1009100910091e-05,-4.3219442134852324e-05
9.102910291029102e-05,-4.324833044631699e-05
9.104910491049105e-05,-4.3277119576966377e-05
9.106910691069107e-05,-4.330580777464252e-05
9.108910891089108e-05,-4.333439329732542e-05
9.11091109110911e-05,-4.336287441332624e-05
9.112911291129112e-05,-4.339124940148063e-05
9.114911491149115e-05,-4.341951655134202e-05
9.116911691169116e-05,-4.3447674163374844e-05
9.118911891189118e-05,-4.34757205491479e-05
9.12091209120912e-05,-4.3503654031527646e-05
9.122912291229123e-05,-4.353147294487144e-05
9.124912491249125e-05,-4.355917563522077e-05
9.126912691269126e-05,-4.358676046049471e-05
9.128912891289128e-05,-4.361422579068305e-05
9.13091309130913e-05,-4.3641570008039675e-05
9.132913291329133e-05,-4.3668791507275814e-05
9.134913491349134e-05,-4.369588869575327e-05
9.136913691369136e-05,-4.372285999367786e-05
9.138913891389138e-05,-4.374970383429256e-05
9.140914091409141e-05,-4.377641866407087e-05
9.142914291429143e-05,-4.380300294291001e-05
9.144914491449144e-05,-4.382945514432436e-05
9.146914691469146e-05,-4.385577375563859e-05
9.148914891489148e-05,-4.388195727818105e-05
9.150915091509151e-05,-4.390800422747703e-05
9.152915291529152e-05,-4.3933913133441996e-05
9.154915491549154e-05,-4.395968254057494e-05
9.156915691569156e-05,-4.3985311008151666e-05
9.158915891589159e-05,-4.401079711041807e-05
9.16091609160916e-05,-4.403613943678334e-05
9.162916291629162e-05,-4.406133659201338e-05
9.164916491649164e-05,-4.4086387196424037e-05
9.166916691669167e-05,-4.411128988607438e-05
9.168916891689169e-05,-4.413604331295995e-05
9.17091709170917e-05,-4.4160646145206144e-05
9.172917291729172e-05,-4.4185097067261426e-05
9.174917491749174e-05,-4.420939478009064e-05
9.176917691769177e-05,-4.423353800136832e-05
9.178917891789179e-05,-4.425752546567187e-05
9.18091809180918e-05,-4.428135592467502e-05
9.182918291829182e-05,-4.430502814734096e-05
9.184918491849185e-05,-4.432854092011576e-05
9.186918691869187e-05,-4.435189304712152e-05
9.188918891889188e-05,-4.437508335034974e-05
9.19091909190919e-05,-4.439811066985464e-05
9.192919291929192e-05,-4.442097386394634e-05
9.194919491949195e-05,-4.4443671809384254e-05
9.196919691969196e-05,-4.4466203401570276e-05
9.198919891989198e-05,-4.4488567554742175e-05
9.2009200920092e-05,-4.4510763202166794e-05
9.202920292029203e-05,-4.45327892963334e-05
9.204920492049205e-05,-4.455464480914688e-05
9.206920692069206e-05,-4.4576328732121177e-05
9.208920892089208e-05,-4.459784007657241e-05
9.21092109210921e-05,-4.461917787381229e-05
9.212921292129213e-05,-4.464034117534137e-05
9.214921492149214e-05,-4.466132905304224e-05
9.216921692169216e-05,-4.468214059937297e-05
9.218921892189218e-05,-4.4702774927560306e-05
9.220922092209221e-05,-4.4723231171792956e-05
9.222922292229223e-05,-4.4743508487414896e-05
9.224922492249224e-05,-4.476360605111865e-05
9.226922692269226e-05,-4.47835230611386e-05
9.228922892289228e-05,-4.480325873744424e-05
9.230923092309231e-05,-4.482281232193349e-05
9.232923292329232e-05,-4.484218307862594e-05
9.234923492349234e-05,-4.486137029385619e-05
9.236923692369236e-05,-4.4880373276467106e-05
9.238923892389239e-05,-4.4899191358003145e-05
9.24092409240924e-05,-4.4917823892903544e-05
9.242924292429242e-05,-4.4936270258695744e-05
9.244924492449244e-05,-4.4954529856188564e-05
9.246924692469246e-05,-4.497260210966558e-05
9.248924892489249e-05,-4.4990486467078305e-05
9.25092509250925e-05,-4.500818240023958e-05
9.252925292529252e-05,-4.502568940501677e-05
9.254925492549254e-05,-4.5043007001525155e-05
9.256925692569257e-05,-4.506013473432114e-05
9.258925892589259e-05,-4.5077072172595505e-05
9.26092609260926e-05,-4.509381891036684e-05
9.262926292629262e-05,-4.5110374566674674e-05
9.264926492649265e-05,-4.512673878577286e-05
9.266926692669267e-05,-4.514291123732282e-05
9.268926892689268e-05,-4.515889161658683e-05
9.27092709270927e-05,-4.517467964462133e-05
9.272927292729272e-05,-4.519027506847023e-05
9.274927492749275e-05,-4.520567766135812e-05
9.276927692769276e-05,-4.522088722288362e-05
9.278927892789278e-05,-4.5235903579212656e-05
9.28092809280928e-05,-4.5250726583271754e-05
9.282928292829283e-05,-4.526535611494131e-05
9.284928492849285e-05,-4.527979208124885e-05
9.286928692869286e-05,-4.529403441656238e-05
9.288928892889288e-05,-4.5308083082783634e-05
9.29092909290929e-05,-4.5321938069541426e-05
9.292929292929293e-05,-4.533559939438478e-05
9.294929492949294e-05,-4.5349067102976356e-05
9.296929692969296e-05,-4.5362341269285736e-05
9.298929892989298e-05,-4.537542199578263e-05
9.300930093009301e-05,-4.538830941363025e-05
9.302930293029303e-05,-4.54010036828785e-05
9.304930493049304e-05,-4.5413504992657365e-05
9.306930693069306e-05,-4.542581356137011e-05
9.308930893089308e-05,-4.543792963688662e-05
9.310931093109311e-05,-4.544985349673671e-05
9.312931293129312e-05,-4.5461585448303325e-05
9.314931493149314e-05,-4.54731258290159e-05
9.316931693169316e-05,-4.548447500654361e-05
9.318931893189319e-05,-4.549563337898872e-05
9.32093209320932e-05,-4.5506601375079753e-05
9.322932293229322e-05,-4.551737945436491e-05
9.324932493249324e-05,-4.5527968107405236e-05
9.326932693269326e-05,-4.553836785596804e-05
9.328932893289329e-05,-4.554857925322005e-05
9.33093309330933e-05,-4.555860288392077e-05
9.332933293329332e-05,-4.5568439364615756e-05
9.334933493349334e-05,-4.557808934382993e-05
9.336933693369337e-05,-4.5587553502260805e-05
9.338933893389339e-05,-4.559683255297178e-05
9.34093409340934e-05,-4.5605927241585564e-05
9.342934293429342e-05,-4.5614838346477214e-05
9.344934493449345e-05,-4.562356667896766e-05
9.346934693469347e-05,-4.5632113083516834e-05
9.348934893489348e-05,-4.5640478437917055e-05
9.35093509350935e-05,-4.5648663653486265e-05
9.352935293529352e-05,-4.565666967526129e-05
9.354935493549355e-05,-4.566449748219125e-05
9.356935693569356e-05,-4.567214808733065e-05
9.358935893589358e-05,-4.5679622538032864e-05
9.36093609360936e-05,-4.56869219161433e-05
9.362936293629363e-05,-4.569404733819273e-05
9.364936493649365e-05,-4.5700999955590586e-05
9.366936693669366e-05,-4.570778095481818e-05
9.368936893689368e-05,-4.5714391557622077e-05
9.37093709370937e-05,-4.5720833021207355e-05
9.372937293729373e-05,-4.572710663843089e-05
9.374937493749374e-05,-4.573321373799459e-05
9.376937693769376e-05,-4.5739155684638775e-05
9.378937893789378e-05,-4.574493387933539e-05
9.380938093809381e-05,-4.575054975948133e-05
9.382938293829383e-05,-4.5756004799091714e-05
9.384938493849384e-05,-4.576130050899318e-05
9.386938693869386e-05,-4.5766438437017176e-05
9.388938893889388e-05,-4.577142016819321e-05
9.390939093909391e-05,-4.5776247324942194e-05
9.392939293929392e-05,-4.578092156726968e-05
9.394939493949394e-05,-4.578544459295918e-05
9.396939693969396e-05,-4.5789818137765426e-05
9.398939893989399e-05,-4.579404397560771e-05
9.4009400940094e-05,-4.57981239187631e-05
9.402940294029402e-05,-4.5802059818059766e-05
9.404940494049404e-05,-4.580585356307027e-05
9.406940694069406e-05,-4.5809507082304845e-05
9.408940894089409e-05,-4.581302234340467e-05
9.41094109410941e-05,-4.5816401353335206e-05
9.412941294129412e-05,-4.581964615857937e-05
9.414941494149414e-05,-4.5822758845331e-05
9.416941694169417e-05,-4.582574153968796e-05
9.418941894189419e-05,-4.582859640784552e-05
9.42094209420942e-05,-4.583132565628967e-05
9.422942294229422e-05,-4.583393153199034e-05
9.424942494249425e-05,-4.583641632259468e-05
9.426942694269427e-05,-4.583878235662046e-05
9.428942894289428e-05,-4.5841032003649226e-05
9.43094309430943e-05,-4.5843167674519636e-05
9.432943294329432e-05,-4.5845191821520764e-05
9.434943494349435e-05,-4.584710693858537e-05
9.436943694369437e-05,-4.5848915561483194e-05
9.438943894389438e-05,-4.585062026801426e-05
9.44094409440944e-05,-4.5852223678202067e-05
9.442944294429443e-05,-4.5853728454487076e-05
9.444944494449445e-05,-4.5855137301919746e-05
9.446944694469446e-05,-4.585645296835403e-05
9.448944894489448e-05,-4.585767824464056e-05
9.45094509450945e-05,-4.58588159648199e-05
9.452945294529453e-05,-4.585986900631597e-05
9.454945494549454e-05,-4.5860840290129204e-05
9.456945694569456e-05,-4.58617327810299e-05
9.458945894589458e-05,-4.586254948775145e-05
9.460946094609461e-05,-4.586329346318374e-05
9.462946294629463e-05,-4.5863967804566276e-05
9.464946494649464e-05,-4.586457565368166e-05
9.466946694669466e-05,-4.586512019704865e-05
9.468946894689468e-05,-4.5865604666115696e-05
9.470947094709471e-05,-4.586603233745401e-05
9.472947294729472e-05,-4.5866406532951045e-05
9.474947494749474e-05,-4.586673062000356e-05
9.476947694769476e-05,-4.586700801171112e-05
9.478947894789479e-05,-4.58672421670693e-05
9.48094809480948e-05,-4.5867436591162874e-05
9.482948294829482e-05,-4.586759483535933e-05
9.484948494849484e-05,-4.5867720497501863e-05
9.486948694869486e-05,-4.586781722210299e-05
9.488948894889489e-05,-4.5867888700537524e-05
9.49094909490949e-05,-4.5867938671236076e-05
9.492949294929492e-05,-4.586797091987826e-05
9.494949494949494e-05,-4.586798927958598e-05
9.496949694969497e-05,-4.586799763111673e-05
9.498949894989499e-05,-4.58679999030569e-05
9.5009500950095e-05,-4.5869e-05
9.502950295029502e-05,-4.5869e-05
9.504950495049505e-05,-4.5869e-05
9.506950695069507e-05,-4.5869e-05
9.508950895089508e-05,-4.5869e-05
9.51095109510951e-05,-4.5869e-05
9.512951295129512e-05,-4.5869e-05
9.514951495149515e-05,-4.5869e-05
9.516951695169517e-05,-4.5869e-05
9.518951895189518e-05,-4.5869e-05
9.52095209520952e-05,-4.5869e-05
9.522952295229523e-05,-4.5869e-05
9.524952495249525e-05,-4.5869e-05
9.526952695269526e-05,-4.5869e-05
9.528952895289528e-05,-4.5869e-05
9.53095309530953e-05,-4.5869e-05
9.532953295329533e-05,-4.5869e-05
9.534953495349534e-05,-4.5869e-05
9.536953695369536e-05,-4.5869e-05
9.538953895389538e-05,-4.5869e-05
9.540954095409541e-05,-4.5869e-05
9.542954295429543e-05,-4.5869e-05
9.544954495449544e-05,-4.5869e-05
9.546954695469546e-05,-4.5869e-05
9.548954895489548e-05,-4.5869e-05
9.550955095509551e-05,-4.5869e-05
9.552955295529552e-05,-4.5869e-05
9.554955495549554e-05,-4.5869e-05
9.556955695569556e-05,-4.5869e-05
9.558955895589559e-05,-4.5869e-05
9.56095609560956e-05,-4.5869e-05
9.562956295629562e-05,-4.5869e-05
9.564956495649564e-05,-4.5869e-05
9.566956695669566e-05,-4.5869e-05
9.568956895689569e-05,-4.5869e-05
9.57095709570957e-05,-4.5869e-05
9.572957295729572e-05,-4.5869e-05
9.574957495749574e-05,-4.5869e-05
9.576957695769577e-05,-4.5869e-05
9.578957895789579e-05,-4.5869e-05
9.58095809580958e-05,-4.5869e-05
9.582958295829582e-05,-4.5869e-05
9.584958495849584e-05,-4.5869e-05
9.586958695869587e-05,-4.5869e-05
9.588958895889588e-05,-4.5869e-05
9.59095909590959e-05,-4.5869e-05
9.592959295929592e-05,-4.5869e-05
9.594959495949595e-05,-4.5869e-05
9.596959695969597e-05,-4.5869e-05
9.598959895989598e-05,-4.5869e-05
9.6009600960096e-05,-4.5869e-05
9.602960296029603e-05,-4.5869e-05
9.604960496049605e-05,-4.5869e-05
9.606960696069606e-05,-4.5869e-05
9.608960896089608e-05,-4.5869e-05
9.61096109610961e-05,-4.5869e-05
9.612961296129613e-05,-4.5869e-05
9.614961496149614e-05,-4.5869e-05
9.616961696169616e-05,-4.5869e-05
9.618961896189618e-05,-4.5869e-05
9.620962096209621e-05,-4.5869e-05
9.622962296229623e-05,-4.5869e-05
9.624962496249624e-05,-4.5869e-05
9.626962696269626e-05,-4.5869e-05
9.628962896289628e-05,-4.5869e-05
9.630963096309631e-05,-4.5869e-05
9.632963296329632e-05,-4.5869e-05
9.634963496349634e-05,-4.5869e-05
9.636963696369636e-05,-4.5869e-05
9.638963896389639e-05,-4.5869e-05
9.64096409640964e-05,-4.5869e-05
9.642964296429642e-05,-4.5869e-05
9.644964496449644e-05,-4.5869e-05
9.646964696469646e-05,-4.5869e-05
9.648964896489649e-05,-4.5869e-05
9.65096509650965e-05,-4.5869e-05
9.652965296529652e-05,-4.5869e-05
9.654965496549654e-05,-4.5869e-05
9.656965696569657e-05,-4.5869e-05
9.658965896589659e-05,-4.5869e-05
9.66096609660966e-05,-4.5869e-05
9.662966296629662e-05,-4.5869e-05
9.664966496649664e-05,-4.5869e-05
9.666966696669667e-05,-4.5869e-05
9.668966896689668e-05,-4.5869e-05
9.67096709670967e-05,-4.5869e-05
9.672967296729672e-05,-4.5869e-05
9.674967496749675e-05,-4.5869e-05
9.676967696769677e-05,-4.5869e-05
9.678967896789678e-05,-4.5869e-05
9.68096809680968e-05,-4.5869e-05
9.682968296829683e-05,-4.5869e-05
9.684968496849685e-05,-4.5869e-05
9.686968696869686e-05,-4.5869e-05
9.688968896889688e-05,-4.5869e-05
9.69096909690969e-05,-4.5869e-05
9.692969296929693e-05,-4.5869e-05
9.694969496949695e-05,-4.5869e-05
9.696969696969696e-05,-4.5869e-05
9.698969896989698e-05,-4.5869e-05
9.700970097009701e-05,-4.5869e-05
9.702970297029703e-05,-4.5869e-05
9.704970497049704e-05,-4.5869e-05
9.706970697069706e-05,-4.5869e-05
9.708970897089708e-05,-4.5869e-05
9.710971097109711e-05,-4.5869e-05
9.712971297129712e-05,-4.5869e-05
9.714971497149714e-05,-4.5869e-05
9.716971697169716e-05,-4.5869e-05
9.718971897189719e-05,-4.5869e-05
9.72097209720972e-05,-4.5869e-05
9.722972297229722e-05,-4.5869e-05
9.724972497249724e-05,-4.5869e-05
9.726972697269726e-05,-4.5869e-05
9.728972897289729e-05,-4.5869e-05
9.73097309730973e-05,-4.5869e-05
9.732973297329732e-05,-4.5869e-05
9.734973497349734e-05,-4.5869e-05
9.736973697369737e-05,-4.5869e-05
9.738973897389739e-05,-4.5869e-05
9.74097409740974e-05,-4.5869e-05
9.742974297429742e-05,-4.5869e-05
9.744974497449744e-05,-4.5869e-05
9.746974697469747e-05,-4.5869e-05
9.748974897489748e-05,-4.5869e-05
9.75097509750975e-05,-4.5869e-05
9.752975297529752e-05,-4.5869e-05
9.754975497549755e-05,-4.5869e-05
9.756975697569757e-05,-4.5869e-05
9.758975897589758e-05,-4.5869e-05
9.76097609760976e-05,-4.5869e-05
9.762976297629763e-05,-4.5869e-05
9.764976497649765e-05,-4.5869e-05
9.766976697669766e-05,-4.5869e-05
9.768976897689768e-05,-4.5869e-05
9.77097709770977e-05,-4.5869e-05
9.772977297729773e-05,-4.5869e-05
9.774977497749775e-05,-4.5869e-05
9.776977697769776e-05,-4.5869e-05
9.778977897789778e-05,-4.5869e-05
9.780978097809781e-05,-4.5869e-05
9.782978297829783e-05,-4.5869e-05
9.784978497849784e-05,-4.5869e-05
9.786978697869786e-05,-4.5869e-05
9.788978897889788e-05,-4.5869e-05
9.790979097909791e-05,-4.5869e-05
9.792979297929792e-05,-4.5869e-05
9.794979497949794e-05,-4.5869e-05
9.796979697969796e-05,-4.5869e-05
9.798979897989799e-05,-4.5869e-05
9.8009800980098e-05,-4.5869e-05
9.802980298029802e-05,-4.5869e-05
9.804980498049804e-05,-4.5869e-05
9.806980698069806e-05,-4.5869e-05
9.808980898089809e-05,-4.5869e-05
9.81098109810981e-05,-4.5869e-05
9.812981298129812e-05,-4.5869e-05
9.814981498149814e-05,-4.5869e-05
9.816981698169817e-05,-4.5869e-05
9.818981898189819e-05,-4.5869e-05
9.82098209820982e-05,-4.5869e-05
9.822982298229822e-05,-4.5869e-05
9.824982498249824e-05,-4.5869e-05
9.826982698269827e-05,-4.5869e-05
9.828982898289828e-05,-4.5869e-05
9.83098309830983e-05,-4.5869e-05
9.832983298329832e-05,-4.5869e-05
9.834983498349835e-05,-4.5869e-05
9.836983698369837e-05,-4.5869e-05
9.838983898389838e-05,-4.5869e-05
9.84098409840984e-05,-4.5869e-05
9.842984298429843e-05,-4.5869e-05
9.844984498449845e-05,-4.5869e-05
9.846984698469846e-05,-4.5869e-05
9.848984898489848e-05,-4.5869e-05
9.85098509850985e-05,-4.5869e-05
9.852985298529853e-05,-4.5869e-05
9.854985498549855e-05,-4.5869e-05
9.856985698569856e-05,-4.5869e-05
9.858985898589858e-05,-4.5869e-05
9.860986098609861e-05,-4.5869e-05
9.862986298629863e-05,-4.5869e-05
9.864986498649864e-05,-4.5869e-05
9.866986698669866e-05,-4.5869e-05
9.868986898689868e-05,-4.5869e-05
9.870987098709871e-05,-4.5869e-05
9.872987298729872e-05,-4.5869e-05
9.874987498749874e-05,-4.5869e-05
9.876987698769876e-05,-4.5869e-05
9.878987898789879e-05,-4.5869e-05
9.88098809880988e-05,-4.5869e-05
9.882988298829882e-05,-4.5869e-05
9.884988498849884e-05,-4.5869e-05
9.886988698869886e-05,-4.5869e-05
9.888988898889889e-05,-4.5869e-05
9.89098909890989e-05,-4.5869e-05
9.892989298929892e-05,-4.5869e-05
9.894989498949894e-05,-4.5869e-05
9.896989698969897e-05,-4.5869e-05
9.898989898989899e-05,-4.5869e-05
9.9009900990099e-05,-4.5869e-05
9.902990299029902e-05,-4.5869e-05
9.904990499049904e-05,-4.5869e-05
9.906990699069907e-05,-4.5869e-05
9.908990899089908e-05,-4.5869e-05
9.91099109910991e-05,-4.5869e-05
9.912991299129912e-05,-4.5869e-05
9.914991499149915e-05,-4.5869e-05
9.916991699169917e-05,-4.5869e-05
9.918991899189918e-05,-4.5869e-05
9.92099209920992e-05,-4.5869e-05
9.922992299229922e-05,-4.5869e-05
9.924992499249925e-05,-4.5869e-05
9.926992699269926e-05,-4.5869e-05
9.928992899289928e-05,-4.5869e-05
9.93099309930993e-05,-4.5869e-05
9.932993299329933e-05,-4.5869e-05
9.934993499349935e-05,-4.5869e-05
9.936993699369936e-05,-4.5869e-05
9.938993899389938e-05,-4.5869e-05
9.940994099409941e-05,-4.5869e-05
9.942994299429943e-05,-4.5869e-05
9.944994499449944e-05,-4.5869e-05
9.946994699469946e-05,-4.5869e-05
9.948994899489948e-05,-4.5869e-05
9.950995099509951e-05,-4.5869e-05
9.952995299529953e-05,-4.5869e-05
9.954995499549954e-05,-4.5869e-05
9.956995699569956e-05,-4.5869e-05
9.958995899589959e-05,-4.5869e-05
9.96099609960996e-05,-4.5869e-05
9.962996299629962e-05,-4.5869e-05
9.964996499649964e-05,-4.5869e-05
9.966996699669966e-05,-4.5869e-05
9.968996899689969e-05,-4.5869e-05
9.97099709970997e-05,-4.5869e-05
9.972997299729972e-05,-4.5869e-05
9.974997499749974e-05,-4.5869e-05
9.976997699769977e-05,-4.5869e-05
9.978997899789979e-05,-4.5869e-05
9.98099809980998e-05,-4.5869e-05
9.982998299829982e-05,-4.5869e-05
9.984998499849984e-05,-4.5869e-05
9.986998699869987e-05,-4.5869e-05
9.988998899889988e-05,-4.5869e-05
9.99099909990999e-05,-4.5869e-05
9.992999299929992e-05,-4.5869e-05
9.994999499949995e-05,-4.5869e-05
9.996999699969997e-05,-4.5869e-05
9.998999899989998e-05,-4.5869e-05
0.0001000100010001,-4.5869e-05
0.00010003000300030002,-4.5869e-05
0.00010005000500050005,-4.5869e-05
0.00010007000700070006,-4.5869e-05
0.00010009000900090008,-4.5869e-05
0.0001001100110011001,-4.5869e-05
0.00010013001300130013,-4.5869e-05
0.00010015001500150015,-4.5869e-05
0.00010017001700170016,-4.5869e-05
0.00010019001900190018,-4.5869e-05
0.00010021002100210021,-4.5869e-05
0.00010023002300230023,-4.5869e-05
0.00010025002500250024,-4.5869e-05
0.00010027002700270026,-4.5869e-05
0.00010029002900290028,-4.5869e-05
0.00010031003100310031,-4.5869e-05
0.00010033003300330033,-4.5869e-05
0.00010035003500350034,-4.5869e-05
0.00010037003700370036,-4.5869e-05
0.00010039003900390039,-4.5869e-05
0.0001004100410041004,-4.5869e-05
0.00010043004300430042,-4.5869e-05
0.00010045004500450044,-4.5869e-05
0.00010047004700470046,-4.5869e-05
0.00010049004900490049,-4.5869e-05
0.0001005100510051005,-4.5869e-05
0.00010053005300530052,-4.5869e-05
0.00010055005500550054,-4.5869e-05
0.00010057005700570057,-4.5869e-05
0.00010059005900590059,-4.5869e-05
0.0001006100610061006,-4.5869e-05
0.00010063006300630062,-4.5869e-05
0.00010065006500650064,-4.5869e-05
0.00010067006700670067,-4.5869e-05
0.00010069006900690068,-4.5869e-05
0.0001007100710071007,-4.5869e-05
0.00010073007300730072,-4.5869e-05
0.00010075007500750075,-4.5869e-05
0.00010077007700770077,-4.5869e-05
0.00010079007900790078,-4.5869e-05
0.0001008100810081008,-4.5869e-05
0.00010083008300830082,-4.5869e-05
0.00010085008500850085,-4.5869e-05
0.00010087008700870086,-4.5869e-05
0.00010089008900890088,-4.5869e-05
0.0001009100910091009,-4.5869e-05
0.00010093009300930093,-4.5869e-05
0.00010095009500950095,-4.5869e-05
0.00010097009700970096,-4.5869e-05
0.00010099009900990098,-4.5869e-05
0.00010101010101010101,-4.5869e-05
0.00010103010301030103,-4.5869e-05
0.00010105010501050104,-4.5869e-05
0.00010107010701070106,-4.5869e-05
0.00010109010901090108,-4.5869e-05
0.00010111011101110111,-4.5869e-05
0.00010113011301130113,-4.5869e-05
0.00010115011501150114,-4.5869e-05
0.00010117011701170116,-4.5869e-05
0.00010119011901190119,-4.5869e-05
0.0001012101210121012,-4.5869e-05
0.00010123012301230122,-4.5869e-05
0.00010125012501250124,-4.5869e-05
0.00010127012701270126,-4.5869e-05
0.00010129012901290129,-4.5869e-05
0.0001013101310131013,-4.5869e-05
0.00010133013301330132,-4.5869e-05
0.00010135013501350134,-4.5869e-05
0.00010137013701370137,-4.5869e-05
0.00010139013901390139,-4.5869e-05
0.0001014101410141014,-4.5869e-05
0.00010143014301430142,-4.5869e-05
0.00010145014501450144,-4.5869e-05
0.00010147014701470147,-4.5869e-05
0.00010149014901490148,-4.5869e-05
0.0001015101510151015,-4.5869e-05
0.00010153015301530152,-4.5869e-05
0.00010155015501550155,-4.5869e-05
0.00010157015701570157,-4.5869e-05
0.00010159015901590158,-4.5869e-05
0.0001016101610161016,-4.5869e-05
0.00010163016301630162,-4.5869e-05
0.00010165016501650165,-4.5869e-05
0.00010167016701670166,-4.5869e-05
0.00010169016901690168,-4.5869e-05
0.0001017101710171017,-4.5869e-05
0.00010173017301730173,-4.5869e-05
0.00010175017501750175,-4.5869e-05
0.00010177017701770176,-4.5869e-05
0.00010179017901790178,-4.5869e-05
0.00010181018101810181,-4.5869e-05
0.00010183018301830183,-4.5869e-05
0.00010185018501850184,-4.5869e-05
0.00010187018701870186,-4.5869e-05
0.00010189018901890188,-4.5869e-05
0.00010191019101910191,-4.5869e-05
0.00010193019301930193,-4.5869e-05
0.00010195019501950194,-4.5869e-05
0.00010197019701970196,-4.5869e-05
0.00010199019901990199,-4.5869e-05
0.000102010201020102,-4.5869e-05
0.00010203020302030202,-4.5869e-05
0.00010205020502050204,-4.5869e-05
0.00010207020702070206,-4.5869e-05
0.00010209020902090209,-4.5869e-05
0.0001021102110211021,-4.5869e-05
0.00010213021302130212,-4.5869e-05
0.00010215021502150214,-4.5869e-05
0.00010217021702170217,-4.5869e-05
0.00010219021902190219,-4.5869e-05
0.0001022102210221022,-4.5869e-05
0.00010223022302230222,-4.5869e-05
0.00010225022502250224,-4.5869e-05
0.00010227022702270227,-4.5869e-05
0.00010229022902290228,-4.5869e-05
0.0001023102310231023,-4.5869e-05
0.00010233023302330232,-4.5869e-05
0.00010235023502350235,-4.5869e-05
0.00010237023702370237,-4.5869e-05
0.00010239023902390238,-4.5869e-05
0.0001024102410241024,-4.5869e-05
0.00010243024302430242,-4.5869e-05
0.00010245024502450245,-4.5869e-05
0.00010247024702470246,-4.5869e-05
0.00010249024902490248,-4.5869e-05
0.0001025102510251025,-4.5869e-05
0.00010253025302530253,-4.5869e-05
0.00010255025502550255,-4.5869e-05
0.00010257025702570256,-4.5869e-05
0.00010259025902590258,-4.5869e-05
0.0001026102610261026,-4.5869e-05
0.00010263026302630263,-4.5869e-05
0.00010265026502650264,-4.5869e-05
0.00010267026702670266,-4.5869e-05
0.00010269026902690268,-4.5869e-05
0.00010271027102710271,-4.5869e-05
0.00010273027302730273,-4.5869e-05
0.00010275027502750274,-4.5869e-05
0.00010277027702770276,-4.5869e-05
0.00010279027902790279,-4.5869e-05
0.00010281028102810281,-4.5869e-05
0.00010283028302830282,-4.5869e-05
0.00010285028502850284,-4.5869e-05
0.00010287028702870286,-4.5869e-05
0.00010289028902890289,-4.5869e-05
0.0001029102910291029,-4.5869e-05
0.00010293029302930292,-4.5869e-05
0.00010295029502950294,-4.5869e-05
0.00010297029702970297,-4.5869e-05
0.00010299029902990299,-4.5869e-05
0.000103010301030103,-4.5869e-05
0.00010303030303030302,-4.5869e-05
0.00010305030503050304,-4.5869e-05
0.00010307030703070307,-4.5869e-05
0.00010309030903090308,-4.5869e-05
0.0001031103110311031,-4.5869e-05
0.00010313031303130312,-4.5869e-05
0.00010315031503150315,-4.5869e-05
0.00010317031703170317,-4.5869e-05
0.00010319031903190318,-4.5869e-05
0.0001032103210321032,-4.5869e-05
0.00010323032303230322,-4.5869e-05
0.00010325032503250325,-4.5869e-05
0.00010327032703270326,-4.5869e-05
0.00010329032903290328,-4.5869e-05
0.0001033103310331033,-4.5869e-05
0.00010333033303330333,-4.5869e-05
0.00010335033503350335,-4.5869e-05
0.00010337033703370336,-4.5869e-05
0.00010339033903390338,-4.5869e-05
0.0001034103410341034,-4.5869e-05
0.00010343034303430343,-4.5869e-05
0.00010345034503450344,-4.5869e-05
0.00010347034703470346,-4.5869e-05
0.00010349034903490348,-4.5869e-05
0.00010351035103510351,-4.5869e-05
0.00010353035303530353,-4.5869e-05
0.00010355035503550354,-4.5869e-05
0.00010357035703570356,-4.5869e-05
0.00010359035903590359,-4.5869e-05
0.00010361036103610361,-4.5869e-05
0.00010363036303630362,-4.5869e-05
0.00010365036503650364,-4.5869e-05
0.00010367036703670366,-4.5869e-05
0.00010369036903690369,-4.5869e-05
0.0001037103710371037,-4.5869e-05
0.00010373037303730372,-4.5869e-05
0.00010375037503750374,-4.5869e-05
0.00010377037703770377,-4.5869e-05
0.00010379037903790379,-4.5869e-05
0.0001038103810381038,-4.5869e-05
0.00010383038303830382,-4.5869e-05
0.00010385038503850384,-4.5869e-05
0.00010387038703870387,-4.5869e-05
0.00010389038903890388,-4.5869e-05
0.0001039103910391039,-4.5869e-05
0.00010393039303930392,-4.5869e-05
0.00010395039503950395,-4.5869e-05
0.00010397039703970397,-4.5869e-05
0.00010399039903990398,-4.5869e-05
0.000104010401040104,-4.5869e-05
0.00010403040304030402,-4.5869e-05
0.00010405040504050405,-4.5869e-05
0.00010407040704070406,-4.5869e-05
0.00010409040904090408,-4.5869e-05
0.0001041104110411041,-4.5869e-05
0.00010413041304130413,-4.5869e-05
0.00010415041504150415,-4.5869e-05
0.00010417041704170416,-4.5869e-05
0.00010419041904190418,-4.5869e-05
0.0001042104210421042,-4.5869e-05
0.00010423042304230423,-4.5869e-05
0.00010425042504250424,-4.5869e-05
0.00010427042704270426,-4.5869e-05
0.00010429042904290428,-4.5869e-05
0.00010431043104310431,-4.5869e-05
0.00010433043304330433,-4.5869e-05
0.00010435043504350434,-4.5869e-05
0.00010437043704370436,-4.5869e-05
0.00010439043904390439,-4.5869e-05
0.00010441044104410441,-4.5869e-05
0.00010443044304430442,-4.5869e-05
0.00010445044504450444,-4.5869e-05
0.00010447044704470446,-4.5869e-05
0.00010449044904490449,-4.5869e-05
0.0001045104510451045,-4.5869e-05
0.00010453045304530452,-4.5869e-05
0.00010455045504550454,-4.5869e-05
0.00010457045704570457,-4.5869e-05
0.00010459045904590459,-4.5869e-05
0.0001046104610461046,-4.5869e-05
0.00010463046304630462,-4.5869e-05
0.00010465046504650464,-4.5869e-05
0.00010467046704670467,-4.5869e-05
0.00010469046904690469,-4.5869e-05
0.0001047104710471047,-4.5869e-05
0.00010473047304730472,-4.5869e-05
0.00010475047504750475,-4.5869e-05
0.00010477047704770477,-4.5869e-05
0.00010479047904790478,-4.5869e-05
0.0001048104810481048,-4.5869e-05
0.00010483048304830482,-4.5869e-05
0.00010485048504850485,-4.5869e-05
0.00010487048704870486,-4.5869e-05
0.00010489048904890488,-4.5869e-05
0.0001049104910491049,-4.5869e-05
0.00010493049304930493,-4.5869e-05
0.00010495049504950495,-4.5869e-05
0.00010497049704970496,-4.5869e-05
0.00010499049904990498,-4.5869e-05
0.000105010501050105,-4.586900010022657e-05
0.00010503050305030503,-4.586900244911735e-05
0.00010505050505050504,-4.58690110835145e-05
0.00010507050705070506,-4.5869030065065635e-05
0.00010509050905090508,-4.586906340596952e-05
0.00010511051105110511,-4.586911506917593e-05
0.00010513051305130513,-4.5869188968585474e-05
0.00010515051505150514,-4.58692889692494e-05
0.00010517051705170516,-4.586941888756948e-05
0.00010519051905190519,-4.586958249149779e-05
0.00010521052105210521,-4.586978350073659e-05
0.00010523052305230522,-4.587002558693813e-05
0.00010525052505250524,-4.5870312373904486e-05
0.00010527052705270526,-4.587064743778741e-05
0.00010529052905290529,-4.587103430728814e-05
0.0001053105310531053,-4.587147646385725e-05
0.00010533053305330532,-4.5871977341894476e-05
0.00010535053505350534,-4.5872540328948567e-05
0.00010537053705370537,-4.5873168765917094e-05
0.00010539053905390539,-4.5873865947246295e-05
0.0001054105410541054,-4.58746351211309e-05
0.00010543054305430542,-4.5875479489713996e-05
0.00010545054505450544,-4.587640220928681e-05
0.00010547054705470547,-4.58774063904886e-05
0.00010549054905490549,-4.587849509850642e-05
0.0001055105510551055,-4.587967135327503e-05
0.00010553055305530552,-4.5880938129676665e-05
0.00010555055505550555,-4.5882298357740924e-05
0.00010557055705570557,-4.588375492284455e-05
0.00010559055905590558,-4.588531066591129e-05
0.0001056105610561056,-4.588696838361174e-05
0.00010563056305630562,-4.5888730828563165e-05
0.00010565056505650565,-4.589060070952933e-05
0.00010567056705670566,-4.589258069162034e-05
0.00010569056905690568,-4.589467339649246e-05
0.0001057105710571057,-4.589688140254798e-05
0.00010573057305730573,-4.5899207245135016e-05
0.00010575057505750575,-4.590165341674736e-05
0.00010577057705770576,-4.59042223672243e-05
0.00010579057905790578,-4.590691650395048e-05
0.0001058105810581058,-4.5909738192055704e-05
0.00010583058305830583,-4.59126897546148e-05
0.00010585058505850584,-4.5915773472847406e-05
0.00010587058705870586,-4.591899158631786e-05
0.00010589058905890588,-4.5922346293135015e-05
0.00010591059105910591,-4.5925839750152036e-05
0.00010593059305930593,-4.5929474073166276e-05
0.00010595059505950594,-4.5933251337119115e-05
0.00010597059705970596,-4.593717357629575e-05
0.00010599059905990598,-4.594124278452506e-05
0.00010601060106010601,-4.594546091537945e-05
0.00010603060306030602,-4.594982988237465e-05
0.00010605060506050604,-4.5954351559169574e-05
0.00010607060706070606,-4.595902777976614e-05
0.00010609060906090609,-4.5963860338709136e-05
0.0001061106110611061,-4.596885099128599e-05
0.00010613061306130612,-4.597400145372666e-05
0.00010615061506150614,-4.5979313403403464e-05
0.00010617061706170617,-4.598478847903088e-05
0.00010619061906190619,-4.5990428280865394e-05
0.0001062106210621062,-4.5996234370905365e-05
0.00010623062306230622,-4.600220827309081e-05
0.00010625062506250624,-4.600835147350325e-05
0.00010627062706270627,-4.6014665420565597e-05
0.00010629062906290629,-4.602115152524189e-05
0.0001063106310631063,-4.6027811161237224e-05
0.00010633063306330632,-4.6034645665197516e-05
0.00010635063506350635,-4.6041656336909384e-05
0.00010637063706370637,-4.604884443949995e-05
0.00010639063906390638,-4.6056211199636685e-05
0.0001064106410641064,-4.606375780772725e-05
0.00010643064306430642,-4.607148541811932e-05
0.00010645064506450645,-4.6079395149300424e-05
0.00010647064706470646,-4.608748808409776e-05
0.00010649064906490648,-4.609576526987806e-05
0.0001065106510651065,-4.6104227718747394e-05
0.00010653065306530653,-4.6112876407751034e-05
0.00010655065506550655,-4.612171227907326e-05
0.00010657065706570656,-4.61307362402372e-05
0.00010659065906590658,-4.613994916430467e-05
0.0001066106610661066,-4.614935189007601e-05
0.00010663066306630663,-4.615894522228993e-05
0.00010665066506650664,-4.616872993182328e-05
0.00010667066706670666,-4.617870675589097e-05
0.00010669066906690668,-4.618887639824576e-05
0.00010671067106710671,-4.619923952937809e-05
0.00010673067306730673,-4.620979678671591e-05
0.00010675067506750674,-4.622054877482455e-05
0.00010677067706770676,-4.6231496065606505e-05
0.00010679067906790678,-4.624263919850131e-05
0.00010681068106810681,-4.625397868068536e-05
0.00010683068306830682,-4.626551498727171e-05
0.00010685068506850684,-4.627724856150997e-05
0.00010687068706870686,-4.6289179814986086e-05
0.00010689068906890689,-4.630130912782222e-05
0.0001069106910691069,-4.6313636848876526e-05
0.00010693069306930692,-4.632616329594304e-05
0.00010695069506950694,-4.633888875595148e-05
0.00010697069706970697,-4.63518134851671e-05
0.00010699069906990699,-4.636493770939048e-05
0.000107010701070107,-4.637826162415744e-05
0.00010703070307030702,-4.639178539493879e-05
0.00010705070507050704,-4.6405509157340225e-05
0.00010707070707070707,-4.641943301730213e-05
0.00010709070907090709,-4.6433557051299376e-05
0.0001071107110711071,-4.6447881306541245e-05
0.00010713071307130712,-4.646240580117121e-05
0.00010715071507150715,-4.6477130524466746e-05
0.00010717071707170717,-4.6492055437039204e-05
0.00010719071907190718,-4.6507180471033626e-05
0.0001072107210721072,-4.652250553032859e-05
0.00010723072307230722,-4.653803049073604e-05
0.00010725072507250725,-4.6553755200201114e-05
0.00010727072707270727,-4.6569679479001955e-05
0.00010729072907290728,-4.65858031199496e-05
0.0001073107310731073,-4.660212588858778e-05
0.00010733073307330733,-4.661864752339277e-05
0.00010735073507350735,-4.663536773597315e-05
0.00010737073707370736,-4.665228621126977e-05
0.00010739073907390738,-4.6669402607755474e-05
0.0001074107410741074,-4.668671655763498e-05
0.00010743074307430743,-4.670422766704472e-05
0.00010745074507450744,-4.6721935516252615e-05
0.00010747074707470746,-4.673983965985801e-05
0.00010749074907490748,-4.67579396269914e-05
0.00010751075107510751,-4.677623492151437e-05
0.00010753075307530753,-4.67947250222193e-05
0.00010755075507550754,-4.681340938302934e-05
0.00010757075707570756,-4.6832287433198135e-05
0.00010759075907590758,-4.6851358577509715e-05
0.00010761076107610761,-4.687062219647831e-05
0.00010763076307630762,-4.6890077646548174e-05
0.00010765076507650764,-4.6909724260293436e-05
0.00010767076707670766,-4.692956134661795e-05
0.00010769076907690769,-4.694958819095509e-05
0.0001077107710771077,-4.6969804055467576e-05
0.00010773077307730772,-4.699020817924737e-05
0.00010775077507750774,-4.701079977851546e-05
0.00010777077707770777,-4.7031578046821723e-05
0.00010779077907790779,-4.7052542155244685e-05
0.0001078107810781078,-4.707369125259147e-05
0.00010783078307830782,-4.709502446559755e-05
0.00010785078507850784,-4.71165408991266e-05
0.00010787078707870787,-4.713823963637037e-05
0.00010789078907890789,-4.716011973904841e-05
0.0001079107910791079,-4.718218024760805e-05
0.00010793079307930792,-4.720442018142412e-05
0.00010795079507950795,-4.722683853899887e-05
0.00010797079707970797,-4.724943429816167e-05
0.00010799079907990798,-4.7272206416269023e-05
0.000108010801080108,-4.7295153830404266e-05
0.00010803080308030802,-4.731827545757745e-05
0.00010805080508050805,-4.734157019492519e-05
0.00010807080708070807,-4.7365036919910425e-05
0.00010809080908090808,-4.738867449052234e-05
0.0001081108110811081,-4.741248174547618e-05
0.00010813081308130813,-4.743645750441305e-05
0.00010815081508150815,-4.746060056809974e-05
0.00010817081708170816,-4.748490971862861e-05
0.00010819081908190818,-4.750938371961741e-05
0.0001082108210821082,-4.753402131640909e-05
0.00010823082308230823,-4.755882123627166e-05
0.00010825082508250824,-4.758378218859796e-05
0.00010827082708270826,-4.760890286510559e-05
0.00010829082908290828,-4.763418194003669e-05
0.00010831083108310831,-4.7659618070357785e-05
0.00010833083308330833,-4.7685209895959576e-05
0.00010835083508350834,-4.7710956039856855e-05
0.00010837083708370836,-4.773685510838828e-05
0.00010839083908390838,-4.7762905691416213e-05
0.00010841084108410841,-4.778910636252661e-05
0.00010843084308430842,-4.781545567922872e-05
0.00010845084508450844,-4.7841952183155095e-05
0.00010847084708470846,-4.78685944002613e-05
0.00010849084908490849,-4.789538084102581e-05
0.0001085108510851085,-4.792231000064975e-05
0.00010853085308530852,-4.794938035925686e-05
0.00010855085508550854,-4.797659038209324e-05
0.00010857085708570857,-4.800393851972724e-05
0.00010859085908590859,-4.8031423208249195e-05
0.0001086108610861086,-4.8059042869471375e-05
0.00010863086308630862,-4.808679591112776e-05
0.00010865086508650864,-4.8114680727073885e-05
0.00010867086708670867,-4.814269569748668e-05
0.00010869086908690869,-4.817083918906425e-05
0.0001087108710871087,-4.819910955522579e-05
0.00010873087308730872,-4.822750513631139e-05
0.00010875087508750875,-4.8256024259781867e-05
0.00010877087708770877,-4.8284665240418525e-05
0.00010879087908790878,-4.831342638052313e-05
0.0001088108810881088,-4.834230597011764e-05
0.00010883088308830882,-4.837130228714409e-05
0.00010885088508850885,-4.8400413597664375e-05
0.00010887088708870887,-4.842963815606011e-05
0.00010889088908890888,-4.845897420523249e-05
0.0001089108910891089,-4.8488419976802095e-05
0.00010893089308930893,-4.851797369130874e-05
0.00010895089508950895,-4.854763355841125e-05
0.00010897089708970896,-4.857739777708738e-05
0.00010899089908990898,-4.860726453583361e-05
0.000109010901090109,-4.863723201286498e-05
0.00010903090309030903,-4.866729837631492e-05
0.00010905090509050904,-4.869746178443504e-05
0.00010907090709070906,-4.872772038579507e-05
0.00010909090909090908,-4.875807231948262e-05
0.00010911091109110911,-4.878851571530303e-05
0.00010913091309130913,-4.881904869397914e-05
0.00010915091509150914,-4.884966936735127e-05
0.00010917091709170916,-4.888037583857691e-05
0.00010919091909190918,-4.891116620233064e-05
0.00010921092109210921,-4.8942038545003953e-05
0.00010923092309230922,-4.897299094490499e-05
0.00010925092509250924,-4.9004021472458537e-05
0.00010927092709270926,-4.903512819040574e-05
0.00010929092909290929,-4.9066309154004006e-05
0.0001093109310931093,-4.909756241122674e-05
0.00010933093309330932,-4.91288860029633e-05
0.00010935093509350934,-4.9160277963218764e-05
0.00010937093709370936,-4.9191736319313766e-05
0.00010939093909390939,-4.922325909208436e-05
0.0001094109410941094,-4.925484429608177e-05
0.00010943094309430942,-4.928648993977235e-05
0.00010945094509450944,-4.931819402573733e-05
0.00010947094709470947,-4.934995455087269e-05
0.00010949094909490949,-4.938176950658893e-05
0.0001095109510951095,-4.941363687901098e-05
0.00010953095309530952,-4.944555464917801e-05
0.00010955095509550955,-4.9477520793243275e-05
0.00010957095709570957,-4.950953328267386e-05
0.00010959095909590958,-4.954159008445065e-05
0.0001096109610961096,-4.957368916126807e-05
0.00010963096309630962,-4.960582847173397e-05
0.00010965096509650965,-4.963800597056942e-05
0.00010967096709670967,-4.967021960880853e-05
0.00010969096909690968,-4.9702467333998356e-05
0.0001097109710971097,-4.973474709039868e-05
0.00010973097309730973,-4.976705681918187e-05
0.00010975097509750975,-4.979939445863263e-05
0.00010977097709770976,-4.9831757944347975e-05
0.00010979097909790978,-4.986414520943695e-05
0.0001098109810981098,-4.9896554184720545e-05
0.00010983098309830983,-4.9928982798931464e-05
0.00010985098509850985,-4.996142897891394e-05
0.00010987098709870986,-4.999389064982368e-05
0.00010989098909890988,-5.00263657353276e-05
0.00010991099109910991,-5.005885215780371e-05
0.00010993099309930993,-5.0091347838540874e-05
0.00010995099509950994,-5.012385069793874e-05
0.00010997099709970996,-5.0156358655707535e-05
0.00010999099909990998,-5.018886963106787e-05
0.00011001100110011001,-5.022138154295063e-05
0.00011003100310031002,-5.025389231019671e-05
0.00011005100510051004,-5.028639985175696e-05
0.00011007100710071006,-5.0318902086891996e-05
0.00011009100910091009,-5.035139693537198e-05
0.0001101110111011101,-5.038388231767645e-05
0.00011013101310131012,-5.0416356155194244e-05
0.00011015101510151014,-5.044881637042324e-05
0.00011017101710171016,-5.0481260887170265e-05
0.00011019101910191019,-5.0513687630750865e-05
0.0001102110211021102,-5.054609452818913e-05
0.00011023102310231022,-5.057847950841762e-05
0.00011025102510251024,-5.061084050247711e-05
0.00011027102710271027,-5.064317544371649e-05
0.00011029102910291029,-5.067548226799248e-05
0.0001103110311031103,-5.0707758913869614e-05
0.00011033103310331032,-5.074000332282001e-05
0.00011035103510351035,-5.077221343942319e-05
0.00011037103710371037,-5.080438721156587e-05
0.00011039103910391038,-5.0836522590641895e-05
0.0001104110411041104,-5.086861753175204e-05
0.00011043104310431042,-5.09006699939038e-05
0.00011045104510451045,-5.093267794021127e-05
0.00011047104710471047,-5.096463933809492e-05
0.00011049104910491048,-5.099655215948151e-05
0.0001105110511051105,-5.102841438100387e-05
0.00011053105310531053,-5.1060223984200764e-05
0.00011055105510551055,-5.109197895571666e-05
0.00011057105710571056,-5.112367728750164e-05
0.00011059105910591058,-5.115531697701121e-05
0.0001106110611061106,-5.1186896027406115e-05
0.00011063106310631063,-5.121841244775221e-05
0.00011065106510651065,-5.124986425322021e-05
0.00011067106710671066,-5.128124946528562e-05
0.00011069106910691068,-5.131256611192855e-05
0.00011071107110711071,-5.134381222783351e-05
0.00011073107310731073,-5.1374985854589234e-05
0.00011075107510751074,-5.140608504088857e-05
0.00011077107710771076,-5.14371078427283e-05
0.00011079107910791078,-5.146805232360894e-05
0.00011081108110811081,-5.149891655473462e-05
0.00011083108310831082,-5.152969861521283e-05
0.00011085108510851084,-5.156039659225436e-05
0.00011087108710871086,-5.1591008581373094e-05
0.00011089108910891089,-5.162153268658584e-05
0.0001109110911091109,-5.165196702061212e-05
0.00011093109310931092,-5.1682309705074084e-05
0.00011095109510951094,-5.17125588706963e-05
0.00011097109710971096,-5.174271265750558e-05
0.00011099109910991099,-5.1772769215030856e-05
0.000111011101110111,-5.1802726702502925e-05
0.00011103110311031102,-5.183258328905439e-05
0.00011105110511051104,-5.186233715391945e-05
0.00011107110711071107,-5.1891986486633715e-05
0.00011109110911091109,-5.192152948723402e-05
0.0001111111111111111,-5.195096436645834e-05
0.00011113111311131112,-5.198028934594557e-05
0.00011115111511151115,-5.2009502658435366e-05
0.00011117111711171117,-5.203860254796792e-05
0.00011119111911191118,-5.206758727008392e-05
0.0001112111211121112,-5.2096455092024304e-05
0.00011123112311231122,-5.212520429293008e-05
0.00011125112511251125,-5.2153833164042213e-05
0.00011127112711271127,-5.2182340008901374e-05
0.00011129112911291128,-5.2210723143547894e-05
0.0001113111311131113,-5.22389808967215e-05
0.00011133113311331133,-5.2267111610061206e-05
0.00011135113511351135,-5.2295113638305065e-05
0.00011137113711371136,-5.232298534949012e-05
0.00011139113911391138,-5.235072512515216e-05
0.0001114111411141114,-5.2378331360525565e-05
0.00011143114311431143,-5.2405802464743164e-05
0.00011145114511451145,-5.2433136861036004e-05
0.00011147114711471146,-5.246033298693327e-05
0.00011149114911491148,-5.2487389294462064e-05
0.00011151115111511151,-5.251430425034731e-05
0.00011153115311531153,-5.25410763362114e-05
0.00011155115511551154,-5.2567704048774284e-05
0.00011157115711571156,-5.259418590005313e-05
0.00011159115911591158,-5.2620520417562215e-05
0.00011161116111611161,-5.264670614451275e-05
0.00011163116311631162,-5.267274164001267e-05
0.00011165116511651164,-5.2698625479266575e-05
0.00011167116711671166,-5.2724356253775475e-05
0.00011169116911691169,-5.274993257153666e-05
0.0001117111711171117,-5.2775353057243484e-05
0.00011173117311731172,-5.2800616352485254e-05
0.00011175117511751174,-5.2825721115947076e-05
0.00011177117711771176,-5.2850666023609626e-05
0.00011179117911791179,-5.287544976894906e-05
0.0001118111811181118,-5.2900071063136724e-05
0.00011183118311831182,-5.292452863523913e-05
0.00011185118511851184,-5.294882123241773e-05
0.00011187118711871187,-5.297294762012873e-05
0.00011189118911891189,-5.299690658232291e-05
0.0001119111911191119,-5.3020696921645546e-05
0.00011193119311931192,-5.3044317459636164e-05
0.00011195119511951195,-5.30677670369284e-05
0.00011197119711971197,-5.309104451344978e-05
0.00011199119911991198,-5.3114148768621676e-05
0.000112011201120112,-5.313707870155903e-05
0.00011203120312031202,-5.3159833231270246e-05
0.00011205120512051205,-5.318241129685698e-05
0.00011207120712071207,-5.3204811857713985e-05
0.00011209120912091208,-5.322703389372898e-05
0.0001121112111211121,-5.3249076405482464e-05
0.00011213121312131213,-5.327093841444754e-05
0.00011215121512151215,-5.329261896318971e-05
0.00011217121712171216,-5.331411711556682e-05
0.00011219121912191218,-5.3335431956928786e-05
0.0001122112211221122,-5.3356562594317475e-05
0.00011223122312231223,-5.3377508156666554e-05
0.00011225122512251225,-5.339826779500124e-05
0.00011227122712271226,-5.3418840682638245e-05
0.00011229122912291228,-5.343922601538557e-05
0.00011231123112311231,-5.3459423011742284e-05
0.00011233123312331233,-5.347943091309843e-05
0.00011235123512351234,-5.349924898393482e-05
0.00011237123712371236,-5.351887651202287e-05
0.00011239123912391238,-5.353831280862448e-05
0.00011241124112411241,-5.35575572086918e-05
0.00011243124312431243,-5.3576609071067077e-05
0.00011245124512451244,-5.3595467778682533e-05
0.00011247124712471246,-5.361413273876017e-05
0.00011249124912491249,-5.3632603383011596e-05
0.0001125112511251125,-5.3650879167837865e-05
0.00011253125312531252,-5.3668959574529314e-05
0.00011255125512551254,-5.368684410946541e-05
0.00011257125712571256,-5.370453230431456e-05
0.00011259125912591259,-5.372202371623396e-05
0.0001126112611261126,-5.373931792806938e-05
0.00011263126312631262,-5.3756414548555116e-05
0.00011265126512651264,-5.377331321251367e-05
0.00011267126712671267,-5.3790013581055725e-05
0.00011269126912691269,-5.380651534177989e-05
0.0001127112711271127,-5.382281820897254e-05
0.00011273127312731272,-5.3838921923807696e-05
0.00011275127512751274,-5.385482625454682e-05
0.00011277127712771277,-5.387053099673868e-05
0.00011279127912791278,-5.3886035973419114e-05
0.0001128112811281128,-5.3901341035310944e-05
0.00011283128312831282,-5.391644606102381e-05
0.00011285128512851285,-5.393135095725393e-05
0.00011287128712871287,-5.3946055658983974e-05
0.00011289128912891288,-5.39605601296829e-05
0.0001129112911291129,-5.397486436150585e-05
0.00011293129312931293,-5.398896837549383e-05
0.00011295129512951295,-5.400287222177369e-05
0.00011297129712971296,-5.4016575979757886e-05
0.00011299129912991298,-5.4030079758344334e-05
0.000113011301130113,-5.4043383696116245e-05
0.00011303130313031303,-5.405648796154195e-05
0.00011305130513051305,-5.406939275317472e-05
0.00011307130713071306,-5.408209829985262e-05
0.00011309130913091308,-5.409460486089839e-05
0.00011311131113111311,-5.410691272631915e-05
0.00011313131313131313,-5.411902221700637e-05
0.00011315131513151314,-5.413093368493564e-05
0.00011317131713171316,-5.414264751336644e-05
0.00011319131913191318,-5.415416411704215e-05
0.00011321132113211321,-5.416548394238971e-05
0.00011323132313231323,-5.417660746771952e-05
0.00011325132513251324,-5.418753520342529e-05
0.00011327132713271326,-5.419826769218386e-05
0.00011329132913291329,-5.420880550915503e-05
0.0001133113311331133,-5.421914926218138e-05
0.00011333133313331332,-5.422929959198813e-05
0.00011335133513351334,-5.423925717238295e-05
0.00011337133713371336,-5.424902271045584e-05
0.00011339133913391339,-5.425859694677888e-05
0.0001134113411341134,-5.426798065560613e-05
0.00011343134313431342,-5.42771746450735e-05
0.00011345134513451344,-5.4286179757398435e-05
0.00011347134713471347,-5.429499686907993e-05
0.00011349134913491349,-5.430362689109821e-05
0.0001135113511351135,-5.431207076911466e-05
0.00011353135313531352,-5.432032948367165e-05
0.00011355135513551354,-5.432840405039233e-05
0.00011357135713571357,-5.433629552018047e-05
0.00011359135913591358,-5.434400497942034e-05
0.0001136113611361136,-5.435153355017645e-05
0.00011363136313631362,-5.43588823903935e-05
0.00011365136513651365,-5.436605269409615e-05
0.00011367136713671367,-5.437304569158882e-05
0.00011369136913691368,-5.43798626496556e-05
0.0001137113711371137,-5.438650487176005e-05
0.00011373137313731373,-5.439297369824503e-05
0.00011375137513751375,-5.439927050653249e-05
0.00011377137713771376,-5.440539671132341e-05
0.00011379137913791378,-5.441135376479753e-05
0.0001138113811381138,-5.4417143156813245e-05
0.00011383138313831383,-5.442276641510745e-05
0.00011385138513851385,-5.442822510549526e-05
0.00011387138713871386,-5.443352083207002e-05
0.00011389138913891388,-5.443865523740297e-05
0.00011391139113911391,-5.444363000274321e-05
0.00011393139313931393,-5.4448446848217436e-05
0.00011395139513951394,-5.445310753302985e-05
0.00011397139713971396,-5.445761385566194e-05
0.00011399139913991398,-5.446196765407235e-05
0.00011401140114011401,-5.446617080589664e-05
0.00011403140314031403,-5.447022522864726e-05
0.00011405140514051404,-5.447413287991326e-05
0.00011407140714071406,-5.4477895757560134e-05
0.00011409140914091409,-5.4481515899929746e-05
0.0001141114111411141,-5.448499538604004e-05
0.00011413141314131412,-5.448833633578497e-05
0.00011415141514151414,-5.4491540910134314e-05
0.00011417141714171416,-5.4494611311333426e-05
0.00011419141914191419,-5.4497549783103195e-05
0.0001142114211421142,-5.450035861083981e-05
0.00011423142314231422,-5.45030401218146e-05
0.00011425142514251424,-5.450559668537382e-05
0.00011427142714271427,-5.4508030713138644e-05
0.00011429142914291429,-5.451034465920476e-05
0.0001143114311431143,-5.4512541020342454e-05
0.00011433143314331432,-5.451462233619623e-05
0.00011435143514351434,-5.4516591189484795e-05
0.00011437143714371437,-5.451845020620083e-05
0.00011439143914391438,-5.4520202055810776e-05
0.0001144114411441144,-5.452184945145476e-05
0.00011443144314431442,-5.4523395150146416e-05
0.00011445144514451445,-5.4524841952972594e-05
0.00011447144714471447,-5.452619270529345e-05
0.00011449144914491448,-5.452745029694195e-05
0.0001145114511451145,-5.4528617662423964e-05
0.00011453145314531453,-5.4529697781118035e-05
0.00011455145514551455,-5.4530693677475115e-05
0.00011457145714571456,-5.4531608421218494e-05
0.00011459145914591458,-5.4532445127543656e-05
0.0001146114611461146,-5.453320695731798e-05
0.00011463146314631463,-5.453389711728077e-05
0.00011465146514651465,-5.4534518860242914e-05
0.00011467146714671466,-5.453507548528674e-05
0.00011469146914691468,-5.4535570337965975e-05
0.00011471147114711471,-5.453600681050548e-05
0.00011473147314731473,-5.4536388342001095e-05
0.00011475147514751474,-5.453671841861943e-05
0.00011477147714771476,-5.453700057379783e-05
0.00011479147914791478,-5.4537238388444045e-05
0.00011481148114811481,-5.4537435491136184e-05
0.00011483148314831483,-5.453759555832249e-05
0.00011485148514851484,-5.4537722314521275e-05
0.00011487148714871486,-5.4537819532520524e-05
0.00011489148914891489,-5.453789103357799e-05
0.0001149114911491149,-5.453794068762089e-05
0.00011493149314931492,-5.45379724134457e-05
0.00011495149514951494,-5.453799017891816e-05
0.00011497149714971496,-5.4537998001172896e-05
0.00011499149914991499,-5.453799994681339e-05
0.000115011501150115,-5.4538e-05
0.00011503150315031502,-5.4538e-05
0.00011505150515051504,-5.4538e-05
0.00011507150715071507,-5.4538e-05
0.00011509150915091509,-5.4538e-05
0.0001151115111511151,-5.4538e-05
0.00011513151315131512,-5.4538e-05
0.00011515151515151514,-5.4538e-05
0.00011517151715171517,-5.4538e-05
0.00011519151915191518,-5.4538e-05
0.0001152115211521152,-5.4538e-05
0.00011523152315231522,-5.4538e-05
0.00011525152515251525,-5.4538e-05
0.00011527152715271527,-5.4538e-05
0.00011529152915291528,-5.4538e-05
0.0001153115311531153,-5.4538e-05
0.00011533153315331533,-5.4538e-05
0.00011535153515351535,-5.4538e-05
0.00011537153715371536,-5.4538e-05
0.00011539153915391538,-5.4538e-05
0.0001154115411541154,-5.4538e-05
0.00011543154315431543,-5.4538e-05
0.00011545154515451545,-5.4538e-05
0.00011547154715471546,-5.4538e-05
0.00011549154915491548,-5.4538e-05
0.00011551155115511551,-5.4538e-05
0.00011553155315531553,-5.4538e-05
0.00011555155515551554,-5.4538e-05
0.00011557155715571556,-5.4538e-05
0.00011559155915591558,-5.4538e-05
0.00011561156115611561,-5.4538e-05
0.00011563156315631563,-5.4538e-05
0.00011565156515651564,-5.4538e-05
0.00011567156715671566,-5.4538e-05
0.00011569156915691569,-5.4538e-05
0.00011571157115711571,-5.4538e-05
0.00011573157315731572,-5.4538e-05
0.00011575157515751574,-5.4538e-05
0.00011577157715771576,-5.4538e-05
0.00011579157915791579,-5.4538e-05
0.0001158115811581158,-5.4538e-05
0.00011583158315831582,-5.4538e-05
0.00011585158515851584,-5.4538e-05
0.00011587158715871587,-5.4538e-05
0.00011589158915891589,-5.4538e-05
0.0001159115911591159,-5.4538e-05
0.00011593159315931592,-5.4538e-05
0.00011595159515951594,-5.4538e-05
0.00011597159715971597,-5.4538e-05
0.00011599159915991598,-5.4538e-05
0.000116011601160116,-5.4538e-05
0.00011603160316031602,-5.4538e-05
0.00011605160516051605,-5.4538e-05
0.00011607160716071607,-5.4538e-05
0.00011609160916091608,-5.4538e-05
0.0001161116111611161,-5.4538e-05
0.00011613161316131612,-5.4538e-05
0.00011615161516151615,-5.4538e-05
0.00011617161716171616,-5.4538e-05
0.00011619161916191618,-5.4538e-05
0.0001162116211621162,-5.4538e-05
0.00011623162316231623,-5.4538e-05
0.00011625162516251625,-5.4538e-05
0.00011627162716271626,-5.4538e-05
0.00011629162916291628,-5.4538e-05
0.00011631163116311631,-5.4538e-05
0.00011633163316331633,-5.4538e-05
0.00011635163516351634,-5.4538e-05
0.00011637163716371636,-5.4538e-05
0.00011639163916391638,-5.4538e-05
0.00011641164116411641,-5.4538e-05
0.00011643164316431643,-5.4538e-05
0.00011645164516451644,-5.4538e-05
0.00011647164716471646,-5.4538e-05
0.00011649164916491649,-5.4538e-05
0.00011651165116511651,-5.4538e-05
0.00011653165316531652,-5.4538e-05
0.00011655165516551654,-5.4538e-05
0.00011657165716571656,-5.4538e-05
0.00011659165916591659,-5.4538e-05
0.0001166116611661166,-5.4538e-05
0.00011663166316631662,-5.4538e-05
0.00011665166516651664,-5.4538e-05
0.00011667166716671667,-5.4538e-05
0.00011669166916691669,-5.4538e-05
0.0001167116711671167,-5.4538e-05
0.00011673167316731672,-5.4538e-05
0.00011675167516751674,-5.4538e-05
0.00011677167716771677,-5.4538e-05
0.00011679167916791678,-5.4538e-05
0.0001168116811681168,-5.4538e-05
0.00011683168316831682,-5.4538e-05
0.00011685168516851685,-5.4538e-05
0.00011687168716871687,-5.4538e-05
0.00011689168916891688,-5.4538e-05
0.0001169116911691169,-5.4538e-05
0.00011693169316931692,-5.4538e-05
0.00011695169516951695,-5.4538e-05
0.00011697169716971696,-5.4538e-05
0.00011699169916991698,-5.4538e-05
0.000117011701170117,-5.4538e-05
0.00011703170317031703,-5.4538e-05
0.00011705170517051705,-5.4538e-05
0.00011707170717071706,-5.4538e-05
0.00011709170917091708,-5.4538e-05
0.00011711171117111711,-5.4538e-05
0.00011713171317131713,-5.4538e-05
0.00011715171517151714,-5.4538e-05
0.00011717171717171716,-5.4538e-05
0.00011719171917191718,-5.4538e-05
0.00011721172117211721,-5.4538e-05
0.00011723172317231723,-5.4538e-05
0.00011725172517251724,-5.4538e-05
0.00011727172717271726,-5.4538e-05
0.00011729172917291729,-5.4538e-05
0.00011731173117311731,-5.4538e-05
0.00011733173317331732,-5.4538e-05
0.00011735173517351734,-5.4538e-05
0.00011737173717371736,-5.4538e-05
0.00011739173917391739,-5.4538e-05
0.0001174117411741174,-5.4538e-05
0.00011743174317431742,-5.4538e-05
0.00011745174517451744,-5.4538e-05
0.00011747174717471747,-5.4538e-05
0.00011749174917491749,-5.4538e-05
0.0001175117511751175,-5.4538e-05
0.00011753175317531752,-5.4538e-05
0.00011755175517551754,-5.4538e-05
0.00011757175717571757,-5.4538e-05
0.00011759175917591759,-5.4538e-05
0.0001176117611761176,-5.4538e-05
0.00011763176317631762,-5.4538e-05
0.00011765176517651765,-5.4538e-05
0.00011767176717671767,-5.4538e-05
0.00011769176917691768,-5.4538e-05
0.0001177117711771177,-5.4538e-05
0.00011773177317731772,-5.4538e-05
0.00011775177517751775,-5.4538e-05
0.00011777177717771776,-5.4538e-05
0.00011779177917791778,-5.4538e-05
0.0001178117811781178,-5.4538e-05
0.00011783178317831783,-5.4538e-05
0.00011785178517851785,-5.4538e-05
0.00011787178717871786,-5.4538e-05
0.00011789178917891788,-5.4538e-05
0.00011791179117911791,-5.4538e-05
0.00011793179317931793,-5.4538e-05
0.00011795179517951794,-5.4538e-05
0.00011797179717971796,-5.4538e-05
0.00011799179917991798,-5.4538e-05
0.00011801180118011801,-5.4538e-05
0.00011803180318031803,-5.4538e-05
0.00011805180518051804,-5.4538e-05
0.00011807180718071806,-5.4538e-05
0.00011809180918091809,-5.4538e-05
0.00011811181118111811,-5.4538e-05
0.00011813181318131812,-5.4538e-05
0.00011815181518151814,-5.4538e-05
0.00011817181718171816,-5.4538e-05
0.00011819181918191819,-5.4538e-05
0.0001182118211821182,-5.4538e-05
0.00011823182318231822,-5.4538e-05
0.00011825182518251824,-5.4538e-05
0.00011827182718271827,-5.4538e-05
0.00011829182918291829,-5.4538e-05
0.0001183118311831183,-5.4538e-05
0.00011833183318331832,-5.4538e-05
0.00011835183518351834,-5.4538e-05
0.00011837183718371837,-5.4538e-05
0.00011839183918391839,-5.4538e-05
0.0001184118411841184,-5.4538e-05
0.00011843184318431842,-5.4538e-05
0.00011845184518451845,-5.4538e-05
0.00011847184718471847,-5.4538e-05
0.00011849184918491848,-5.4538e-05
0.0001185118511851185,-5.4538e-05
0.00011853185318531852,-5.4538e-05
0.00011855185518551855,-5.4538e-05
0.00011857185718571856,-5.4538e-05
0.00011859185918591858,-5.4538e-05
0.0001186118611861186,-5.4538e-05
0.00011863186318631863,-5.4538e-05
0.00011865186518651865,-5.4538e-05
0.00011867186718671866,-5.4538e-05
0.00011869186918691868,-5.4538e-05
0.00011871187118711871,-5.4538e-05
0.00011873187318731873,-5.4538e-05
0.00011875187518751874,-5.4538e-05
0.00011877187718771876,-5.4538e-05
0.00011879187918791878,-5.4538e-05
0.00011881188118811881,-5.4538e-05
0.00011883188318831883,-5.4538e-05
0.00011885188518851884,-5.4538e-05
0.00011887188718871886,-5.4538e-05
0.00011889188918891889,-5.4538e-05
0.00011891189118911891,-5.4538e-05
0.00011893189318931892,-5.4538e-05
0.00011895189518951894,-5.4538e-05
0.00011897189718971896,-5.4538e-05
0.00011899189918991899,-5.4538e-05
0.000119011901190119,-5.4538e-05
0.00011903190319031902,-5.4538e-05
0.00011905190519051904,-5.4538e-05
0.00011907190719071907,-5.4538e-05
0.00011909190919091909,-5.4538e-05
0.0001191119111911191,-5.4538e-05
0.00011913191319131912,-5.4538e-05
0.00011915191519151914,-5.4538e-05
0.00011917191719171917,-5.4538e-05
0.00011919191919191919,-5.4538e-05
0.0001192119211921192,-5.4538e-05
0.00011923192319231922,-5.4538e-05
0.00011925192519251925,-5.4538e-05
0.00011927192719271927,-5.4538e-05
0.00011929192919291928,-5.4538e-05
0.0001193119311931193,-5.4538e-05
0.00011933193319331932,-5.4538e-05
0.00011935193519351935,-5.4538e-05
0.00011937193719371936,-5.4538e-05
0.00011939193919391938,-5.4538e-05
0.0001194119411941194,-5.4538e-05
0.00011943194319431943,-5.4538e-05
0.00011945194519451945,-5.4538e-05
0.00011947194719471946,-5.4538e-05
0.00011949194919491948,-5.4538e-05
0.0001195119511951195,-5.4538e-05
0.00011953195319531953,-5.4538e-05
0.00011955195519551954,-5.4538e-05
0.00011957195719571956,-5.4538e-05
0.00011959195919591958,-5.4538e-05
0.00011961196119611961,-5.4538e-05
0.00011963196319631963,-5.4538e-05
0.00011965196519651964,-5.4538e-05
0.00011967196719671966,-5.4538e-05
0.00011969196919691969,-5.4538e-05
0.00011971197119711971,-5.4538e-05
0.00011973197319731972,-5.4538e-05
0.00011975197519751974,-5.4538e-05
0.00011977197719771976,-5.4538e-05
0.00011979197919791979,-5.4538e-05
0.0001198119811981198,-5.4538e-05
0.00011983198319831982,-5.4538e-05
0.00011985198519851984,-5.4538e-05
0.00011987198719871987,-5.4538e-05
0.00011989198919891989,-5.4538e-05
0.0001199119911991199,-5.4538e-05
0.00011993199319931992,-5.4538e-05
0.00011995199519951994,-5.4538e-05
0.00011997199719971997,-5.4538e-05
0.00011999199919991999,-5.4538e-05
0.00012001200120012,-5.4538e-05
0.00012003200320032002,-5.4538e-05
0.00012005200520052005,-5.4538e-05
0.00012007200720072007,-5.4538e-05
0.00012009200920092008,-5.4538e-05
0.0001201120112011201,-5.4538e-05
0.00012013201320132012,-5.4538e-05
0.00012015201520152015,-5.4538e-05
0.00012017201720172017,-5.4538e-05
0.00012019201920192018,-5.4538e-05
0.0001202120212021202,-5.4538e-05
0.00012023202320232023,-5.4538e-05
0.00012025202520252025,-5.4538e-05
0.00012027202720272026,-5.4538e-05
0.00012029202920292028,-5.4538e-05
0.0001203120312031203,-5.4538e-05
0.00012033203320332033,-5.4538e-05
0.00012035203520352034,-5.4538e-05
0.00012037203720372036,-5.4538e-05
0.00012039203920392038,-5.4538e-05
0.00012041204120412041,-5.4538e-05
0.00012043204320432043,-5.4538e-05
0.00012045204520452044,-5.4538e-05
0.00012047204720472046,-5.4538e-05
0.00012049204920492049,-5.4538e-05
0.00012051205120512051,-5.4538e-05
0.00012053205320532052,-5.4538e-05
0.00012055205520552054,-5.4538e-05
0.00012057205720572056,-5.4538e-05
0.00012059205920592059,-5.4538e-05
0.0001206120612061206,-5.4538e-05
0.00012063206320632062,-5.4538e-05
0.00012065206520652064,-5.4538e-05
0.00012067206720672067,-5.4538e-05
0.00012069206920692069,-5.4538e-05
0.0001207120712071207,-5.4538e-05
0.00012073207320732072,-5.4538e-05
0.00012075207520752074,-5.4538e-05
0.00012077207720772077,-5.4538e-05
0.00012079207920792079,-5.4538e-05
0.0001208120812081208,-5.4538e-05
0.00012083208320832082,-5.4538e-05
0.00012085208520852085,-5.4538e-05
0.00012087208720872087,-5.4538e-05
0.00012089208920892088,-5.4538e-05
0.0001209120912091209,-5.4538e-05
0.00012093209320932092,-5.4538e-05
0.00012095209520952095,-5.4538e-05
0.00012097209720972097,-5.4538e-05
0.00012099209920992098,-5.4538e-05
0.000121012101210121,-5.4538e-05
0.00012103210321032103,-5.4538e-05
0.00012105210521052105,-5.4538e-05
0.00012107210721072106,-5.4538e-05
0.00012109210921092108,-5.4538e-05
0.0001211121112111211,-5.4538e-05
0.00012113211321132113,-5.4538e-05
0.00012115211521152114,-5.4538e-05
0.00012117211721172116,-5.4538e-05
0.00012119211921192118,-5.4538e-05
0.00012121212121212121,-5.4538e-05
0.00012123212321232123,-5.4538e-05
0.00012125212521252124,-5.4538e-05
0.00012127212721272126,-5.4538e-05
0.00012129212921292129,-5.4538e-05
0.00012131213121312131,-5.4538e-05
0.00012133213321332132,-5.4538e-05
0.00012135213521352134,-5.4538e-05
0.00012137213721372136,-5.4538e-05
0.00012139213921392139,-5.4538e-05
0.0001214121412141214,-5.4538e-05
0.00012143214321432142,-5.4538e-05
0.00012145214521452144,-5.4538e-05
0.00012147214721472147,-5.4538e-05
0.00012149214921492149,-5.4538e-05
0.0001215121512151215,-5.4538e-05
0.00012153215321532152,-5.4538e-05
0.00012155215521552154,-5.4538e-05
0.00012157215721572157,-5.4538e-05
0.00012159215921592159,-5.4538e-05
0.0001216121612161216,-5.4538e-05
0.00012163216321632162,-5.4538e-05
0.00012165216521652165,-5.4538e-05
0.00012167216721672167,-5.4538e-05
0.00012169216921692168,-5.4538e-05
0.0001217121712171217,-5.4538e-05
0.00012173217321732172,-5.4538e-05
0.00012175217521752175,-5.4538e-05
0.00012177217721772177,-5.4538e-05
0.00012179217921792178,-5.4538e-05
0.0001218121812181218,-5.4538e-05
0.00012183218321832183,-5.4538e-05
0.00012185218521852185,-5.4538e-05
0.00012187218721872186,-5.4538e-05
0.00012189218921892188,-5.4538e-05
0.0001219121912191219,-5.4538e-05
0.00012193219321932193,-5.4538e-05
0.00012195219521952194,-5.4538e-05
0.00012197219721972196,-5.4538e-05
0.00012199219921992198,-5.4538e-05
0.00012201220122012201,-5.4538e-05
0.00012203220322032203,-5.4538e-05
0.00012205220522052204,-5.4538e-05
0.00012207220722072206,-5.4538e-05
0.00012209220922092208,-5.4538e-05
0.0001221122112211221,-5.4538e-05
0.0001221322132213221,-5.4538e-05
0.00012215221522152216,-5.4538e-05
0.00012217221722172217,-5.4538e-05
0.0001221922192219222,-5.4538e-05
0.0001222122212221222,-5.4538e-05
0.00012223222322232222,-5.4538e-05
0.00012225222522252224,-5.4538e-05
0.00012227222722272226,-5.4538e-05
0.00012229222922292227,-5.4538e-05
0.0001223122312231223,-5.4538e-05
0.00012233223322332233,-5.4538e-05
0.00012235223522352235,-5.4538e-05
0.00012237223722372237,-5.4538e-05
0.00012239223922392239,-5.4538e-05
0.0001224122412241224,-5.4538e-05
0.00012243224322432242,-5.4538e-05
0.00012245224522452244,-5.4538e-05
0.00012247224722472245,-5.4538e-05
0.0001224922492249225,-5.4538e-05
0.00012251225122512251,-5.4538e-05
0.00012253225322532253,-5.4538e-05
0.00012255225522552255,-5.4538e-05
0.00012257225722572257,-5.4538e-05
0.00012259225922592258,-5.4538e-05
0.0001226122612261226,-5.4538e-05
0.00012263226322632262,-5.4538e-05
0.00012265226522652263,-5.4538e-05
0.00012267226722672268,-5.4538e-05
0.0001226922692269227,-5.4538e-05
0.0001227122712271227,-5.4538e-05
0.00012273227322732273,-5.4538e-05
0.00012275227522752275,-5.4538e-05
0.00012277227722772276,-5.4538e-05
0.00012279227922792278,-5.4538e-05
0.0001228122812281228,-5.4538e-05
0.0001228322832283228,-5.4538e-05
0.00012285228522852286,-5.4538e-05
0.00012287228722872287,-5.4538e-05
0.0001228922892289229,-5.4538e-05
0.0001229122912291229,-5.4538e-05
0.00012293229322932292,-5.4538e-05
0.00012295229522952294,-5.4538e-05
0.00012297229722972296,-5.4538e-05
0.00012299229922992298,-5.4538e-05
0.000123012301230123,-5.4538e-05
0.00012303230323032304,-5.4538e-05
0.00012305230523052305,-5.4538e-05
0.00012307230723072307,-5.4538e-05
0.0001230923092309231,-5.4538e-05
0.0001231123112311231,-5.4538e-05
0.00012313231323132312,-5.4538e-05
0.00012315231523152314,-5.4538e-05
0.00012317231723172316,-5.4538e-05
0.00012319231923192317,-5.4538e-05
0.00012321232123212322,-5.4538e-05
0.00012323232323232323,-5.4538e-05
0.00012325232523252325,-5.4538e-05
0.00012327232723272327,-5.4538e-05
0.00012329232923292328,-5.4538e-05
0.0001233123312331233,-5.4538e-05
0.00012333233323332332,-5.4538e-05
0.00012335233523352334,-5.4538e-05
0.00012337233723372335,-5.4538e-05
0.0001233923392339234,-5.4538e-05
0.0001234123412341234,-5.4538e-05
0.00012343234323432343,-5.4538e-05
0.00012345234523452345,-5.4538e-05
0.00012347234723472346,-5.4538e-05
0.00012349234923492348,-5.4538e-05
0.0001235123512351235,-5.4538e-05
0.00012353235323532351,-5.4538e-05
0.00012355235523552353,-5.4538e-05
0.00012357235723572358,-5.4538e-05
0.0001235923592359236,-5.4538e-05
0.0001236123612361236,-5.4538e-05
0.00012363236323632363,-5.4538e-05
0.00012365236523652364,-5.4538e-05
0.00012367236723672366,-5.4538e-05
0.00012369236923692368,-5.4538e-05
0.0001237123712371237,-5.4538e-05
0.0001237323732373237,-5.4538e-05
0.00012375237523752376,-5.4538e-05
0.00012377237723772377,-5.4538e-05
0.0001237923792379238,-5.4538e-05
0.0001238123812381238,-5.4538e-05
0.00012383238323832382,-5.4538e-05
0.00012385238523852384,-5.4538e-05
0.00012387238723872386,-5.4538e-05
0.00012389238923892387,-5.4538e-05
0.0001239123912391239,-5.4538e-05
0.00012393239323932394,-5.4538e-05
0.00012395239523952395,-5.4538e-05
0.00012397239723972397,-5.4538e-05
0.00012399239923992399,-5.4538e-05
0.000124012401240124,-5.4538e-05
0.00012403240324032402,-5.4538e-05
0.00012405240524052404,-5.4538e-05
0.00012407240724072405,-5.4538e-05
0.00012409240924092407,-5.4538e-05
0.00012411241124112411,-5.4538e-05
0.00012413241324132413,-5.4538e-05
0.00012415241524152415,-5.4538e-05
0.00012417241724172417,-5.4538e-05
0.00012419241924192418,-5.4538e-05
0.0001242124212421242,-5.4538e-05
0.00012423242324232422,-5.4538e-05
0.00012425242524252423,-5.4538e-05
0.00012427242724272428,-5.4538e-05
0.0001242924292429243,-5.4538e-05
0.0001243124312431243,-5.4538e-05
0.00012433243324332433,-5.4538e-05
0.00012435243524352435,-5.4538e-05
0.00012437243724372436,-5.4538e-05
0.00012439243924392438,-5.4538e-05
0.0001244124412441244,-5.4538e-05
0.0001244324432443244,-5.4538e-05
0.00012445244524452446,-5.4538e-05
0.00012447244724472447,-5.4538e-05
0.0001244924492449245,-5.4538e-05
0.0001245124512451245,-5.4538e-05
0.00012453245324532453,-5.4538e-05
0.00012455245524552454,-5.4538e-05
0.00012457245724572456,-5.4538e-05
0.00012459245924592458,-5.4538e-05
0.0001246124612461246,-5.4538e-05
0.00012463246324632464,-5.4538e-05
0.00012465246524652465,-5.4538e-05
0.00012467246724672467,-5.4538e-05
0.0001246924692469247,-5.4538e-05
0.0001247124712471247,-5.4538e-05
0.00012473247324732472,-5.4538e-05
0.00012475247524752474,-5.4538e-05
0.00012477247724772476,-5.4538e-05
0.00012479247924792477,-5.4538e-05
0.00012481248124812482,-5.4538e-05
0.00012483248324832483,-5.4538e-05
0.00012485248524852485,-5.4538e-05
0.00012487248724872487,-5.4538e-05
0.00012489248924892488,-5.4538e-05
0.0001249124912491249,-5.4538e-05
0.00012493249324932492,-5.4538e-05
0.00012495249524952494,-5.4538e-05
0.00012497249724972495,-5.4538e-05
0.000124992499249925,-5.4538e-05
0.000125012501250125,-5.453800018277812e-05
0.00012503250325032503,-5.453800320286907e-05
0.00012505250525052505,-5.453801346046649e-05
0.00012507250725072506,-5.453803534170378e-05
0.00012509250925092508,-5.453807317927142e-05
0.0001251125112511251,-5.453813125263303e-05
0.00012513251325132511,-5.4538213788241435e-05
0.00012515251525152513,-5.453832495975473e-05
0.00012517251725172518,-5.453846888825233e-05
0.0001251925192519252,-5.4538649642451066e-05
0.0001252125212521252,-5.453887123892119e-05
0.00012523252325232523,-5.45391376423025e-05
0.00012525252525252524,-5.453945276552035e-05
0.00012527252725272526,-5.4539820470001734e-05
0.00012529252925292528,-5.454024456589136e-05
0.0001253125312531253,-5.4540728812267694e-05
0.0001253325332533253,-5.454127691735902e-05
0.00012535253525352536,-5.454189253875952e-05
0.00012537253725372537,-5.454257928364531e-05
0.0001253925392539254,-5.454334070899053e-05
0.0001254125412541254,-5.454418032178339e-05
0.00012543254325432542,-5.4545101579242224e-05
0.00012545254525452544,-5.454610788903158e-05
0.00012547254725472546,-5.454720260947826e-05
0.00012549254925492547,-5.454838904978736e-05
0.0001255125512551255,-5.45496704702584e-05
0.00012553255325532554,-5.4551050082501324e-05
0.00012555255525552555,-5.455253104965257e-05
0.00012557255725572557,-5.4554116486591165e-05
0.00012559255925592559,-5.455580946015476e-05
0.0001256125612561256,-5.455761298935568e-05
0.00012563256325632562,-5.455953004559704e-05
0.00012565256525652564,-5.456156355288874e-05
0.00012567256725672565,-5.456371638806356e-05
0.00012569256925692567,-5.4565991380993246e-05
0.00012571257125712571,-5.456839131480451e-05
0.00012573257325732573,-5.457091892609516e-05
0.00012575257525752575,-5.45735769051501e-05
0.00012577257725772577,-5.4576367896157434e-05
0.00012579257925792578,-5.4579294497424535e-05
0.0001258125812581258,-5.4582359261594046e-05
0.00012583258325832582,-5.4585564695860026e-05
0.00012585258525852583,-5.4588913262183935e-05
0.00012587258725872588,-5.459240737751076e-05
0.0001258925892589259,-5.459604941398501e-05
0.0001259125912591259,-5.459984169916686e-05
0.00012593259325932593,-5.460378651624812e-05
0.00012595259525952595,-5.460788610426838e-05
0.00012597259725972596,-5.461214265833102e-05
0.00012599259925992598,-5.461655832981931e-05
0.000126012601260126,-5.462113522661242e-05
0.000126032603260326,-5.462587541330152e-05
0.00012605260526052606,-5.463078091140586e-05
0.00012607260726072607,-5.463585369958878e-05
0.0001260926092609261,-5.464109571387379e-05
0.0001261126112611261,-5.464650884786068e-05
0.00012613261326132613,-5.465209495294151e-05
0.00012615261526152614,-5.46578558385167e-05
0.00012617261726172616,-5.4663793272211125e-05
0.00012619261926192618,-5.466990898009012e-05
0.0001262126212621262,-5.467620464687559e-05
0.00012623262326232624,-5.4682681916162036e-05
0.00012625262526252625,-5.4689342390632635e-05
0.00012627262726272627,-5.469618763227531e-05
0.0001262926292629263,-5.470321916259877e-05
0.0001263126312631263,-5.47104384628486e-05
0.00012633263326332632,-5.471784697422328e-05
0.00012635263526352634,-5.4725446098090293e-05
0.00012637263726372636,-5.473323719620217e-05
0.00012639263926392637,-5.474122159091254e-05
0.00012641264126412642,-5.474940056539221e-05
0.00012643264326432643,-5.475777536384519e-05
0.00012645264526452645,-5.476634719172481e-05
0.00012647264726472647,-5.477511721594976e-05
0.00012649264926492648,-5.4784086565120126e-05
0.0001265126512651265,-5.479325632973349e-05
0.00012653265326532652,-5.480262756240096e-05
0.00012655265526552654,-5.481220127806326e-05
0.00012657265726572655,-5.4821978454206765e-05
0.0001265926592659266,-5.48319600310796e-05
0.0001266126612661266,-5.484214691190764e-05
0.00012663266326632663,-5.4852539963110644e-05
0.00012665266526652665,-5.486314001451827e-05
0.00012667266726672666,-5.487394785958615e-05
0.00012669266926692668,-5.488496425561196e-05
0.0001267126712671267,-5.489618992395147e-05
0.00012673267326732672,-5.490762555023459e-05
0.00012675267526752673,-5.4919271784581495e-05
0.00012677267726772678,-5.4931129241818615e-05
0.0001267926792679268,-5.494319850169471e-05
0.0001268126812681268,-5.4955480109096974e-05
0.00012683268326832683,-5.496797457426707e-05
0.00012685268526852684,-5.498068237301719e-05
0.00012687268726872686,-5.4993603946946104e-05
0.00012689268926892688,-5.5006739703655256e-05
0.0001269126912691269,-5.502009001696481e-05
0.0001269326932693269,-5.503365522712968e-05
0.00012695269526952696,-5.504743564105568e-05
0.00012697269726972697,-5.5061431532515444e-05
0.000126992699269927,-5.5075643142364625e-05
0.000127012701270127,-5.509007067875791e-05
0.00012703270327032702,-5.510471431736504e-05
0.00012705270527052704,-5.511957420158693e-05
0.00012707270727072706,-5.513465044277172e-05
0.00012709270927092707,-5.514994312043079e-05
0.0001271127112711271,-5.516545228245488e-05
0.00012713271327132714,-5.518117794533014e-05
0.00012715271527152715,-5.5197120094354126e-05
0.00012717271727172717,-5.521327868385198e-05
0.00012719271927192719,-5.522965363739238e-05
0.0001272127212721272,-5.52462448480037e-05
0.00012723272327232722,-5.526305217838998e-05
0.00012725272527252724,-5.5280075461147055e-05
0.00012727272727272725,-5.5297314498978566e-05
0.00012729272927292727,-5.5314769064912075e-05
0.00012731273127312732,-5.5332438902515106e-05
0.00012733273327332733,-5.535032372611114e-05
0.00012735273527352735,-5.536842322099581e-05
0.00012737273727372737,-5.538673704365286e-05
0.00012739273927392738,-5.540526482197022e-05
0.0001274127412741274,-5.542400615545614e-05
0.00012743274327432742,-5.544296061545514e-05
0.00012745274527452743,-5.546212774536416e-05
0.00012747274727472745,-5.548150706084858e-05
0.0001274927492749275,-5.550109805005832e-05
0.0001275127512751275,-5.552090017384381e-05
0.00012753275327532753,-5.554091286597218e-05
0.00012755275527552755,-5.5561135533343235e-05
0.00012757275727572756,-5.558156755620555e-05
0.00012759275927592758,-5.560220828837252e-05
0.0001276127612761276,-5.562305705743842e-05
0.00012763276327632761,-5.564411316499446e-05
0.00012765276527652766,-5.566537588684492e-05
0.00012767276727672767,-5.568684447322304e-05
0.0001276927692769277,-5.570851814900729e-05
0.0001277127712771277,-5.573039611393729e-05
0.00012773277327732773,-5.575247754282993e-05
0.00012775277527752774,-5.577476158579542e-05
0.00012777277727772776,-5.5797247368453345e-05
0.00012779277927792778,-5.5819933992148727e-05
0.0001278127812781278,-5.584282053416811e-05
0.00012783278327832784,-5.586590604795561e-05
0.00012785278527852785,-5.5889189563328894e-05
0.00012787278727872787,-5.591267008669542e-05
0.0001278927892789279,-5.5936346601268344e-05
0.0001279127912791279,-5.596021806728265e-05
0.00012793279327932792,-5.59842834222112e-05
0.00012795279527952794,-5.600854158098079e-05
0.00012797279727972796,-5.603299143618821e-05
0.00012799279927992797,-5.6057631858316315e-05
0.00012801280128012802,-5.608246169595013e-05
0.00012803280328032803,-5.610747977599274e-05
0.00012805280528052805,-5.61326849038816e-05
0.00012807280728072807,-5.615807586380442e-05
0.00012809280928092808,-5.618365141891531e-05
0.0001281128112811281,-5.6209410311550785e-05
0.00012813281328132812,-5.623535126344587e-05
0.00012815281528152814,-5.626147297595014e-05
0.00012817281728172815,-5.628777413024379e-05
0.0001281928192819282,-5.631425338755375e-05
0.00012821282128212821,-5.6340909389369546e-05
0.00012823282328232823,-5.636774075765965e-05
0.00012825282528252825,-5.639474609508736e-05
0.00012827282728272826,-5.6421923985226886e-05
0.00012829282928292828,-5.6449272992779445e-05
0.0001283128312831283,-5.647679166378929e-05
0.00012833283328332832,-5.650447852585982e-05
0.00012835283528352833,-5.653233208836957e-05
0.00012837283728372838,-5.656035084268838e-05
0.0001283928392839284,-5.6588533262393256e-05
0.0001284128412841284,-5.6616877803484693e-05
0.00012843284328432843,-5.664538290460258e-05
0.00012845284528452844,-5.6674046987242276e-05
0.00012847284728472846,-5.6702868455970685e-05
0.00012849284928492848,-5.673184569864234e-05
0.0001285128512851285,-5.6760977086615425e-05
0.0001285328532853285,-5.6790260974967877e-05
0.00012855285528552856,-5.681969570271345e-05
0.00012857285728572857,-5.684927959301764e-05
0.0001285928592859286,-5.6879010953414e-05
0.0001286128612861286,-5.690888807602001e-05
0.00012863286328632862,-5.693890923775318e-05
0.00012865286528652864,-5.6969072700547144e-05
0.00012867286728672866,-5.699937671156771e-05
0.00012869286928692867,-5.7029819503428895e-05
0.0001287128712871287,-5.706039929440901e-05
0.00012873287328732874,-5.709111428866678e-05
0.00012875287528752875,-5.71219626764572e-05
0.00012877287728772877,-5.715294263434786e-05
0.0001287928792879288,-5.718405232543488e-05
0.0001288128812881288,-5.721528989955895e-05
0.00012883288328832882,-5.724665349352143e-05
0.00012885288528852884,-5.7278141231300414e-05
0.00012887288728872885,-5.730975122426677e-05
0.00012889288928892887,-5.734148157140023e-05
0.00012891289128912892,-5.737333035950545e-05
0.00012893289328932893,-5.7405295663427975e-05
0.00012895289528952895,-5.743737554627047e-05
0.00012897289728972897,-5.746956805960867e-05
0.00012899289928992898,-5.750187124370747e-05
0.000129012901290129,-5.753428312773699e-05
0.00012903290329032902,-5.7566801729988615e-05
0.00012905290529052903,-5.759942505809109e-05
0.00012907290729072905,-5.763215110922655e-05
0.0001290929092909291,-5.766497787034666e-05
0.0001291129112911291,-5.7697903318388474e-05
0.00012913291329132913,-5.7730925420490765e-05
0.00012915291529152915,-5.776404213420992e-05
0.00012917291729172916,-5.7797251407736035e-05
0.00012919291929192918,-5.7830551180108994e-05
0.0001292129212921292,-5.786393938143452e-05
0.00012923292329232921,-5.789741393310023e-05
0.00012925292529252926,-5.7930972747991744e-05
0.00012927292729272927,-5.796461373070859e-05
0.0001292929292929293,-5.79983347777805e-05
0.0001293129312931293,-5.803213377788332e-05
0.00012933293329332933,-5.8066008612055096e-05
0.00012935293529352934,-5.809995715391217e-05
0.00012937293729372936,-5.813397726986519e-05
0.00012939293929392938,-5.816806681933523e-05
0.0001294129412941294,-5.820222365496979e-05
0.00012943294329432944,-5.823644562285896e-05
0.00012945294529452945,-5.827073056275127e-05
0.00012947294729472947,-5.830507630827002e-05
0.0001294929492949295,-5.833948068712919e-05
0.0001295129512951295,-5.837394152134951e-05
0.00012953295329532952,-5.8408456627474555e-05
0.00012955295529552954,-5.844302381678678e-05
0.00012957295729572956,-5.847764089552361e-05
0.00012959295929592957,-5.851230566509346e-05
0.00012961296129612962,-5.8547015922291894e-05
0.00012963296329632963,-5.858176945951746e-05
0.00012965296529652965,-5.861656406498805e-05
0.00012967296729672967,-5.86513975229568e-05
0.00012969296929692969,-5.868626761392812e-05
0.0001297129712971297,-5.8721172114873856e-05
0.00012973297329732972,-5.875610879944927e-05
0.00012975297529752974,-5.879107543820915e-05
0.00012977297729772975,-5.882606979882387e-05
0.0001297929792979298,-5.886108964629545e-05
0.00012981298129812981,-5.889613274317351e-05
0.00012983298329832983,-5.893119684977153e-05
0.00012985298529852985,-5.896627972438279e-05
0.00012987298729872986,-5.9001379123496445e-05
0.00012989298929892988,-5.9036492802013594e-05
0.0001299129912991299,-5.9071618513463344e-05
0.00012993299329932992,-5.9106754010218865e-05
0.00012995299529952993,-5.9141897043713475e-05
0.00012997299729972998,-5.9177045364656706e-05
0.00012999299929993,-5.921219672325022e-05
0.00013001300130013,-5.924734886940414e-05
0.00013003300330033003,-5.9282499552952904e-05
0.00013005300530053004,-5.931764652387141e-05
0.00013007300730073006,-5.935278753249103e-05
0.00013009300930093008,-5.938792032971574e-05
0.0001301130113011301,-5.9423042667238114e-05
0.0001301330133013301,-5.9458152297755406e-05
0.00013015301530153016,-5.94932469751857e-05
0.00013017301730173017,-5.952832445488372e-05
0.0001301930193019302,-5.956338249385722e-05
0.0001302130213021302,-5.9598418850982836e-05
0.00013023302330233022,-5.963343128722221e-05
0.00013025302530253024,-5.9668417565838025e-05
0.00013027302730273026,-5.9703375452610124e-05
0.00013029302930293027,-5.973830271605148e-05
0.0001303130313031303,-5.977319712762436e-05
0.00013033303330333034,-5.980805646195636e-05
0.00013035303530353035,-5.984287849705631e-05
0.00013037303730373037,-5.9877661014530604e-05
0.0001303930393039304,-5.991240179979909e-05
0.0001304130413041304,-5.9947098642311184e-05
0.00013043304330433042,-5.9981749335761884e-05
0.00013045304530453044,-6.0016351678307904e-05
0.00013047304730473045,-6.005090347278368e-05
0.00013049304930493047,-6.008540252691745e-05
0.00013051305130513052,-6.0119846653547365e-05
0.00013053305330533053,-6.0154233670837366e-05
0.00013055305530553055,-6.0188561402493524e-05
0.00013057305730573057,-6.0222827677979905e-05
0.00013059305930593058,-6.02570303327347e-05
0.0001306130613061306,-6.0291167208386266e-05
0.00013063306330633062,-6.0325236152969185e-05
0.00013065306530653063,-6.035923502114037e-05
0.00013067306730673065,-6.039316167439505e-05
0.0001306930693069307,-6.0427013981282965e-05
0.0001307130713071307,-6.046078981762417e-05
0.00013073307330733073,-6.0494487066725426e-05
0.00013075307530753075,-6.052810361959604e-05
0.00013077307730773076,-6.056163737516399e-05
0.00013079307930793078,-6.0595086240491993e-05
0.0001308130813081308,-6.062844813099355e-05
0.00013083308330833081,-6.0661720970649034e-05
0.00013085308530853083,-6.069490269222172e-05
0.00013087308730873087,-6.072799123747391e-05
0.0001308930893089309,-6.0760984557382814e-05
0.0001309130913091309,-6.0793880612356885e-05
0.00013093309330933093,-6.082667737245169e-05
0.00013095309530953094,-6.085937281758603e-05
0.00013097309730973096,-6.0891964937757976e-05
0.00013099309930993098,-6.092445173326098e-05
0.000131013101310131,-6.0956831214899886e-05
0.00013103310331033104,-6.0989101404207054e-05
0.00013105310531053105,-6.102126033365826e-05
0.00013107310731073107,-6.105330604688902e-05
0.0001310931093109311,-6.108523659891043e-05
0.0001311131113111311,-6.111705005632535e-05
0.00013113311331133112,-6.11487444975444e-05
0.00013115311531153114,-6.118031801300206e-05
0.00013117311731173116,-6.12117687053727e-05
0.00013119311931193117,-6.124309468978667e-05
0.00013121312131213122,-6.127429409404642e-05
0.00013123312331233123,-6.130536505884232e-05
0.00013125312531253125,-6.133630573796904e-05
0.00013127312731273127,-6.136711429854145e-05
0.00013129312931293129,-6.139778892121069e-05
0.0001313131313131313,-6.142832780038019e-05
0.00013133313331333132,-6.145872914442186e-05
0.00013135313531353134,-6.148899117589206e-05
0.00013137313731373135,-6.151911213174762e-05
0.0001313931393139314,-6.154909026356206e-05
0.00013141314131413141,-6.157892383774141e-05
0.00013143314331433143,-6.160861113574053e-05
0.00013145314531453145,-6.163815045427904e-05
0.00013147314731473146,-6.166754010555734e-05
0.00013149314931493148,-6.16967784174728e-05
0.0001315131513151315,-6.17258637338357e-05
0.00013153315331533152,-6.175479441458536e-05
0.00013155315531553153,-6.17835688360062e-05
0.00013157315731573158,-6.18121853909438e-05
0.0001315931593159316,-6.184064248902084e-05
0.0001316131613161316,-6.18689385568534e-05
0.00013163316331633163,-6.189707203826684e-05
0.00013165316531653164,-6.192504139451192e-05
0.00013167316731673166,-6.195284510448085e-05
0.00013169316931693168,-6.198048166492337e-05
0.0001317131713171317,-6.200794959066281e-05
0.0001317331733173317,-6.203524741481209e-05
0.00013175317531753176,-6.206237368898992e-05
0.00013177317731773177,-6.208932698353669e-05
0.0001317931793179318,-6.211610588773066e-05
0.0001318131813181318,-6.214270901000398e-05
0.00013183318331833182,-6.216913497815873e-05
0.00013185318531853184,-6.219538243958305e-05
0.00013187318731873186,-6.222145006146711e-05
0.00013189318931893188,-6.224733653101925e-05
0.0001319131913191319,-6.227304055568199e-05
0.00013193319331933194,-6.229856086334813e-05
0.00013195319531953195,-6.232389620257673e-05
0.00013197319731973197,-6.234904534280932e-05
0.000131993199319932,-6.237400707458584e-05
0.000132013201320132,-6.239878020976075e-05
0.00013203320332033202,-6.242336358171905e-05
0.00013205320532053204,-6.244775604559242e-05
0.00013207320732073205,-6.247195647847519e-05
0.00013209320932093207,-6.249596377964049e-05
0.00013211321132113212,-6.251977687075626e-05
0.00013213321332133213,-6.254339469610127e-05
0.00013215321532153215,-6.256681622278127e-05
0.00013217321732173217,-6.259004044094505e-05
0.00013219321932193218,-6.261306636400041e-05
0.0001322132213221322,-6.26358930288303e-05
0.00013223322332233222,-6.265851949600888e-05
0.00013225322532253223,-6.268094485001752e-05
0.00013227322732273225,-6.270316819946096e-05
0.0001322932293229323,-6.27251886772833e-05
0.0001323132313231323,-6.2747005440984e-05
0.00013233323332333233,-6.27686176728341e-05
0.00013235323532353235,-6.279002458009221e-05
0.00013237323732373236,-6.281122539522053e-05
0.00013239323932393238,-6.283221937610095e-05
0.0001324132413241324,-6.285300580625113e-05
0.00013243324332433241,-6.287358399504051e-05
0.00013245324532453243,-6.289395327790642e-05
0.00013247324732473248,-6.291411301657016e-05
0.0001324932493249325,-6.29340625992529e-05
0.0001325132513251325,-6.2953801440892e-05
0.00013253325332533253,-6.297332898335687e-05
0.00013255325532553254,-6.299264469566515e-05
0.00013257325732573256,-6.301174807419871e-05
0.00013259325932593258,-6.303063864291966e-05
0.0001326132613261326,-6.304931595358656e-05
0.00013263326332633264,-6.30677795859704e-05
0.00013265326532653265,-6.308602914807057e-05
0.00013267326732673267,-6.310406427633108e-05
0.0001326932693269327,-6.312188463585659e-05
0.0001327132713271327,-6.313948992062835e-05
0.00013273327332733272,-6.315687985372042e-05
0.00013275327532753274,-6.317405418751561e-05
0.00013277327732773276,-6.319101270392164e-05
0.00013279327932793277,-6.320775521458714e-05
0.00013281328132813282,-6.32242815611177e-05
0.00013283328332833283,-6.324059161529195e-05
0.00013285328532853285,-6.325668527927769e-05
0.00013287328732873287,-6.327256248584784e-05
0.00013289328932893289,-6.32882231985966e-05
0.0001329132913291329,-6.330366741215541e-05
0.00013293329332933292,-6.33188951524091e-05
0.00013295329532953294,-6.333390647671193e-05
0.00013297329732973295,-6.334870147410363e-05
0.000132993299329933,-6.336328026552548e-05
0.00013301330133013301,-6.337764300403631e-05
0.00013303330333033303,-6.339178987502872e-05
0.00013305330533053305,-6.340572109644495e-05
0.00013307330733073307,-6.341943691899309e-05
0.00013309330933093308,-6.343293762636305e-05
0.0001331133113311331,-6.34462235354427e-05
0.00013313331333133312,-6.345929499653378e-05
0.00013315331533153313,-6.34721523935682e-05
0.00013317331733173318,-6.34847961443239e-05
0.0001331933193319332,-6.349722670064103e-05
0.0001332133213321332,-6.350944454863787e-05
0.00013323332333233323,-6.35214502089271e-05
0.00013325332533253324,-6.353324423683166e-05
0.00013327332733273326,-6.354482722260097e-05
0.00013329332933293328,-6.355619979162687e-05
0.0001333133313331333,-6.356736260465977e-05
0.0001333333333333333,-6.357831635802466e-05
0.00013335333533353336,-6.358906178383723e-05
0.00013337333733373337,-6.359959965021979e-05
0.0001333933393339334,-6.360993076151752e-05
0.0001334133413341334,-6.362005595851442e-05
0.00013343334333433342,-6.36299761186494e-05
0.00013345334533453344,-6.363969215623233e-05
0.00013347334733473346,-6.36492050226601e-05
0.00013349334933493348,-6.365851570663275e-05
0.0001335133513351335,-6.366762523436938e-05
0.00013353335333533354,-6.367653466982442e-05
0.00013355335533553355,-6.368524511490344e-05
0.00013357335733573357,-6.369375770967947e-05
0.0001335933593359336,-6.370207363260887e-05
0.0001336133613361336,-6.37101941007475e-05
0.00013363336333633362,-6.371812036996675e-05
0.00013365336533653364,-6.372585373516956e-05
0.00013367336733673366,-6.373339553050656e-05
0.00013369336933693367,-6.374074712959208e-05
0.00013371337133713372,-6.374790994572018e-05
0.00013373337333733373,-6.375488543208083e-05
0.00013375337533753375,-6.376167508197585e-05
0.00013377337733773377,-6.376828042903502e-05
0.00013379337933793378,-6.377470304743215e-05
0.0001338133813381338,-6.378094455210113e-05
0.00013383338333833382,-6.378700659895198e-05
0.00013385338533853383,-6.379289088508702e-05
0.00013387338733873385,-6.379859914901667e-05
0.0001338933893389339,-6.380413317087584e-05
0.0001339133913391339,-6.380949477263973e-05
0.00013393339333933393,-6.381468581834003e-05
0.00013395339533953395,-6.381970821428097e-05
0.00013397339733973396,-6.382456390925531e-05
0.00013399339933993398,-6.382925489476052e-05
0.000134013401340134,-6.383378320521468e-05
0.00013403340334033401,-6.38381509181727e-05
0.00013405340534053403,-6.38423601545423e-05
0.00013407340734073408,-6.384641307880009e-05
0.0001340934093409341,-6.385031189920761e-05
0.0001341134113411341,-6.385405886802745e-05
0.00013413341334133413,-6.385765628173923e-05
0.00013415341534153414,-6.386110648125578e-05
0.00013417341734173416,-6.386441185213903e-05
0.00013419341934193418,-6.386757482481621e-05
0.0001342134213421342,-6.387059787479588e-05
0.0001342334233423342,-6.387348352288402e-05
0.00013425342534253426,-6.387623433539997e-05
0.00013427342734273427,-6.387885292439264e-05
0.0001342934293429343,-6.38813419478565e-05
0.0001343134313431343,-6.388370410994763e-05
0.00013433343334333432,-6.388594216119982e-05
0.00013435343534353434,-6.388805889874066e-05
0.00013437343734373436,-6.389005716650741e-05
0.00013439343934393437,-6.389193985546338e-05
0.00013441344134413442,-6.389370990381373e-05
0.00013443344334433443,-6.389537029722168e-05
0.00013445344534453445,-6.389692406902441e-05
0.00013447344734473447,-6.389837430044931e-05
0.00013449344934493449,-6.389972412082998e-05
0.0001345134513451345,-6.39009767078222e-05
0.00013453345334533452,-6.39021352876201e-05
0.00013455345534553454,-6.390320313517219e-05
0.00013457345734573455,-6.390418357439739e-05
0.0001345934593459346,-6.390507997840113e-05
0.00013461346134613461,-6.390589576969142e-05
0.00013463346334633463,-6.390663442039487e-05
0.00013465346534653465,-6.390729945247276e-05
0.00013467346734673467,-6.390789443793716e-05
0.00013469346934693468,-6.390842299906694e-05
0.0001347134713471347,-6.39088888086238e-05
0.00013473347334733472,-6.390929559006837e-05
0.00013475347534753473,-6.390964711777634e-05
0.00013477347734773478,-6.39099472172544e-05
0.0001347934793479348,-6.391019976535635e-05
0.0001348134813481348,-6.391040869049925e-05
0.00013483348334833483,-6.391057797287926e-05
0.00013485348534853485,-6.391071164468798e-05
0.00013487348734873486,-6.391081379032831e-05
0.00013489348934893488,-6.391088854663059e-05
0.0001349134913491349,-6.391094010306865e-05
0.0001349334933493349,-6.391097270197588e-05
0.00013495349534953496,-6.391099063876122e-05
0.00013497349734973497,-6.391099826212542e-05
0.000134993499349935,-6.391099997427678e-05
0.000135013501350135,-6.3911e-05
0.00013503350335033502,-6.3911e-05
0.00013505350535053504,-6.3911e-05
0.00013507350735073506,-6.3911e-05
0.00013509350935093508,-6.3911e-05
0.0001351135113511351,-6.3911e-05
0.00013513351335133514,-6.3911e-05
0.00013515351535153515,-6.3911e-05
0.00013517351735173517,-6.3911e-05
0.0001351935193519352,-6.3911e-05
0.0001352135213521352,-6.3911e-05
0.00013523352335233522,-6.3911e-05
0.00013525352535253524,-6.3911e-05
0.00013527352735273526,-6.3911e-05
0.00013529352935293527,-6.3911e-05
0.00013531353135313532,-6.3911e-05
0.00013533353335333533,-6.3911e-05
0.00013535353535353535,-6.3911e-05
0.00013537353735373537,-6.3911e-05
0.00013539353935393538,-6.3911e-05
0.0001354135413541354,-6.3911e-05
0.00013543354335433542,-6.3911e-05
0.00013545354535453543,-6.3911e-05
0.00013547354735473545,-6.3911e-05
0.0001354935493549355,-6.3911e-05
0.0001355135513551355,-6.3911e-05
0.00013553355335533553,-6.3911e-05
0.00013555355535553555,-6.3911e-05
0.00013557355735573556,-6.3911e-05
0.00013559355935593558,-6.3911e-05
0.0001356135613561356,-6.3911e-05
0.00013563356335633561,-6.3911e-05
0.00013565356535653563,-6.3911e-05
0.00013567356735673568,-6.3911e-05
0.0001356935693569357,-6.3911e-05
0.0001357135713571357,-6.3911e-05
0.00013573357335733573,-6.3911e-05
0.00013575357535753574,-6.3911e-05
0.00013577357735773576,-6.3911e-05
0.00013579357935793578,-6.3911e-05
0.0001358135813581358,-6.3911e-05
0.0001358335833583358,-6.3911e-05
0.00013585358535853586,-6.3911e-05
0.00013587358735873587,-6.3911e-05
0.0001358935893589359,-6.3911e-05
0.0001359135913591359,-6.3911e-05
0.00013593359335933592,-6.3911e-05
0.00013595359535953594,-6.3911e-05
0.00013597359735973596,-6.3911e-05
0.00013599359935993597,-6.3911e-05
0.00013601360136013602,-6.3911e-05
0.00013603360336033603,-6.3911e-05
0.00013605360536053605,-6.3911e-05
0.00013607360736073607,-6.3911e-05
0.00013609360936093609,-6.3911e-05
0.0001361136113611361,-6.3911e-05
0.00013613361336133612,-6.3911e-05
0.00013615361536153614,-6.3911e-05
0.00013617361736173615,-6.3911e-05
0.0001361936193619362,-6.3911e-05
0.00013621362136213621,-6.3911e-05
0.00013623362336233623,-6.3911e-05
0.00013625362536253625,-6.3911e-05
0.00013627362736273627,-6.3911e-05
0.00013629362936293628,-6.3911e-05
0.0001363136313631363,-6.3911e-05
0.00013633363336333632,-6.3911e-05
0.00013635363536353633,-6.3911e-05
0.00013637363736373638,-6.3911e-05
0.0001363936393639364,-6.3911e-05
0.0001364136413641364,-6.3911e-05
0.00013643364336433643,-6.3911e-05
0.00013645364536453645,-6.3911e-05
0.00013647364736473646,-6.3911e-05
0.00013649364936493648,-6.3911e-05
0.0001365136513651365,-6.3911e-05
0.0001365336533653365,-6.3911e-05
0.00013655365536553656,-6.3911e-05
0.00013657365736573657,-6.3911e-05
0.0001365936593659366,-6.3911e-05
0.0001366136613661366,-6.3911e-05
0.00013663366336633662,-6.3911e-05
0.00013665366536653664,-6.3911e-05
0.00013667366736673666,-6.3911e-05
0.00013669366936693668,-6.3911e-05
0.0001367136713671367,-6.3911e-05
0.00013673367336733674,-6.3911e-05
0.00013675367536753675,-6.3911e-05
0.00013677367736773677,-6.3911e-05
0.0001367936793679368,-6.3911e-05
0.0001368136813681368,-6.3911e-05
0.00013683368336833682,-6.3911e-05
0.00013685368536853684,-6.3911e-05
0.00013687368736873686,-6.3911e-05
0.00013689368936893687,-6.3911e-05
0.00013691369136913692,-6.3911e-05
0.00013693369336933693,-6.3911e-05
0.00013695369536953695,-6.3911e-05
0.00013697369736973697,-6.3911e-05
0.00013699369936993698,-6.3911e-05
0.000137013701370137,-6.3911e-05
0.00013703370337033702,-6.3911e-05
0.00013705370537053704,-6.3911e-05
0.00013707370737073705,-6.3911e-05
0.0001370937093709371,-6.3911e-05
0.0001371137113711371,-6.3911e-05
0.00013713371337133713,-6.3911e-05
0.00013715371537153715,-6.3911e-05
0.00013717371737173716,-6.3911e-05
0.00013719371937193718,-6.3911e-05
0.0001372137213721372,-6.3911e-05
0.00013723372337233721,-6.3911e-05
0.00013725372537253723,-6.3911e-05
0.00013727372737273728,-6.3911e-05
0.0001372937293729373,-6.3911e-05
0.0001373137313731373,-6.3911e-05
0.00013733373337333733,-6.3911e-05
0.00013735373537353734,-6.3911e-05
0.00013737373737373736,-6.3911e-05
0.00013739373937393738,-6.3911e-05
0.0001374137413741374,-6.3911e-05
0.0001374337433743374,-6.3911e-05
0.00013745374537453746,-6.3911e-05
0.00013747374737473747,-6.3911e-05
0.0001374937493749375,-6.3911e-05
0.0001375137513751375,-6.3911e-05
0.00013753375337533752,-6.3911e-05
0.00013755375537553754,-6.3911e-05
0.00013757375737573756,-6.3911e-05
0.00013759375937593757,-6.3911e-05
0.0001376137613761376,-6.3911e-05
0.00013763376337633764,-6.3911e-05
0.00013765376537653765,-6.3911e-05
0.00013767376737673767,-6.3911e-05
0.00013769376937693769,-6.3911e-05
0.0001377137713771377,-6.3911e-05
0.00013773377337733772,-6.3911e-05
0.00013775377537753774,-6.3911e-05
0.00013777377737773775,-6.3911e-05
0.0001377937793779378,-6.3911e-05
0.00013781378137813781,-6.3911e-05
0.00013783378337833783,-6.3911e-05
0.00013785378537853785,-6.3911e-05
0.00013787378737873787,-6.3911e-05
0.00013789378937893788,-6.3911e-05
0.0001379137913791379,-6.3911e-05
0.00013793379337933792,-6.3911e-05
0.00013795379537953793,-6.3911e-05
0.00013797379737973798,-6.3911e-05
0.000137993799379938,-6.3911e-05
0.000138013801380138,-6.3911e-05
0.00013803380338033803,-6.3911e-05
0.00013805380538053805,-6.3911e-05
0.00013807380738073806,-6.3911e-05
0.00013809380938093808,-6.3911e-05
0.0001381138113811381,-6.3911e-05
0.0001381338133813381,-6.3911e-05
0.00013815381538153816,-6.3911e-05
0.00013817381738173817,-6.3911e-05
0.0001381938193819382,-6.3911e-05
0.0001382138213821382,-6.3911e-05
0.00013823382338233823,-6.3911e-05
0.00013825382538253824,-6.3911e-05
0.00013827382738273826,-6.3911e-05
0.00013829382938293828,-6.3911e-05
0.0001383138313831383,-6.3911e-05
0.00013833383338333834,-6.3911e-05
0.00013835383538353835,-6.3911e-05
0.00013837383738373837,-6.3911e-05
0.0001383938393839384,-6.3911e-05
0.0001384138413841384,-6.3911e-05
0.00013843384338433842,-6.3911e-05
0.00013845384538453844,-6.3911e-05
0.00013847384738473846,-6.3911e-05
0.00013849384938493847,-6.3911e-05
0.00013851385138513852,-6.3911e-05
0.00013853385338533853,-6.3911e-05
0.00013855385538553855,-6.3911e-05
0.00013857385738573857,-6.3911e-05
0.00013859385938593858,-6.3911e-05
0.0001386138613861386,-6.3911e-05
0.00013863386338633862,-6.3911e-05
0.00013865386538653864,-6.3911e-05
0.00013867386738673865,-6.3911e-05
0.0001386938693869387,-6.3911e-05
0.0001387138713871387,-6.3911e-05
0.00013873387338733873,-6.3911e-05
0.00013875387538753875,-6.3911e-05
0.00013877387738773876,-6.3911e-05
0.00013879387938793878,-6.3911e-05
0.0001388138813881388,-6.3911e-05
0.00013883388338833882,-6.3911e-05
0.00013885388538853883,-6.3911e-05
0.00013887388738873888,-6.3911e-05
0.0001388938893889389,-6.3911e-05
0.0001389138913891389,-6.3911e-05
0.00013893389338933893,-6.3911e-05
0.00013895389538953894,-6.3911e-05
0.00013897389738973896,-6.3911e-05
0.00013899389938993898,-6.3911e-05
0.000139013901390139,-6.3911e-05
0.000139033903390339,-6.3911e-05
0.00013905390539053906,-6.3911e-05
0.00013907390739073907,-6.3911e-05
0.0001390939093909391,-6.3911e-05
0.0001391139113911391,-6.3911e-05
0.00013913391339133912,-6.3911e-05
0.00013915391539153914,-6.3911e-05
0.00013917391739173916,-6.3911e-05
0.00013919391939193917,-6.3911e-05
0.0001392139213921392,-6.3911e-05
0.00013923392339233924,-6.3911e-05
0.00013925392539253925,-6.3911e-05
0.00013927392739273927,-6.3911e-05
0.00013929392939293929,-6.3911e-05
0.0001393139313931393,-6.3911e-05
0.00013933393339333932,-6.3911e-05
0.00013935393539353934,-6.3911e-05
0.00013937393739373935,-6.3911e-05
0.0001393939393939394,-6.3911e-05
0.00013941394139413942,-6.3911e-05
0.00013943394339433943,-6.3911e-05
0.00013945394539453945,-6.3911e-05
0.00013947394739473947,-6.3911e-05
0.00013949394939493948,-6.3911e-05
0.0001395139513951395,-6.3911e-05
0.00013953395339533952,-6.3911e-05
0.00013955395539553953,-6.3911e-05
0.00013957395739573958,-6.3911e-05
0.0001395939593959396,-6.3911e-05
0.0001396139613961396,-6.3911e-05
0.00013963396339633963,-6.3911e-05
0.00013965396539653965,-6.3911e-05
0.00013967396739673966,-6.3911e-05
0.00013969396939693968,-6.3911e-05
0.0001397139713971397,-6.3911e-05
0.0001397339733973397,-6.3911e-05
0.00013975397539753976,-6.3911e-05
0.00013977397739773977,-6.3911e-05
0.0001397939793979398,-6.3911e-05
0.0001398139813981398,-6.3911e-05
0.00013983398339833983,-6.3911e-05
0.00013985398539853984,-6.3911e-05
0.00013987398739873986,-6.3911e-05
0.00013989398939893988,-6.3911e-05
0.0001399139913991399,-6.3911e-05
0.00013993399339933994,-6.3911e-05
0.00013995399539953995,-6.3911e-05
0.00013997399739973997,-6.3911e-05
0.00013999399939994,-6.3911e-05
0.00014001400140014,-6.3911e-05
0.00014003400340034002,-6.3911e-05
0.00014005400540054004,-6.3911e-05
0.00014007400740074006,-6.3911e-05
0.00014009400940094007,-6.3911e-05
0.00014011401140114012,-6.3911e-05
0.00014013401340134013,-6.3911e-05
0.00014015401540154015,-6.3911e-05
0.00014017401740174017,-6.3911e-05
0.00014019401940194018,-6.3911e-05
0.0001402140214021402,-6.3911e-05
0.00014023402340234022,-6.3911e-05
0.00014025402540254024,-6.3911e-05
0.00014027402740274025,-6.3911e-05
0.0001402940294029403,-6.3911e-05
0.0001403140314031403,-6.3911e-05
0.00014033403340334033,-6.3911e-05
0.00014035403540354035,-6.3911e-05
0.00014037403740374036,-6.3911e-05
0.00014039403940394038,-6.3911e-05
0.0001404140414041404,-6.3911e-05
0.00014043404340434042,-6.3911e-05
0.00014045404540454043,-6.3911e-05
0.00014047404740474048,-6.3911e-05
0.0001404940494049405,-6.3911e-05
0.0001405140514051405,-6.3911e-05
0.00014053405340534053,-6.3911e-05
0.00014055405540554054,-6.3911e-05
0.00014057405740574056,-6.3911e-05
0.00014059405940594058,-6.3911e-05
0.0001406140614061406,-6.3911e-05
0.0001406340634063406,-6.3911e-05
0.00014065406540654066,-6.3911e-05
0.00014067406740674067,-6.3911e-05
0.0001406940694069407,-6.3911e-05
0.0001407140714071407,-6.3911e-05
0.00014073407340734072,-6.3911e-05
0.00014075407540754074,-6.3911e-05
0.00014077407740774076,-6.3911e-05
0.00014079407940794077,-6.3911e-05
0.0001408140814081408,-6.3911e-05
0.00014083408340834084,-6.3911e-05
0.00014085408540854085,-6.3911e-05
0.00014087408740874087,-6.3911e-05
0.0001408940894089409,-6.3911e-05
0.0001409140914091409,-6.3911e-05
0.00014093409340934092,-6.3911e-05
0.00014095409540954094,-6.3911e-05
0.00014097409740974095,-6.3911e-05
0.00014099409940994097,-6.3911e-05
0.00014101410141014102,-6.3911e-05
0.00014103410341034103,-6.3911e-05
0.00014105410541054105,-6.3911e-05
0.00014107410741074107,-6.3911e-05
0.00014109410941094108,-6.3911e-05
0.0001411141114111411,-6.3911e-05
0.00014113411341134112,-6.3911e-05
0.00014115411541154113,-6.3911e-05
0.00014117411741174118,-6.3911e-05
0.0001411941194119412,-6.3911e-05
0.0001412141214121412,-6.3911e-05
0.00014123412341234123,-6.3911e-05
0.00014125412541254125,-6.3911e-05
0.00014127412741274126,-6.3911e-05
0.00014129412941294128,-6.3911e-05
0.0001413141314131413,-6.3911e-05
0.00014133413341334131,-6.3911e-05
0.00014135413541354136,-6.3911e-05
0.00014137413741374137,-6.3911e-05
0.0001413941394139414,-6.3911e-05
0.0001414141414141414,-6.3911e-05
0.00014143414341434143,-6.3911e-05
0.00014145414541454144,-6.3911e-05
0.00014147414741474146,-6.3911e-05
0.00014149414941494148,-6.3911e-05
0.0001415141514151415,-6.3911e-05
0.00014153415341534154,-6.3911e-05
0.00014155415541554155,-6.3911e-05
0.00014157415741574157,-6.3911e-05
0.0001415941594159416,-6.3911e-05
0.0001416141614161416,-6.3911e-05
0.00014163416341634162,-6.3911e-05
0.00014165416541654164,-6.3911e-05
0.00014167416741674166,-6.3911e-05
0.00014169416941694167,-6.3911e-05
0.00014171417141714172,-6.3911e-05
0.00014173417341734173,-6.3911e-05
0.00014175417541754175,-6.3911e-05
0.00014177417741774177,-6.3911e-05
0.00014179417941794178,-6.3911e-05
0.0001418141814181418,-6.3911e-05
0.00014183418341834182,-6.3911e-05
0.00014185418541854184,-6.3911e-05
0.00014187418741874185,-6.3911e-05
0.0001418941894189419,-6.3911e-05
0.00014191419141914191,-6.3911e-05
0.00014193419341934193,-6.3911e-05
0.00014195419541954195,-6.3911e-05
0.00014197419741974196,-6.3911e-05
0.00014199419941994198,-6.3911e-05
0.000142014201420142,-6.3911e-05
0.00014203420342034202,-6.3911e-05
0.00014205420542054203,-6.3911e-05
0.00014207420742074208,-6.3911e-05
0.0001420942094209421,-6.3911e-05
0.0001421142114211421,-6.3911e-05
0.00014213421342134213,-6.3911e-05
0.00014215421542154214,-6.3911e-05
0.00014217421742174216,-6.3911e-05
0.00014219421942194218,-6.3911e-05
0.0001422142214221422,-6.3911e-05
0.0001422342234223422,-6.3911e-05
0.00014225422542254226,-6.3911e-05
0.00014227422742274227,-6.3911e-05
0.0001422942294229423,-6.3911e-05
0.0001423142314231423,-6.3911e-05
0.00014233423342334232,-6.3911e-05
0.00014235423542354234,-6.3911e-05
0.00014237423742374236,-6.3911e-05
0.00014239423942394237,-6.3911e-05
0.0001424142414241424,-6.3911e-05
0.00014243424342434244,-6.3911e-05
0.00014245424542454245,-6.3911e-05
0.00014247424742474247,-6.3911e-05
0.0001424942494249425,-6.3911e-05
0.0001425142514251425,-6.3911e-05
0.00014253425342534252,-6.3911e-05
0.00014255425542554254,-6.3911e-05
0.00014257425742574255,-6.3911e-05
0.00014259425942594257,-6.3911e-05
0.00014261426142614262,-6.3911e-05
0.00014263426342634263,-6.3911e-05
0.00014265426542654265,-6.3911e-05
0.00014267426742674267,-6.3911e-05
0.00014269426942694268,-6.3911e-05
0.0001427142714271427,-6.3911e-05
0.00014273427342734272,-6.3911e-05
0.00014275427542754273,-6.3911e-05
0.00014277427742774278,-6.3911e-05
0.0001427942794279428,-6.3911e-05
0.0001428142814281428,-6.3911e-05
0.00014283428342834283,-6.3911e-05
0.00014285428542854285,-6.3911e-05
0.00014287428742874286,-6.3911e-05
0.00014289428942894288,-6.3911e-05
0.0001429142914291429,-6.3911e-05
0.00014293429342934291,-6.3911e-05
0.00014295429542954296,-6.3911e-05
0.00014297429742974297,-6.3911e-05
0.000142994299429943,-6.3911e-05
0.000143014301430143,-6.3911e-05
0.00014303430343034303,-6.3911e-05
0.00014305430543054304,-6.3911e-05
0.00014307430743074306,-6.3911e-05
0.00014309430943094308,-6.3911e-05
0.0001431143114311431,-6.3911e-05
0.00014313431343134314,-6.3911e-05
0.00014315431543154315,-6.3911e-05
0.00014317431743174317,-6.3911e-05
0.0001431943194319432,-6.3911e-05
0.0001432143214321432,-6.3911e-05
0.00014323432343234322,-6.3911e-05
0.00014325432543254324,-6.3911e-05
0.00014327432743274326,-6.3911e-05
0.00014329432943294327,-6.3911e-05
0.00014331433143314332,-6.3911e-05
0.00014333433343334333,-6.3911e-05
0.00014335433543354335,-6.3911e-05
0.00014337433743374337,-6.3911e-05
0.00014339433943394339,-6.3911e-05
0.0001434143414341434,-6.3911e-05
0.00014343434343434342,-6.3911e-05
0.00014345434543454344,-6.3911e-05
0.00014347434743474345,-6.3911e-05
0.0001434943494349435,-6.3911e-05
0.00014351435143514351,-6.3911e-05
0.00014353435343534353,-6.3911e-05
0.00014355435543554355,-6.3911e-05
0.00014357435743574356,-6.3911e-05
0.00014359435943594358,-6.3911e-05
0.0001436143614361436,-6.3911e-05
0.00014363436343634362,-6.3911e-05
0.00014365436543654363,-6.3911e-05
0.00014367436743674368,-6.3911e-05
0.0001436943694369437,-6.3911e-05
0.0001437143714371437,-6.3911e-05
0.00014373437343734373,-6.3911e-05
0.00014375437543754374,-6.3911e-05
0.00014377437743774376,-6.3911e-05
0.00014379437943794378,-6.3911e-05
0.0001438143814381438,-6.3911e-05
0.0001438343834383438,-6.3911e-05
0.00014385438543854386,-6.3911e-05
0.00014387438743874387,-6.3911e-05
0.0001438943894389439,-6.3911e-05
0.0001439143914391439,-6.3911e-05
0.00014393439343934392,-6.3911e-05
0.00014395439543954394,-6.3911e-05
0.00014397439743974396,-6.3911e-05
0.00014399439943994398,-6.3911e-05
0.000144014401440144,-6.3911e-05
0.00014403440344034404,-6.3911e-05
0.00014405440544054405,-6.3911e-05
0.00014407440744074407,-6.3911e-05
0.0001440944094409441,-6.3911e-05
0.0001441144114411441,-6.3911e-05
0.00014413441344134412,-6.3911e-05
0.00014415441544154414,-6.3911e-05
0.00014417441744174415,-6.3911e-05
0.00014419441944194417,-6.3911e-05
0.00014421442144214422,-6.3911e-05
0.00014423442344234423,-6.3911e-05
0.00014425442544254425,-6.3911e-05
0.00014427442744274427,-6.3911e-05
0.00014429442944294428,-6.3911e-05
0.0001443144314431443,-6.3911e-05
0.00014433443344334432,-6.3911e-05
0.00014435443544354433,-6.3911e-05
0.00014437443744374435,-6.3911e-05
0.0001443944394439444,-6.3911e-05
0.0001444144414441444,-6.3911e-05
0.00014443444344434443,-6.3911e-05
0.00014445444544454445,-6.3911e-05
0.00014447444744474446,-6.3911e-05
0.00014449444944494448,-6.3911e-05
0.0001445144514451445,-6.3911e-05
0.00014453445344534451,-6.3911e-05
0.00014455445544554456,-6.3911e-05
0.00014457445744574458,-6.3911e-05
0.0001445944594459446,-6.3911e-05
0.0001446144614461446,-6.3911e-05
0.00014463446344634463,-6.3911e-05
0.00014465446544654464,-6.3911e-05
0.00014467446744674466,-6.3911e-05
0.00014469446944694468,-6.3911e-05
0.0001447144714471447,-6.3911e-05
0.00014473447344734474,-6.3911e-05
0.00014475447544754475,-6.3911e-05
0.00014477447744774477,-6.3911e-05
0.0001447944794479448,-6.3911e-05
0.0001448144814481448,-6.3911e-05
0.00014483448344834482,-6.3911e-05
0.00014485448544854484,-6.3911e-05
0.00014487448744874486,-6.3911e-05
0.00014489448944894487,-6.3911e-05
0.00014491449144914492,-6.3911e-05
0.00014493449344934493,-6.3911e-05
0.00014495449544954495,-6.3911e-05
0.00014497449744974497,-6.3911e-05
0.00014499449944994499,-6.3911e-05
0.000145014501450145,-6.391100033642416e-05
0.00014503450345034502,-6.391100451788523e-05
0.00014505450545054504,-6.39110177566212e-05
0.00014507450745074505,-6.391104522001677e-05
0.0001450945094509451,-6.391109201244311e-05
0.00014511451145114511,-6.391116317551266e-05
0.00014513451345134513,-6.391126368833406e-05
0.00014515451545154515,-6.391139846776693e-05
0.00014517451745174517,-6.391157236867679e-05
0.00014519451945194518,-6.391179018418992e-05
0.0001452145214521452,-6.391205664594814e-05
0.00014523452345234522,-6.391237642436376e-05
0.00014525452545254523,-6.39127541288744e-05
0.00014527452745274528,-6.391319430819782e-05
0.0001452945294529453,-6.391370145058682e-05
0.0001453145314531453,-6.391427998408409e-05
0.00014533453345334533,-6.391493427677705e-05
0.00014535453545354534,-6.391566863705271e-05
0.00014537453745374536,-6.391648731385254e-05
0.00014539453945394538,-6.391739449692733e-05
0.0001454145414541454,-6.391839431709203e-05
0.0001454345434543454,-6.391949084648064e-05
0.00014545454545454546,-6.392068809880101e-05
0.00014547454745474547,-6.392199002958975e-05
0.0001454945494549455,-6.392340053646708e-05
0.0001455145514551455,-6.392492345939166e-05
0.00014553455345534552,-6.392656258091547e-05
0.00014555455545554554,-6.392832162643869e-05
0.00014557455745574556,-6.39302042644645e-05
0.00014559455945594558,-6.393221410685395e-05
0.0001456145614561456,-6.39343547090809e-05
0.00014563456345634564,-6.393662957048679e-05
0.00014565456545654565,-6.393904213453547e-05
0.00014567456745674567,-6.394159578906816e-05
0.0001456945694569457,-6.394429386655827e-05
0.0001457145714571457,-6.39471396443662e-05
0.00014573457345734572,-6.395013634499426e-05
0.00014575457545754574,-6.395328713634155e-05
0.00014577457745774575,-6.395659513195868e-05
0.00014579457945794577,-6.396006339130284e-05
0.00014581458145814582,-6.396369491999248e-05
0.00014583458345834583,-6.396749267006221e-05
0.00014585458545854585,-6.397145954021774e-05
0.00014587458745874587,-6.397559837609062e-05
0.00014589458945894588,-6.397991197049319e-05
0.0001459145914591459,-6.39844030636734e-05
0.00014593459345934592,-6.398907434356962e-05
0.00014595459545954593,-6.399392844606562e-05
0.00014597459745974595,-6.399896795524529e-05
0.000145994599459946,-6.400419540364761e-05
0.000146014601460146,-6.400961327252143e-05
0.00014603460346034603,-6.401522399208037e-05
0.00014605460546054605,-6.402102994175763e-05
0.00014607460746074606,-6.402703345046095e-05
0.00014609460946094608,-6.403323679682735e-05
0.0001461146114611461,-6.403964220947804e-05
0.00014613461346134611,-6.404625186727328e-05
0.00014615461546154616,-6.405306789956727e-05
0.00014617461746174618,-6.40600923864629e-05
0.0001461946194619462,-6.406732735906673e-05
0.0001462146214621462,-6.407477479974377e-05
0.00014623462346234623,-6.408243664237239e-05
0.00014625462546254624,-6.409031477259914e-05
0.00014627462746274626,-6.40984110280936e-05
0.00014629462946294628,-6.410672719880326e-05
0.0001463146314631463,-6.411526502720842e-05
0.00014633463346334634,-6.412402620857695e-05
0.00014635463546354636,-6.413301239121919e-05
0.00014637463746374637,-6.414222517674288e-05
0.0001463946394639464,-6.415166612030788e-05
0.0001464146414641464,-6.416133673088116e-05
0.00014643464346434642,-6.417123847149158e-05
0.00014645464546454644,-6.418137275948477e-05
0.00014647464746474646,-6.419174096677795e-05
0.00014649464946494647,-6.420234442011488e-05
0.00014651465146514652,-6.421318440132066e-05
0.00014653465346534653,-6.422426214755651e-05
0.00014655465546554655,-6.423557885157478e-05
0.00014657465746574657,-6.424713566197372e-05
0.00014659465946594659,-6.425893368345231e-05
0.0001466146614661466,-6.427097397706522e-05
0.00014663466346634662,-6.428325756047759e-05
0.00014665466546654664,-6.429578540821985e-05
0.00014667466746674665,-6.43085584519427e-05
0.0001466946694669467,-6.432157758067187e-05
0.00014671467146714671,-6.4334843641063e-05
0.00014673467346734673,-6.43483574376565e-05
0.00014675467546754675,-6.436211973313244e-05
0.00014677467746774677,-6.437613124856537e-05
0.00014679467946794678,-6.439039266367917e-05
0.0001468146814681468,-6.440490461710193e-05
0.00014683468346834682,-6.441966770662084e-05
0.00014685468546854683,-6.443468248943694e-05
0.00014687468746874688,-6.444994948242014e-05
0.0001468946894689469,-6.446546916236388e-05
0.0001469146914691469,-6.448124196624016e-05
0.00014693469346934693,-6.449726829145432e-05
0.00014695469546954694,-6.451354849609992e-05
0.00014697469746974696,-6.453008289921356e-05
0.00014699469946994698,-6.454687178102977e-05
0.000147014701470147,-6.456391538323588e-05
0.000147034703470347,-6.458121390922684e-05
0.00014705470547054706,-6.459876752436013e-05
0.00014707470747074707,-6.46165763562105e-05
0.0001470947094709471,-6.4634640494825e-05
0.0001471147114711471,-6.465295999297772e-05
0.00014713471347134712,-6.467153486642467e-05
0.00014715471547154714,-6.469036509415866e-05
0.00014717471747174716,-6.470945061866413e-05
0.00014719471947194718,-6.472879134617203e-05
0.0001472147214721472,-6.474838714691465e-05
0.00014723472347234724,-6.476823785538055e-05
0.00014725472547254725,-6.478834327056924e-05
0.00014727472747274727,-6.48087031562463e-05
0.0001472947294729473,-6.482931724119802e-05
0.0001473147314731473,-6.485018521948636e-05
0.00014733473347334732,-6.487130675070379e-05
0.00014735473547354734,-6.489268146022812e-05
0.00014737473747374736,-6.491430893947738e-05
0.00014739473947394737,-6.493618874616471e-05
0.00014741474147414742,-6.495832040455317e-05
0.00014743474347434743,-6.498070340571057e-05
0.00014745474547454745,-6.500333720776441e-05
0.00014747474747474747,-6.50262212361567e-05
0.00014749474947494748,-6.504935488389879e-05
0.0001475147514751475,-6.507273751182628e-05
0.00014753475347534752,-6.509636844885384e-05
0.00014755475547554753,-6.512024699223008e-05
0.00014757475747574755,-6.514437240779237e-05
0.0001475947594759476,-6.516874393022184e-05
0.0001476147614761476,-6.519336076329796e-05
0.00014763476347634763,-6.52182220801537e-05
0.00014765476547654765,-6.524332702353023e-05
0.00014767476747674766,-6.526867470603178e-05
0.00014769476947694768,-6.529426421038055e-05
0.0001477147714771477,-6.53200945896715e-05
0.00014773477347734771,-6.534616486762728e-05
0.00014775477547754773,-6.537247403885305e-05
0.00014777477747774778,-6.539902106909137e-05
0.0001477947794779478,-6.54258048954769e-05
0.0001478147814781478,-6.545282442679156e-05
0.00014783478347834783,-6.548007854371913e-05
0.00014785478547854784,-6.550756609910015e-05
0.00014787478747874786,-6.553528591818693e-05
0.00014789478947894788,-6.556323679889821e-05
0.0001479147914791479,-6.559141751207414e-05
0.00014793479347934794,-6.561982680173112e-05
0.00014795479547954796,-6.564846338531656e-05
0.00014797479747974797,-6.567732595396391e-05
0.000147994799479948,-6.570641317274737e-05
0.000148014801480148,-6.573572368093685e-05
0.00014803480348034802,-6.576525609225274e-05
0.00014805480548054804,-6.579500899512084e-05
0.00014807480748074806,-6.582498095292716e-05
0.00014809480948094807,-6.585517050427281e-05
0.00014811481148114812,-6.588557616322891e-05
0.00014813481348134813,-6.591619641959126e-05
0.00014815481548154815,-6.594702973913541e-05
0.00014817481748174817,-6.597807456387149e-05
0.00014819481948194819,-6.600932931229889e-05
0.0001482148214821482,-6.604079237966133e-05
0.00014823482348234822,-6.60724621382016e-05
0.00014825482548254824,-6.610433693741643e-05
0.00014827482748274825,-6.61364151043114e-05
0.0001482948294829483,-6.616869494365576e-05
0.00014831483148314831,-6.62011747382372e-05
0.00014833483348334833,-6.623385274911687e-05
0.00014835483548354835,-6.62667272158842e-05
0.00014837483748374837,-6.629979635691163e-05
0.00014839483948394838,-6.633305836960965e-05
0.0001484148414841484,-6.636651143068149e-05
0.00014843484348434842,-6.640015369637811e-05
0.00014845484548454843,-6.643398330275296e-05
0.00014847484748474848,-6.646799836591695e-05
0.0001484948494849485,-6.650219698229309e-05
0.0001485148514851485,-6.653657722887164e-05
0.00014853485348534853,-6.657113716346476e-05
0.00014855485548554855,-6.660587482496146e-05
0.00014857485748574856,-6.664078823358238e-05
0.00014859485948594858,-6.667587539113476e-05
0.0001486148614861486,-6.671113428126717e-05
0.0001486348634863486,-6.674656286972448e-05
0.00014865486548654866,-6.678215910460266e-05
0.00014867486748674867,-6.681792091660358e-05
0.0001486948694869487,-6.685384621929e-05
0.0001487148714871487,-6.688993290934034e-05
0.00014873487348734872,-6.69261788668036e-05
0.00014875487548754874,-6.696258195535412e-05
0.00014877487748774876,-6.699914002254652e-05
0.00014879487948794878,-6.703585090007052e-05
0.0001488148814881488,-6.707271240400583e-05
0.00014883488348834884,-6.710972233507702e-05
0.00014885488548854885,-6.714687847890819e-05
0.00014887488748874887,-6.718417860627814e-05
0.0001488948894889489,-6.722162047337502e-05
0.0001489148914891489,-6.725920182205125e-05
0.00014893489348934892,-6.729692038007834e-05
0.00014895489548954894,-6.73347738614018e-05
0.00014897489748974896,-6.737275996639596e-05
0.00014899489948994897,-6.741087638211882e-05
0.00014901490149014902,-6.744912078256698e-05
0.00014903490349034903,-6.748749082893033e-05
0.00014905490549054905,-6.752598416984713e-05
0.00014907490749074907,-6.756459844165873e-05
0.00014909490949094908,-6.760333126866445e-05
0.0001491149114911491,-6.764218026337642e-05
0.00014913491349134912,-6.768114302677452e-05
0.00014915491549154914,-6.772021714856114e-05
0.00014917491749174915,-6.775940020741608e-05
0.0001491949194919492,-6.779868977125143e-05
0.0001492149214921492,-6.783808339746631e-05
0.00014923492349234923,-6.787757863320191e-05
0.00014925492549254925,-6.791717301559628e-05
0.00014927492749274926,-6.795686407203908e-05
0.00014929492949294928,-6.799664932042657e-05
0.0001493149314931493,-6.803652626941644e-05
0.00014933493349334931,-6.80764924186826e-05
0.00014935493549354933,-6.811654525917011e-05
0.00014937493749374938,-6.815668227335007e-05
0.0001493949394939494,-6.819690093547425e-05
0.0001494149414941494,-6.823719871183029e-05
0.00014943494349434943,-6.827757306099633e-05
0.00014945494549454944,-6.831802143409592e-05
0.00014947494749474946,-6.835854127505288e-05
0.00014949494949494948,-6.839913002084615e-05
0.0001495149514951495,-6.843978510176469e-05
0.00014953495349534954,-6.848050394166233e-05
0.00014955495549554956,-6.852128395821244e-05
0.00014957495749574957,-6.856212256316314e-05
0.0001495949594959496,-6.860301716259187e-05
0.0001496149614961496,-6.864396515716037e-05
0.00014963496349634962,-6.868496394236954e-05
0.00014965496549654964,-6.87260109088142e-05
0.00014967496749674966,-6.876710344243807e-05
0.00014969496949694967,-6.88082389247886e-05
0.00014971497149714972,-6.884941473327178e-05
0.00014973497349734974,-6.889062824140691e-05
0.00014975497549754975,-6.893187681908173e-05
0.00014977497749774977,-6.897315783280706e-05
0.00014979497949794979,-6.90144686459717e-05
0.0001498149814981498,-6.90558066190973e-05
0.00014983498349834982,-6.909716911009324e-05
0.00014985498549854984,-6.913855347451145e-05
0.00014987498749874985,-6.91799570658013e-05
0.0001498949894989499,-6.922137723556446e-05
0.00014991499149914991,-6.926281133380963e-05
0.00014993499349934993,-6.930425670920763e-05
0.00014995499549954995,-6.934571070934609e-05
0.00014997499749974997,-6.938717068098438e-05
0.00014999499949994998,-6.942863397030839e-05
0.00015001500150015,-6.947009792318547e-05
0.00015003500350035002,-6.951155988541927e-05
0.00015005500550055003,-6.955301720300454e-05
0.00015007500750075008,-6.95944672223821e-05
0.0001500950095009501,-6.963590729069352e-05
0.0001501150115011501,-6.967733475603615e-05
0.00015013501350135013,-6.971874696771796e-05
0.00015015501550155015,-6.976014127651227e-05
0.00015017501750175016,-6.980151503491274e-05
0.00015019501950195018,-6.984286559738815e-05
0.0001502150215021502,-6.98841903206373e-05
0.0001502350235023502,-6.992548656384385e-05
0.00015025502550255026,-6.996675168893123e-05
0.00015027502750275027,-7.000798306081728e-05
0.0001502950295029503,-7.004917804766944e-05
0.0001503150315031503,-7.009033402115939e-05
0.00015033503350335033,-7.013144835671799e-05
0.00015035503550355034,-7.017251843379003e-05
0.00015037503750375036,-7.021354163608925e-05
0.00015039503950395038,-7.025451535185308e-05
0.0001504150415041504,-7.029543697409751e-05
0.00015043504350435044,-7.033630390087205e-05
0.00015045504550455045,-7.037711353551433e-05
0.00015047504750475047,-7.041786328690531e-05
0.0001504950495049505,-7.04585505697239e-05
0.0001505150515051505,-7.049917280470185e-05
0.00015053505350535052,-7.05397274188787e-05
0.00015055505550555054,-7.058021184585652e-05
0.00015057505750575056,-7.062062352605484e-05
0.00015059505950595057,-7.06609599069655e-05
0.00015061506150615062,-7.070121844340753e-05
0.00015063506350635063,-7.074139659778183e-05
0.00015065506550655065,-7.078149184032633e-05
0.00015067506750675067,-7.082150164937064e-05
0.00015069506950695068,-7.086142351159093e-05
0.0001507150715071507,-7.090125492226486e-05
0.00015073507350735072,-7.094099338552637e-05
0.00015075507550755074,-7.098063641462055e-05
0.00015077507750775075,-7.102018153215852e-05
0.0001507950795079508,-7.105962627037235e-05
0.0001508150815081508,-7.109896817136964e-05
0.00015083508350835083,-7.113820478738877e-05
0.00015085508550855085,-7.117733368105353e-05
0.00015087508750875086,-7.121635242562798e-05
0.00015089508950895088,-7.125525860527135e-05
0.0001509150915091509,-7.129404981529292e-05
0.00015093509350935091,-7.133272366240684e-05
0.00015095509550955093,-7.137127776498696e-05
0.00015097509750975098,-7.140970975332184e-05
0.000150995099509951,-7.144801726986929e-05
0.000151015101510151,-7.148619796951159e-05
0.00015103510351035103,-7.152424951981014e-05
0.00015105510551055104,-7.156216960126041e-05
0.00015107510751075106,-7.159995590754667e-05
0.00015109510951095108,-7.1637606145797e-05
0.0001511151115111511,-7.167511803683803e-05
0.0001511351135113511,-7.171248931544989e-05
0.00015115511551155116,-7.174971773062104e-05
0.00015117511751175117,-7.178680104580298e-05
0.0001511951195119512,-7.182373703916538e-05
0.0001512151215121512,-7.186052350385075e-05
0.00015123512351235122,-7.189715824822933e-05
0.00015125512551255124,-7.193363909615399e-05
0.00015127512751275126,-7.196996388721504e-05
0.00015129512951295127,-7.200613047699511e-05
0.00015131513151315132,-7.204213673732406e-05
0.00015133513351335134,-7.207798055653361e-05
0.00015135513551355135,-7.211365983971258e-05
0.00015137513751375137,-7.21491725089614e-05
0.00015139513951395139,-7.218451650364718e-05
0.0001514151415141514,-7.221968978065846e-05
0.00015143514351435142,-7.22546903146601e-05
0.00015145514551455144,-7.228951609834814e-05
0.00015147514751475145,-7.232416514270468e-05
0.0001514951495149515,-7.23586354772527e-05
0.00015151515151515152,-7.239292515031087e-05
0.00015153515351535153,-7.242703222924856e-05
0.00015155515551555155,-7.246095480074055e-05
0.00015157515751575157,-7.249469097102199e-05
0.00015159515951595158,-7.252823886614317e-05
0.0001516151615161516,-7.256159663222443e-05
0.00015163516351635162,-7.259476243571103e-05
0.00015165516551655163,-7.262773446362794e-05
0.00015167516751675168,-7.266051092383486e-05
0.0001516951695169517,-7.269309004528072e-05
0.0001517151715171517,-7.272547007825901e-05
0.00015173517351735173,-7.275764929466232e-05
0.00015175517551755175,-7.278962598823726e-05
0.00015177517751775176,-7.28213984748394e-05
0.00015179517951795178,-7.285296509268802e-05
0.0001518151815181518,-7.2884324202621e-05
0.0001518351835183518,-7.291547418834976e-05
0.00015185518551855186,-7.294641345671405e-05
0.00015187518751875187,-7.297714043793667e-05
0.0001518951895189519,-7.300765358587863e-05
0.0001519151915191519,-7.303795137829377e-05
0.00015193519351935193,-7.306803231708373e-05
0.00015195519551955194,-7.309789492855271e-05
0.00015197519751975196,-7.312753776366244e-05
0.00015199519951995198,-7.315695939828696e-05
0.000152015201520152,-7.318615843346752e-05
0.00015203520352035204,-7.321513349566742e-05
0.00015205520552055205,-7.324388323702681e-05
0.00015207520752075207,-7.327240633561767e-05
0.0001520952095209521,-7.33007014956986e-05
0.0001521152115211521,-7.332876744796964e-05
0.00015213521352135212,-7.33566029498272e-05
0.00015215521552155214,-7.33842067856189e-05
0.00015217521752175216,-7.341157776689836e-05
0.00015219521952195217,-7.343871473268017e-05
0.00015221522152215222,-7.346561654969468e-05
0.00015223522352235223,-7.349228211264278e-05
0.00015225522552255225,-7.351871034445095e-05
0.00015227522752275227,-7.354490019652598e-05
0.00015229522952295228,-7.357085064900982e-05
0.0001523152315231523,-7.359656071103455e-05
0.00015233523352335232,-7.362202942097711e-05
0.00015235523552355234,-7.364725584671421e-05
0.00015237523752375235,-7.367223908587723e-05
0.0001523952395239524,-7.369697826610704e-05
0.0001524152415241524,-7.372147254530877e-05
0.00015243524352435243,-7.374572111190682e-05
0.00015245524552455245,-7.376972318509966e-05
0.00015247524752475246,-7.379347801511465e-05
0.00015249524952495248,-7.381698488346294e-05
0.0001525152515251525,-7.384024310319432e-05
0.00015253525352535252,-7.386325201915204e-05
0.00015255525552555253,-7.388601100822774e-05
0.00015257525752575258,-7.390851947961628e-05
0.0001525952595259526,-7.393077687507045e-05
0.0001526152615261526,-7.395278266915614e-05
0.00015263526352635263,-7.39745363695069e-05
0.00015265526552655264,-7.399603751707896e-05
0.00015267526752675266,-7.401728568640608e-05
0.00015269526952695268,-7.40382804858543e-05
0.0001527152715271527,-7.40590215578769e-05
0.0001527352735273527,-7.407950857926924e-05
0.00015275527552755276,-7.409974126142363e-05
0.00015277527752775277,-7.411971935058408e-05
0.0001527952795279528,-7.413944262810128e-05
0.0001528152815281528,-7.415891091068746e-05
0.00015283528352835282,-7.417812405067115e-05
0.00015285528552855284,-7.419708193625214e-05
0.00015287528752875286,-7.421578449175626e-05
0.00015289528952895287,-7.423423167789027e-05
0.00015291529152915292,-7.425242349199675e-05
0.00015293529352935294,-7.427035996830884e-05
0.00015295529552955295,-7.428804117820527e-05
0.00015297529752975297,-7.430546723046508e-05
0.00015299529952995299,-7.432263827152256e-05
0.000153015301530153,-7.433955448572206e-05
0.00015303530353035302,-7.435621609557285e-05
0.00015305530553055304,-7.437262336200398e-05
0.00015307530753075305,-7.438877658461921e-05
0.0001530953095309531,-7.440467610195176e-05
0.00015311531153115312,-7.442032229171915e-05
0.00015313531353135313,-7.443571557107824e-05
0.00015315531553155315,-7.445085639687989e-05
0.00015317531753175317,-7.446574526592394e-05
0.00015319531953195318,-7.448038271521398e-05
0.0001532153215321532,-7.449476932221228e-05
0.00015323532353235322,-7.450890570509462e-05
0.00015325532553255323,-7.452279252300512e-05
0.00015327532753275328,-7.453643047631117e-05
0.0001532953295329533,-7.454982030685817e-05
0.0001533153315331533,-7.456296279822455e-05
0.00015333533353335333,-7.457585877597643e-05
0.00015335533553355335,-7.458850910792269e-05
0.00015337533753375336,-7.460091470436966e-05
0.00015339533953395338,-7.461307651837603e-05
0.0001534153415341534,-7.46249955460078e-05
0.00015343534353435341,-7.463667282659291e-05
0.00015345534553455346,-7.464810944297643e-05
0.00015347534753475347,-7.465930652177505e-05
0.0001534953495349535,-7.467026523363222e-05
0.0001535153515351535,-7.468098679347289e-05
0.00015353535353535353,-7.469147246075839e-05
0.00015355535553555354,-7.470172353974124e-05
0.00015357535753575356,-7.471174137972008e-05
0.00015359535953595358,-7.472152737529451e-05
0.0001536153615361536,-7.473108296661988e-05
0.00015363536353635364,-7.474040963966229e-05
0.00015365536553655365,-7.474950892645325e-05
0.00015367536753675367,-7.475838240534473e-05
0.0001536953695369537,-7.476703170126389e-05
0.0001537153715371537,-7.477545848596801e-05
0.00015373537353735372,-7.478366447829932e-05
0.00015375537553755374,-7.479165144443982e-05
0.00015377537753775376,-7.479942119816623e-05
0.00015379537953795377,-7.480697560110472e-05
0.00015381538153815382,-7.481431656298593e-05
0.00015383538353835383,-7.482144604189966e-05
0.00015385538553855385,-7.482836604454985e-05
0.00015387538753875387,-7.483507862650937e-05
0.00015389538953895388,-7.484158589247491e-05
0.0001539153915391539,-7.484788999652183e-05
0.00015393539353935392,-7.485399314235901e-05
0.00015395539553955394,-7.485989758358372e-05
0.00015397539753975395,-7.48656056239365e-05
0.000153995399539954,-7.487111961755594e-05
0.00015401540154015401,-7.487644196923358e-05
0.00015403540354035403,-7.48815751346688e-05
0.00015405540554055405,-7.48865216207237e-05
0.00015407540754075406,-7.489128398567776e-05
0.00015409540954095408,-7.489586483948308e-05
0.0001541154115411541,-7.49002668440188e-05
0.00015413541354135412,-7.490449271334624e-05
0.00015415541554155413,-7.490854521396365e-05
0.00015417541754175418,-7.49124271650612e-05
0.0001541954195419542,-7.491614143877557e-05
0.0001542154215421542,-7.49196909604451e-05
0.00015423542354235423,-7.492307870886453e-05
0.00015425542554255424,-7.492630771653973e-05
0.00015427542754275426,-7.492938106994276e-05
0.00015429542954295428,-7.493230190976664e-05
0.0001543154315431543,-7.49350734311802e-05
0.0001543354335433543,-7.493769888408298e-05
0.00015435543554355436,-7.494018157335998e-05
0.00015437543754375437,-7.494252485913666e-05
0.0001543954395439544,-7.494473215703371e-05
0.0001544154415441544,-7.494680693842196e-05
0.00015443544354435442,-7.494875273067712e-05
0.00015445544554455444,-7.495057311743485e-05
0.00015447544754475446,-7.495227173884536e-05
0.00015449544954495447,-7.495385229182853e-05
0.0001545154515451545,-7.495531853032854e-05
0.00015453545354535454,-7.495667426556887e-05
0.00015455545554555455,-7.49579233663071e-05
0.00015457545754575457,-7.495906975908979e-05
0.0001545954595459546,-7.496011742850731e-05
0.0001546154615461546,-7.496107041744869e-05
0.00015463546354635462,-7.496193282735662e-05
0.00015465546554655464,-7.496270881848209e-05
0.00015467546754675465,-7.49634026101393e-05
0.0001546954695469547,-7.496401848096078e-05
0.00015471547154715472,-7.496456076915173e-05
0.00015473547354735473,-7.496503387274547e-05
0.00015475547554755475,-7.49654422498578e-05
0.00015477547754775477,-7.496579041894217e-05
0.00015479547954795478,-7.496608295904447e-05
0.0001548154815481548,-7.496632451005773e-05
0.00015483548354835482,-7.49665197729772e-05
0.00015485548554855483,-7.496667351015505e-05
0.00015487548754875488,-7.496679054555533e-05
0.0001548954895489549,-7.496687576500877e-05
0.0001549154915491549,-7.496693411646762e-05
0.00015493549354935493,-7.496697061026058e-05
0.00015495549554955495,-7.496699031934758e-05
0.00015497549754975496,-7.49669983795747e-05
0.00015499549954995498,-7.496699998992901e-05
0.000155015501550155,-7.4967e-05
0.00015503550355035501,-7.4967e-05
0.00015505550555055506,-7.4967e-05
0.00015507550755075507,-7.4967e-05
0.0001550955095509551,-7.4967e-05
0.0001551155115511551,-7.4967e-05
0.00015513551355135513,-7.4967e-05
0.00015515551555155514,-7.4967e-05
0.00015517551755175516,-7.4967e-05
0.00015519551955195518,-7.4967e-05
0.0001552155215521552,-7.4967e-05
0.00015523552355235524,-7.4967e-05
0.00015525552555255525,-7.4967e-05
0.00015527552755275527,-7.4967e-05
0.0001552955295529553,-7.4967e-05
0.0001553155315531553,-7.4967e-05
0.00015533553355335532,-7.4967e-05
0.00015535553555355534,-7.4967e-05
0.00015537553755375536,-7.4967e-05
0.00015539553955395537,-7.4967e-05
0.00015541554155415542,-7.4967e-05
0.00015543554355435543,-7.4967e-05
0.00015545554555455545,-7.4967e-05
0.00015547554755475547,-7.4967e-05
0.00015549554955495549,-7.4967e-05
0.0001555155515551555,-7.4967e-05
0.00015553555355535552,-7.4967e-05
0.00015555555555555554,-7.4967e-05
0.00015557555755575555,-7.4967e-05
0.0001555955595559556,-7.4967e-05
0.00015561556155615561,-7.4967e-05
0.00015563556355635563,-7.4967e-05
0.00015565556555655565,-7.4967e-05
0.00015567556755675566,-7.4967e-05
0.00015569556955695568,-7.4967e-05
0.0001557155715571557,-7.4967e-05
0.00015573557355735572,-7.4967e-05
0.00015575557555755573,-7.4967e-05
0.00015577557755775578,-7.4967e-05
0.0001557955795579558,-7.4967e-05
0.0001558155815581558,-7.4967e-05
0.00015583558355835583,-7.4967e-05
0.00015585558555855584,-7.4967e-05
0.00015587558755875586,-7.4967e-05
0.00015589558955895588,-7.4967e-05
0.0001559155915591559,-7.4967e-05
0.0001559355935593559,-7.4967e-05
0.00015595559555955596,-7.4967e-05
0.00015597559755975597,-7.4967e-05
0.000155995599559956,-7.4967e-05
0.000156015601560156,-7.4967e-05
0.00015603560356035602,-7.4967e-05
0.00015605560556055604,-7.4967e-05
0.00015607560756075606,-7.4967e-05
0.00015609560956095607,-7.4967e-05
0.0001561156115611561,-7.4967e-05
0.00015613561356135614,-7.4967e-05
0.00015615561556155615,-7.4967e-05
0.00015617561756175617,-7.4967e-05
0.0001561956195619562,-7.4967e-05
0.0001562156215621562,-7.4967e-05
0.00015623562356235622,-7.4967e-05
0.00015625562556255624,-7.4967e-05
0.00015627562756275625,-7.4967e-05
0.0001562956295629563,-7.4967e-05
0.00015631563156315632,-7.4967e-05
0.00015633563356335633,-7.4967e-05
0.00015635563556355635,-7.4967e-05
0.00015637563756375637,-7.4967e-05
0.00015639563956395638,-7.4967e-05
0.0001564156415641564,-7.4967e-05
0.00015643564356435642,-7.4967e-05
0.00015645564556455643,-7.4967e-05
0.00015647564756475648,-7.4967e-05
0.0001564956495649565,-7.4967e-05
0.0001565156515651565,-7.4967e-05
0.00015653565356535653,-7.4967e-05
0.00015655565556555655,-7.4967e-05
0.00015657565756575656,-7.4967e-05
0.00015659565956595658,-7.4967e-05
0.0001566156615661566,-7.4967e-05
0.00015663566356635661,-7.4967e-05
0.00015665566556655666,-7.4967e-05
0.00015667566756675668,-7.4967e-05
0.0001566956695669567,-7.4967e-05
0.0001567156715671567,-7.4967e-05
0.00015673567356735673,-7.4967e-05
0.00015675567556755674,-7.4967e-05
0.00015677567756775676,-7.4967e-05
0.00015679567956795678,-7.4967e-05
0.0001568156815681568,-7.4967e-05
0.00015683568356835684,-7.4967e-05
0.00015685568556855685,-7.4967e-05
0.00015687568756875687,-7.4967e-05
0.0001568956895689569,-7.4967e-05
0.0001569156915691569,-7.4967e-05
0.00015693569356935692,-7.4967e-05
0.00015695569556955694,-7.4967e-05
0.00015697569756975696,-7.4967e-05
0.00015699569956995697,-7.4967e-05
0.00015701570157015702,-7.4967e-05
0.00015703570357035703,-7.4967e-05
0.00015705570557055705,-7.4967e-05
0.00015707570757075707,-7.4967e-05
0.00015709570957095709,-7.4967e-05
0.0001571157115711571,-7.4967e-05
0.00015713571357135712,-7.4967e-05
0.00015715571557155714,-7.4967e-05
0.00015717571757175715,-7.4967e-05
0.0001571957195719572,-7.4967e-05
0.00015721572157215721,-7.4967e-05
0.00015723572357235723,-7.4967e-05
0.00015725572557255725,-7.4967e-05
0.00015727572757275726,-7.4967e-05
0.00015729572957295728,-7.4967e-05
0.0001573157315731573,-7.4967e-05
0.00015733573357335732,-7.4967e-05
0.00015735573557355733,-7.4967e-05
0.00015737573757375738,-7.4967e-05
0.0001573957395739574,-7.4967e-05
0.0001574157415741574,-7.4967e-05
0.00015743574357435743,-7.4967e-05
0.00015745574557455744,-7.4967e-05
0.00015747574757475746,-7.4967e-05
0.00015749574957495748,-7.4967e-05
0.0001575157515751575,-7.4967e-05
0.0001575357535753575,-7.4967e-05
0.00015755575557555756,-7.4967e-05
0.00015757575757575757,-7.4967e-05
0.0001575957595759576,-7.4967e-05
0.0001576157615761576,-7.4967e-05
0.00015763576357635762,-7.4967e-05
0.00015765576557655764,-7.4967e-05
0.00015767576757675766,-7.4967e-05
0.00015769576957695768,-7.4967e-05
0.0001577157715771577,-7.4967e-05
0.00015773577357735774,-7.4967e-05
0.00015775577557755775,-7.4967e-05
0.00015777577757775777,-7.4967e-05
0.0001577957795779578,-7.4967e-05
0.0001578157815781578,-7.4967e-05
0.00015783578357835782,-7.4967e-05
0.00015785578557855784,-7.4967e-05
0.00015787578757875785,-7.4967e-05
0.00015789578957895787,-7.4967e-05
0.00015791579157915792,-7.4967e-05
0.00015793579357935793,-7.4967e-05
0.00015795579557955795,-7.4967e-05
0.00015797579757975797,-7.4967e-05
0.00015799579957995798,-7.4967e-05
0.000158015801580158,-7.4967e-05
0.00015803580358035802,-7.4967e-05
0.00015805580558055803,-7.4967e-05
0.00015807580758075808,-7.4967e-05
0.0001580958095809581,-7.4967e-05
0.0001581158115811581,-7.4967e-05
0.00015813581358135813,-7.4967e-05
0.00015815581558155815,-7.4967e-05
0.00015817581758175816,-7.4967e-05
0.00015819581958195818,-7.4967e-05
0.0001582158215821582,-7.4967e-05
0.00015823582358235821,-7.4967e-05
0.00015825582558255826,-7.4967e-05
0.00015827582758275828,-7.4967e-05
0.0001582958295829583,-7.4967e-05
0.0001583158315831583,-7.4967e-05
0.00015833583358335833,-7.4967e-05
0.00015835583558355834,-7.4967e-05
0.00015837583758375836,-7.4967e-05
0.00015839583958395838,-7.4967e-05
0.0001584158415841584,-7.4967e-05
0.00015843584358435844,-7.4967e-05
0.00015845584558455845,-7.4967e-05
0.00015847584758475847,-7.4967e-05
0.0001584958495849585,-7.4967e-05
0.0001585158515851585,-7.4967e-05
0.00015853585358535852,-7.4967e-05
0.00015855585558555854,-7.4967e-05
0.00015857585758575856,-7.4967e-05
0.00015859585958595857,-7.4967e-05
0.00015861586158615862,-7.4967e-05
0.00015863586358635863,-7.4967e-05
0.00015865586558655865,-7.4967e-05
0.00015867586758675867,-7.4967e-05
0.00015869586958695869,-7.4967e-05
0.0001587158715871587,-7.4967e-05
0.00015873587358735872,-7.4967e-05
0.00015875587558755874,-7.4967e-05
0.00015877587758775875,-7.4967e-05
0.0001587958795879588,-7.4967e-05
0.00015881588158815881,-7.4967e-05
0.00015883588358835883,-7.4967e-05
0.00015885588558855885,-7.4967e-05
0.00015887588758875887,-7.4967e-05
0.00015889588958895888,-7.4967e-05
0.0001589158915891589,-7.4967e-05
0.00015893589358935892,-7.4967e-05
0.00015895589558955893,-7.4967e-05
0.00015897589758975898,-7.4967e-05
0.000158995899589959,-7.4967e-05
0.000159015901590159,-7.4967e-05
0.00015903590359035903,-7.4967e-05
0.00015905590559055904,-7.4967e-05
0.00015907590759075906,-7.4967e-05
0.00015909590959095908,-7.4967e-05
0.0001591159115911591,-7.4967e-05
0.0001591359135913591,-7.4967e-05
0.00015915591559155916,-7.4967e-05
0.00015917591759175917,-7.4967e-05
0.0001591959195919592,-7.4967e-05
0.0001592159215921592,-7.4967e-05
0.00015923592359235922,-7.4967e-05
0.00015925592559255924,-7.4967e-05
0.00015927592759275926,-7.4967e-05
0.00015929592959295928,-7.4967e-05
0.0001593159315931593,-7.4967e-05
0.00015933593359335934,-7.4967e-05
0.00015935593559355935,-7.4967e-05
0.00015937593759375937,-7.4967e-05
0.0001593959395939594,-7.4967e-05
0.0001594159415941594,-7.4967e-05
0.00015943594359435942,-7.4967e-05
0.00015945594559455944,-7.4967e-05
0.00015947594759475946,-7.4967e-05
0.00015949594959495947,-7.4967e-05
0.00015951595159515952,-7.4967e-05
0.00015953595359535953,-7.4967e-05
0.00015955595559555955,-7.4967e-05
0.00015957595759575957,-7.4967e-05
0.00015959595959595958,-7.4967e-05
0.0001596159615961596,-7.4967e-05
0.00015963596359635962,-7.4967e-05
0.00015965596559655963,-7.4967e-05
0.00015967596759675968,-7.4967e-05
0.0001596959695969597,-7.4967e-05
0.0001597159715971597,-7.4967e-05
0.00015973597359735973,-7.4967e-05
0.00015975597559755975,-7.4967e-05
0.00015977597759775976,-7.4967e-05
0.00015979597959795978,-7.4967e-05
0.0001598159815981598,-7.4967e-05
0.00015983598359835981,-7.4967e-05
0.00015985598559855986,-7.4967e-05
0.00015987598759875988,-7.4967e-05
0.0001598959895989599,-7.4967e-05
0.0001599159915991599,-7.4967e-05
0.00015993599359935993,-7.4967e-05
0.00015995599559955994,-7.4967e-05
0.00015997599759975996,-7.4967e-05
0.00015999599959995998,-7.4967e-05
0.00016001600160016,-7.4967e-05
0.00016003600360036004,-7.4967e-05
0.00016005600560056006,-7.4967e-05
0.00016007600760076007,-7.4967e-05
0.0001600960096009601,-7.4967e-05
0.0001601160116011601,-7.4967e-05
0.00016013601360136012,-7.4967e-05
0.00016015601560156014,-7.4967e-05
0.00016017601760176016,-7.4967e-05
0.00016019601960196017,-7.4967e-05
0.00016021602160216022,-7.4967e-05
0.00016023602360236023,-7.4967e-05
0.00016025602560256025,-7.4967e-05
0.00016027602760276027,-7.4967e-05
0.00016029602960296029,-7.4967e-05
0.0001603160316031603,-7.4967e-05
0.00016033603360336032,-7.4967e-05
0.00016035603560356034,-7.4967e-05
0.00016037603760376035,-7.4967e-05
0.0001603960396039604,-7.4967e-05
0.00016041604160416041,-7.4967e-05
0.00016043604360436043,-7.4967e-05
0.00016045604560456045,-7.4967e-05
0.00016047604760476047,-7.4967e-05
0.00016049604960496048,-7.4967e-05
0.0001605160516051605,-7.4967e-05
0.00016053605360536052,-7.4967e-05
0.00016055605560556053,-7.4967e-05
0.00016057605760576058,-7.4967e-05
0.0001605960596059606,-7.4967e-05
0.0001606160616061606,-7.4967e-05
0.00016063606360636063,-7.4967e-05
0.00016065606560656065,-7.4967e-05
0.00016067606760676066,-7.4967e-05
0.00016069606960696068,-7.4967e-05
0.0001607160716071607,-7.4967e-05
0.0001607360736073607,-7.4967e-05
0.00016075607560756076,-7.4967e-05
0.00016077607760776077,-7.4967e-05
0.0001607960796079608,-7.4967e-05
0.0001608160816081608,-7.4967e-05
0.00016083608360836082,-7.4967e-05
0.00016085608560856084,-7.4967e-05
0.00016087608760876086,-7.4967e-05
0.00016089608960896088,-7.4967e-05
0.0001609160916091609,-7.4967e-05
0.00016093609360936094,-7.4967e-05
0.00016095609560956095,-7.4967e-05
0.00016097609760976097,-7.4967e-05
0.000160996099609961,-7.4967e-05
0.000161016101610161,-7.4967e-05
0.00016103610361036102,-7.4967e-05
0.00016105610561056104,-7.4967e-05
0.00016107610761076106,-7.4967e-05
0.00016109610961096107,-7.4967e-05
0.00016111611161116112,-7.4967e-05
0.00016113611361136113,-7.4967e-05
0.00016115611561156115,-7.4967e-05
0.00016117611761176117,-7.4967e-05
0.00016119611961196118,-7.4967e-05
0.0001612161216121612,-7.4967e-05
0.00016123612361236122,-7.4967e-05
0.00016125612561256123,-7.4967e-05
0.00016127612761276125,-7.4967e-05
0.0001612961296129613,-7.4967e-05
0.0001613161316131613,-7.4967e-05
0.00016133613361336133,-7.4967e-05
0.00016135613561356135,-7.4967e-05
0.00016137613761376136,-7.4967e-05
0.00016139613961396138,-7.4967e-05
0.0001614161416141614,-7.4967e-05
0.00016143614361436141,-7.4967e-05
0.00016145614561456146,-7.4967e-05
0.00016147614761476148,-7.4967e-05
0.0001614961496149615,-7.4967e-05
0.0001615161516151615,-7.4967e-05
0.00016153615361536153,-7.4967e-05
0.00016155615561556154,-7.4967e-05
0.00016157615761576156,-7.4967e-05
0.00016159615961596158,-7.4967e-05
0.0001616161616161616,-7.4967e-05
0.00016163616361636164,-7.4967e-05
0.00016165616561656166,-7.4967e-05
0.00016167616761676167,-7.4967e-05
0.0001616961696169617,-7.4967e-05
0.0001617161716171617,-7.4967e-05
0.00016173617361736172,-7.4967e-05
0.00016175617561756174,-7.4967e-05
0.00016177617761776176,-7.4967e-05
0.00016179617961796177,-7.4967e-05
0.00016181618161816182,-7.4967e-05
0.00016183618361836184,-7.4967e-05
0.00016185618561856185,-7.4967e-05
0.00016187618761876187,-7.4967e-05
0.00016189618961896189,-7.4967e-05
0.0001619161916191619,-7.4967e-05
0.00016193619361936192,-7.4967e-05
0.00016195619561956194,-7.4967e-05
0.00016197619761976195,-7.4967e-05
0.000161996199619962,-7.4967e-05
0.00016201620162016201,-7.4967e-05
0.00016203620362036203,-7.4967e-05
0.00016205620562056205,-7.4967e-05
0.00016207620762076207,-7.4967e-05
0.00016209620962096208,-7.4967e-05
0.0001621162116211621,-7.4967e-05
0.00016213621362136212,-7.4967e-05
0.00016215621562156213,-7.4967e-05
0.00016217621762176218,-7.4967e-05
0.0001621962196219622,-7.4967e-05
0.0001622162216221622,-7.4967e-05
0.00016223622362236223,-7.4967e-05
0.00016225622562256225,-7.4967e-05
0.00016227622762276226,-7.4967e-05
0.00016229622962296228,-7.4967e-05
0.0001623162316231623,-7.4967e-05
0.0001623362336233623,-7.4967e-05
0.00016235623562356236,-7.4967e-05
0.00016237623762376237,-7.4967e-05
0.0001623962396239624,-7.4967e-05
0.0001624162416241624,-7.4967e-05
0.00016243624362436242,-7.4967e-05
0.00016245624562456244,-7.4967e-05
0.00016247624762476246,-7.4967e-05
0.00016249624962496248,-7.4967e-05
0.0001625162516251625,-7.4967e-05
0.00016253625362536254,-7.4967e-05
0.00016255625562556255,-7.4967e-05
0.00016257625762576257,-7.4967e-05
0.0001625962596259626,-7.4967e-05
0.0001626162616261626,-7.4967e-05
0.00016263626362636262,-7.4967e-05
0.00016265626562656264,-7.4967e-05
0.00016267626762676266,-7.4967e-05
0.00016269626962696267,-7.4967e-05
0.00016271627162716272,-7.4967e-05
0.00016273627362736273,-7.4967e-05
0.00016275627562756275,-7.4967e-05
0.00016277627762776277,-7.4967e-05
0.00016279627962796278,-7.4967e-05
0.0001628162816281628,-7.4967e-05
0.00016283628362836282,-7.4967e-05
0.00016285628562856284,-7.4967e-05
0.00016287628762876285,-7.4967e-05
0.0001628962896289629,-7.4967e-05
0.0001629162916291629,-7.4967e-05
0.00016293629362936293,-7.4967e-05
0.00016295629562956295,-7.4967e-05
0.00016297629762976296,-7.4967e-05
0.00016299629962996298,-7.4967e-05
0.000163016301630163,-7.4967e-05
0.00016303630363036301,-7.4967e-05
0.00016305630563056306,-7.4967e-05
0.00016307630763076308,-7.4967e-05
0.0001630963096309631,-7.4967e-05
0.0001631163116311631,-7.4967e-05
0.00016313631363136313,-7.4967e-05
0.00016315631563156314,-7.4967e-05
0.00016317631763176316,-7.4967e-05
0.00016319631963196318,-7.4967e-05
0.0001632163216321632,-7.4967e-05
0.00016323632363236324,-7.4967e-05
0.00016325632563256326,-7.4967e-05
0.00016327632763276327,-7.4967e-05
0.0001632963296329633,-7.4967e-05
0.0001633163316331633,-7.4967e-05
0.00016333633363336332,-7.4967e-05
0.00016335633563356334,-7.4967e-05
0.00016337633763376336,-7.4967e-05
0.00016339633963396337,-7.4967e-05
0.00016341634163416342,-7.4967e-05
0.00016343634363436344,-7.4967e-05
0.00016345634563456345,-7.4967e-05
0.00016347634763476347,-7.4967e-05
0.00016349634963496349,-7.4967e-05
0.0001635163516351635,-7.4967e-05
0.00016353635363536352,-7.4967e-05
0.00016355635563556354,-7.4967e-05
0.00016357635763576355,-7.4967e-05
0.0001635963596359636,-7.4967e-05
0.00016361636163616361,-7.4967e-05
0.00016363636363636363,-7.4967e-05
0.00016365636563656365,-7.4967e-05
0.00016367636763676367,-7.4967e-05
0.00016369636963696368,-7.4967e-05
0.0001637163716371637,-7.4967e-05
0.00016373637363736372,-7.4967e-05
0.00016375637563756373,-7.4967e-05
0.00016377637763776378,-7.4967e-05
0.0001637963796379638,-7.4967e-05
0.0001638163816381638,-7.4967e-05
0.00016383638363836383,-7.4967e-05
0.00016385638563856385,-7.4967e-05
0.00016387638763876386,-7.4967e-05
0.00016389638963896388,-7.4967e-05
0.0001639163916391639,-7.4967e-05
0.0001639363936393639,-7.4967e-05
0.00016395639563956396,-7.4967e-05
0.00016397639763976397,-7.4967e-05
0.000163996399639964,-7.4967e-05
0.000164016401640164,-7.4967e-05
0.00016403640364036403,-7.4967e-05
0.00016405640564056404,-7.4967e-05
0.00016407640764076406,-7.4967e-05
0.00016409640964096408,-7.4967e-05
0.0001641164116411641,-7.4967e-05
0.00016413641364136414,-7.4967e-05
0.00016415641564156415,-7.4967e-05
0.00016417641764176417,-7.4967e-05
0.0001641964196419642,-7.4967e-05
0.0001642164216421642,-7.4967e-05
0.00016423642364236422,-7.4967e-05
0.00016425642564256424,-7.4967e-05
0.00016427642764276426,-7.4967e-05
0.00016429642964296427,-7.4967e-05
0.00016431643164316432,-7.4967e-05
0.00016433643364336433,-7.4967e-05
0.00016435643564356435,-7.4967e-05
0.00016437643764376437,-7.4967e-05
0.00016439643964396438,-7.4967e-05
0.0001644164416441644,-7.4967e-05
0.00016443644364436442,-7.4967e-05
0.00016445644564456444,-7.4967e-05
0.00016447644764476445,-7.4967e-05
0.0001644964496449645,-7.4967e-05
0.0001645164516451645,-7.4967e-05
0.00016453645364536453,-7.4967e-05
0.00016455645564556455,-7.4967e-05
0.00016457645764576456,-7.4967e-05
0.00016459645964596458,-7.4967e-05
0.0001646164616461646,-7.4967e-05
0.00016463646364636462,-7.4967e-05
0.00016465646564656463,-7.4967e-05
0.00016467646764676468,-7.4967e-05
0.0001646964696469647,-7.4967e-05
0.0001647164716471647,-7.4967e-05
0.00016473647364736473,-7.4967e-05
0.00016475647564756474,-7.4967e-05
0.00016477647764776476,-7.4967e-05
0.00016479647964796478,-7.4967e-05
0.0001648164816481648,-7.4967e-05
0.00016483648364836484,-7.4967e-05
0.00016485648564856486,-7.4967e-05
0.00016487648764876487,-7.4967e-05
0.0001648964896489649,-7.4967e-05
0.0001649164916491649,-7.4967e-05
0.00016493649364936492,-7.4967e-05
0.00016495649564956494,-7.4967e-05
0.00016497649764976496,-7.4967e-05
0.00016499649964996497,-7.4967e-05
0.00016501650165016502,-7.496699992148718e-05
0.00016503650365036504,-7.49669991508296e-05
0.00016505650565056505,-7.496699685305639e-05
0.00016507650765076507,-7.496699219531935e-05
0.00016509650965096509,-7.496698434763971e-05
0.0001651165116511651,-7.496697248290472e-05
0.00016513651365136512,-7.496695577686451e-05
0.00016515651565156514,-7.496693340812873e-05
0.00016517651765176515,-7.496690455816321e-05
0.0001651965196519652,-7.496686841128676e-05
0.00016521652165216522,-7.496682415466781e-05
0.00016523652365236523,-7.496677097832121e-05
0.00016525652565256525,-7.49667080751048e-05
0.00016527652765276527,-7.496663464071624e-05
0.00016529652965296528,-7.49665498736897e-05
0.0001653165316531653,-7.496645297539249e-05
0.00016533653365336532,-7.496634315002188e-05
0.00016535653565356533,-7.496621960460173e-05
0.00016537653765376538,-7.496608154897923e-05
0.0001653965396539654,-7.496592819582162e-05
0.0001654165416541654,-7.496575876061288e-05
0.00016543654365436543,-7.496557246165046e-05
0.00016545654565456545,-7.496536852004193e-05
0.00016547654765476546,-7.496514615970178e-05
0.00016549654965496548,-7.496490460734809e-05
0.0001655165516551655,-7.496464309249922e-05
0.0001655365536553655,-7.496436084747053e-05
0.00016555655565556556,-7.496405710737109e-05
0.00016557655765576557,-7.49637311101004e-05
0.0001655965596559656,-7.496338209634514e-05
0.0001656165616561656,-7.496300930957577e-05
0.00016563656365636563,-7.496261199604331e-05
0.00016565656565656564,-7.49621894047761e-05
0.00016567656765676566,-7.49617407875764e-05
0.00016569656965696568,-7.496126539901716e-05
0.0001657165716571657,-7.496076249643876e-05
0.00016573657365736574,-7.496023133994563e-05
0.00016575657565756575,-7.495967119240305e-05
0.00016577657765776577,-7.495908131943381e-05
0.0001657965796579658,-7.495846098941493e-05
0.0001658165816581658,-7.495780947347438e-05
0.00016583658365836582,-7.495712604548779e-05
0.00016585658565856584,-7.495640998207511e-05
0.00016587658765876586,-7.49556605625974e-05
0.00016589658965896587,-7.49548770691535e-05
0.00016591659165916592,-7.495405878657672e-05
0.00016593659365936593,-7.495320500243159e-05
0.00016595659565956595,-7.495231500701052e-05
0.00016597659765976597,-7.495138809333059e-05
0.00016599659965996598,-7.495042355713017e-05
0.000166016601660166,-7.494942069686567e-05
0.00016603660366036602,-7.494837881370827e-05
0.00016605660566056604,-7.494729721154059e-05
0.00016607660766076605,-7.494617519695343e-05
0.0001660966096609661,-7.494501207924245e-05
0.00016611661166116611,-7.494380717040494e-05
0.00016613661366136613,-7.494255978513645e-05
0.00016615661566156615,-7.494126924082754e-05
0.00016617661766176616,-7.49399348575605e-05
0.00016619661966196618,-7.493855595810604e-05
0.0001662166216621662,-7.493713186792e-05
0.00016623662366236622,-7.49356619151401e-05
0.00016625662566256623,-7.493414543058257e-05
0.00016627662766276628,-7.493258174773892e-05
0.0001662966296629663,-7.493097020277268e-05
0.0001663166316631663,-7.4929310134516e-05
0.00016633663366336633,-7.492760088446645e-05
0.00016635663566356634,-7.492584179678372e-05
0.00016637663766376636,-7.492403221828631e-05
0.00016639663966396638,-7.492217149844823e-05
0.0001664166416641664,-7.492025898939572e-05
0.00016643664366436644,-7.491829404590399e-05
0.00016645664566456646,-7.491627602539389e-05
0.00016647664766476647,-7.491420428792864e-05
0.0001664966496649665,-7.491207819621051e-05
0.0001665166516651665,-7.490989711557757e-05
0.00016653665366536652,-7.49076604140004e-05
0.00016655665566556654,-7.490536746207875e-05
0.00016657665766576656,-7.49030176330383e-05
0.00016659665966596657,-7.490061030272735e-05
0.00016661666166616662,-7.489814484961352e-05
0.00016663666366636664,-7.489562065478049e-05
0.00016665666566656665,-7.48930371019247e-05
0.00016667666766676667,-7.4890393577352e-05
0.0001666966696669667,-7.488768946997447e-05
0.0001667166716671667,-7.488492417130702e-05
0.00016673667366736672,-7.48820970754642e-05
0.00016675667566756674,-7.487920757915682e-05
0.00016677667766776675,-7.487625508168873e-05
0.0001667966796679668,-7.487323898495345e-05
0.00016681668166816682,-7.4870158693431e-05
0.00016683668366836683,-7.486701361418447e-05
0.00016685668566856685,-7.486380315685686e-05
0.00016687668766876687,-7.486052673366768e-05
0.00016689668966896688,-7.485718375940973e-05
0.0001669166916691669,-7.485377365144577e-05
0.00016693669366936692,-7.485029582970529e-05
0.00016695669566956693,-7.484674971668113e-05
0.00016697669766976698,-7.484313473742626e-05
0.000166996699669967,-7.483945031955045e-05
0.000167016701670167,-7.483569589321704e-05
0.00016703670367036703,-7.483187089113955e-05
0.00016705670567056705,-7.482797474857849e-05
0.00016707670767076706,-7.482400690333798e-05
0.00016709670967096708,-7.481996679576256e-05
0.0001671167116711671,-7.481585386873381e-05
0.00016713671367136711,-7.481166756766709e-05
0.00016715671567156716,-7.480740734050829e-05
0.00016717671767176717,-7.480307263773047e-05
0.0001671967196719672,-7.479866291233062e-05
0.0001672167216721672,-7.479417761982635e-05
0.00016723672367236723,-7.478961621825259e-05
0.00016725672567256724,-7.478497816815835e-05
0.00016727672767276726,-7.478026293260337e-05
0.00016729672967296728,-7.477546997715484e-05
0.0001673167316731673,-7.477059876988414e-05
0.00016733673367336734,-7.476564878136352e-05
0.00016735673567356735,-7.476061948466286e-05
0.00016737673767376737,-7.475551035534629e-05
0.0001673967396739674,-7.475032087146899e-05
0.0001674167416741674,-7.474505051357384e-05
0.00016743674367436742,-7.473969876468815e-05
0.00016745674567456744,-7.473426511032038e-05
0.00016747674767476746,-7.472874903845685e-05
0.00016749674967496747,-7.472315003955842e-05
0.00016751675167516752,-7.471746760655723e-05
0.00016753675367536753,-7.471170123485341e-05
0.00016755675567556755,-7.470585042231176e-05
0.00016757675767576757,-7.469991466925849e-05
0.00016759675967596758,-7.469389347847793e-05
0.0001676167616761676,-7.468778635520919e-05
0.00016763676367636762,-7.468159280714296e-05
0.00016765676567656764,-7.467531234441812e-05
0.00016767676767676765,-7.466894447961855e-05
0.0001676967696769677,-7.466248872776973e-05
0.00016771677167716771,-7.465594460633556e-05
0.00016773677367736773,-7.464931163521498e-05
0.00016775677567756775,-7.464258933673876e-05
0.00016777677767776776,-7.46357772356661e-05
0.00016779677967796778,-7.462887485918147e-05
0.0001678167816781678,-7.462188173689123e-05
0.00016783678367836782,-7.461479740082034e-05
0.00016785678567856783,-7.460762138540916e-05
0.00016787678767876788,-7.460035322751004e-05
0.0001678967896789679,-7.45929924663841e-05
0.0001679167916791679,-7.458553864369794e-05
0.00016793679367936793,-7.457799130352034e-05
0.00016795679567956794,-7.45703499923189e-05
0.00016797679767976796,-7.456261425895691e-05
0.00016799679967996798,-7.455478365468989e-05
0.000168016801680168,-7.454685773316242e-05
0.000168036803680368,-7.453883605040477e-05
0.00016805680568056806,-7.453071816482964e-05
0.00016807680768076807,-7.452250363722893e-05
0.0001680968096809681,-7.451419203077033e-05
0.0001681168116811681,-7.450578291099412e-05
0.00016813681368136812,-7.449727584580985e-05
0.00016815681568156814,-7.448867040549305e-05
0.00016817681768176816,-7.447996616268193e-05
0.00016819681968196817,-7.447116269237413e-05
0.00016821682168216822,-7.446225957192336e-05
0.00016823682368236824,-7.445325638103619e-05
0.00016825682568256825,-7.444415270176872e-05
0.00016827682768276827,-7.443494811852327e-05
0.0001682968296829683,-7.44256422180451e-05
0.0001683168316831683,-7.441623458941915e-05
0.00016833683368336832,-7.440672482406674e-05
0.00016835683568356834,-7.439711251574225e-05
0.00016837683768376835,-7.438739726052984e-05
0.0001683968396839684,-7.43775786568402e-05
0.00016841684168416842,-7.436765630540721e-05
0.00016843684368436843,-7.435762980928467e-05
0.00016845684568456845,-7.434749877384301e-05
0.00016847684768476847,-7.433726280676599e-05
0.00016849684968496848,-7.432692151804744e-05
0.0001685168516851685,-7.43164745199879e-05
0.00016853685368536852,-7.430592142719145e-05
0.00016855685568556853,-7.429526185656228e-05
0.00016857685768576858,-7.428449542730147e-05
0.0001685968596859686,-7.427362176090377e-05
0.0001686168616861686,-7.426264048115417e-05
0.00016863686368636863,-7.425155121412467e-05
0.00016865686568656865,-7.424035358817104e-05
0.00016867686768676866,-7.422904723392944e-05
0.00016869686968696868,-7.42176317843132e-05
0.0001687168716871687,-7.420610687450951e-05
0.00016873687368736871,-7.419447214197612e-05
0.00016875687568756876,-7.418272722643803e-05
0.00016877687768776877,-7.417087176988428e-05
0.0001687968796879688,-7.415890541656455e-05
0.0001688168816881688,-7.414682781298593e-05
0.00016883688368836883,-7.413463860790964e-05
0.00016885688568856884,-7.412233745234773e-05
0.00016887688768876886,-7.410992399955976e-05
0.00016889688968896888,-7.409739790504955e-05
0.0001689168916891689,-7.408475882656187e-05
0.00016893689368936894,-7.407200642407911e-05
0.00016895689568956895,-7.405914035981812e-05
0.00016897689768976897,-7.404616029822678e-05
0.000168996899689969,-7.403306590598072e-05
0.000169016901690169,-7.401985685198014e-05
0.00016903690369036902,-7.400653280734643e-05
0.00016905690569056904,-7.399309344541889e-05
0.00016907690769076906,-7.397953844175145e-05
0.00016909690969096907,-7.396586747410938e-05
0.00016911691169116912,-7.395208022246599e-05
0.00016913691369136913,-7.39381763689994e-05
0.00016915691569156915,-7.392415559808916e-05
0.00016917691769176917,-7.391001759631297e-05
0.00016919691969196919,-7.38957620524435e-05
0.0001692169216921692,-7.388138865744491e-05
0.00016923692369236922,-7.386689710446977e-05
0.00016925692569256924,-7.385228708885561e-05
0.00016927692769276925,-7.383755830812172e-05
0.0001692969296929693,-7.382271046196576e-05
0.00016931693169316931,-7.380774325226065e-05
0.00016933693369336933,-7.379265638305108e-05
0.00016935693569356935,-7.377744956055033e-05
0.00016937693769376936,-7.376212249313696e-05
0.00016939693969396938,-7.37466748913515e-05
0.0001694169416941694,-7.373110646789322e-05
0.00016943694369436942,-7.371541693761674e-05
0.00016945694569456943,-7.369960601752882e-05
0.00016947694769476948,-7.368367342678503e-05
0.0001694969496949695,-7.366761888668654e-05
0.0001695169516951695,-7.365144212067669e-05
0.00016953695369536953,-7.363514285433781e-05
0.00016955695569556954,-7.361872081538786e-05
0.00016957695769576956,-7.360217573367721e-05
0.00016959695969596958,-7.35855073411853e-05
0.0001696169616961696,-7.356871537201739e-05
0.0001696369636963696,-7.355179956240118e-05
0.00016965696569656966,-7.35347596506836e-05
0.00016967696769676967,-7.351759537732759e-05
0.0001696969696969697,-7.350030648490863e-05
0.0001697169716971697,-7.348289271811155e-05
0.00016973697369736972,-7.346535382372728e-05
0.00016975697569756974,-7.344768955064944e-05
0.00016977697769776976,-7.342989964987119e-05
0.00016979697969796978,-7.341198387448184e-05
0.00016981698169816982,-7.339394197966356e-05
0.00016983698369836984,-7.337577372268822e-05
0.00016985698569856985,-7.335747886291389e-05
0.00016987698769876987,-7.333905716178172e-05
0.0001698969896989699,-7.332050838281257e-05
0.0001699169916991699,-7.330183229160373e-05
0.00016993699369936992,-7.328302865582567e-05
0.00016995699569956994,-7.326409724521871e-05
0.00016997699769976995,-7.324503783158972e-05
0.00016999699969997,-7.322585018880883e-05
0.00017001700170017002,-7.320653409280624e-05
0.00017003700370037003,-7.318708932156878e-05
0.00017005700570057005,-7.316751565513669e-05
0.00017007700770077007,-7.314781287560035e-05
0.00017009700970097008,-7.312798076709695e-05
0.0001701170117011701,-7.310801911580724e-05
0.00017013701370137012,-7.308792770995218e-05
0.00017015701570157013,-7.306770633978973e-05
0.00017017701770177018,-7.304735479761145e-05
0.0001701970197019702,-7.30268728777394e-05
0.0001702170217021702,-7.300626037652259e-05
0.00017023702370237023,-7.29855170923339e-05
0.00017025702570257025,-7.296464282556668e-05
0.00017027702770277026,-7.294363737863152e-05
0.00017029702970297028,-7.292250055595293e-05
0.0001703170317031703,-7.290123216396606e-05
0.00017033703370337031,-7.287983201111337e-05
0.00017035703570357036,-7.285829990784139e-05
0.00017037703770377038,-7.283663566659746e-05
0.0001703970397039704,-7.281483910182636e-05
0.0001704170417041704,-7.279291002996701e-05
0.00017043704370437043,-7.27708482694493e-05
0.00017045704570457044,-7.274865364069065e-05
0.00017047704770477046,-7.272632596609284e-05
0.00017049704970497048,-7.270386507003866e-05
0.0001705170517051705,-7.268127077888864e-05
0.00017053705370537054,-7.26585429209777e-05
0.00017055705570557055,-7.2635681326612e-05
0.00017057705770577057,-7.261268582806552e-05
0.0001705970597059706,-7.258955625957678e-05
0.0001706170617061706,-7.256629245734561e-05
0.00017063706370637062,-7.254289425952983e-05
0.00017065706570657064,-7.251936150624196e-05
0.00017067706770677066,-7.249569403954592e-05
0.00017069706970697067,-7.247189170345374e-05
0.00017071707170717072,-7.24479543439223e-05
0.00017073707370737073,-7.242388180885004e-05
0.00017075707570757075,-7.239967394807363e-05
0.00017077707770777077,-7.237533061336466e-05
0.00017079707970797079,-7.235085165842642e-05
0.0001708170817081708,-7.23262369388906e-05
0.00017083708370837082,-7.230148631231394e-05
0.00017085708570857084,-7.2276599638175e-05
0.00017087708770877085,-7.225157677787082e-05
0.0001708970897089709,-7.222641759471367e-05
0.00017091709170917091,-7.220112195392781e-05
0.00017093709370937093,-7.217568972264605e-05
0.00017095709570957095,-7.215012076990657e-05
0.00017097709770977097,-7.212441496664963e-05
0.00017099709970997098,-7.209857218571421e-05
0.000171017101710171,-7.207259230183481e-05
0.00017103710371037102,-7.204647519163811e-05
0.00017105710571057103,-7.202022073363965e-05
0.00017107710771077108,-7.199382880824058e-05
0.0001710971097109711,-7.196729929772445e-05
0.0001711171117111711,-7.194063208625373e-05
0.00017113711371137113,-7.191382705986667e-05
0.00017115711571157114,-7.188688410647393e-05
0.00017117711771177116,-7.185980311585537e-05
0.00017119711971197118,-7.183258397965669e-05
0.0001712171217121712,-7.180522659138617e-05
0.0001712371237123712,-7.177773084641134e-05
0.00017125712571257126,-7.175009664195575e-05
0.00017127712771277127,-7.17223238770957e-05
0.0001712971297129713,-7.169441245275683e-05
0.0001713171317131713,-7.16663622717109e-05
0.00017133713371337132,-7.163817323857256e-05
0.00017135713571357134,-7.160984525979594e-05
0.00017137713771377136,-7.158137824367147e-05
0.00017139713971397138,-7.15527721003225e-05
0.0001714171417141714,-7.152402674170209e-05
0.00017143714371437144,-7.149514208158961e-05
0.00017145714571457145,-7.146611803558763e-05
0.00017147714771477147,-7.143695452111846e-05
0.0001714971497149715,-7.140765145742089e-05
0.0001715171517151715,-7.137820876554696e-05
0.00017153715371537152,-7.134862636835864e-05
0.00017155715571557154,-7.131890419052452e-05
0.00017157715771577155,-7.128904215851659e-05
0.0001715971597159716,-7.125904020060678e-05
0.00017161716171617162,-7.122889824686398e-05
0.00017163716371637163,-7.119861622915038e-05
0.00017165716571657165,-7.116819408111845e-05
0.00017167716771677167,-7.113763173820752e-05
0.00017169716971697168,-7.110692913764053e-05
0.0001717171717171717,-7.107608621842076e-05
0.00017173717371737172,-7.104510292132848e-05
0.00017175717571757173,-7.101397918891773e-05
0.00017177717771777178,-7.098271496551293e-05
0.0001717971797179718,-7.095131019720582e-05
0.0001718171817181718,-7.091976483185181e-05
0.00017183718371837183,-7.0888078819067e-05
0.00017185718571857185,-7.085625211022472e-05
0.00017187718771877186,-7.082428465845234e-05
0.00017189718971897188,-7.07921764186279e-05
0.0001719171917191719,-7.075992734737686e-05
0.00017193719371937191,-7.072753740306881e-05
0.00017195719571957196,-7.069500654581413e-05
0.00017197719771977198,-7.066233473746089e-05
0.000171997199719972,-7.062952194159124e-05
0.000172017201720172,-7.059656812351838e-05
0.00017203720372037203,-7.056347325028315e-05
0.00017205720572057204,-7.05302372906508e-05
0.00017207720772077206,-7.049686021510764e-05
0.00017209720972097208,-7.046334199585781e-05
0.0001721172117211721,-7.042968260681997e-05
0.00017213721372137214,-7.03958820236239e-05
0.00017215721572157216,-7.036194022360751e-05
0.00017217721772177217,-7.032785718581318e-05
0.0001721972197219722,-7.02936328909847e-05
0.0001722172217221722,-7.02592673215639e-05
0.00017223722372237222,-7.022476046168739e-05
0.00017225722572257224,-7.01901122971833e-05
0.00017227722772277226,-7.015532281556788e-05
0.00017229722972297227,-7.012039200604233e-05
0.00017231723172317232,-7.008531985948938e-05
0.00017233723372337233,-7.005010636847025e-05
0.00017235723572357235,-7.001475152722101e-05
0.00017237723772377237,-6.997925533164956e-05
0.00017239723972397239,-6.99436177793322e-05
0.0001724172417241724,-6.990783886951043e-05
0.00017243724372437242,-6.98719186030876e-05
0.00017245724572457244,-6.983585698262562e-05
0.00017247724772477245,-6.97996540123417e-05
0.0001724972497249725,-6.976330969810504e-05
0.00017251725172517251,-6.972682404743362e-05
0.00017253725372537253,-6.969019706949072e-05
0.00017255725572557255,-6.965342877508181e-05
0.00017257725772577257,-6.961651917665118e-05
0.00017259725972597258,-6.957946828827867e-05
0.0001726172617261726,-6.954227612567638e-05
0.00017263726372637262,-6.950494270618535e-05
0.00017265726572657263,-6.946746804877232e-05
0.00017267726772677268,-6.942985217402639e-05
0.0001726972697269727,-6.939209510415581e-05
0.0001727172717271727,-6.935419686298459e-05
0.00017273727372737273,-6.931615747594924e-05
0.00017275727572757274,-6.927797697009553e-05
0.00017277727772777276,-6.923965537407512e-05
0.00017279727972797278,-6.920119271814235e-05
0.0001728172817281728,-6.916258903415091e-05
0.0001728372837283728,-6.912384435555052e-05
0.00017285728572857286,-6.908495871738366e-05
0.00017287728772877287,-6.904593215628242e-05
0.0001728972897289729,-6.900676471046494e-05
0.0001729172917291729,-6.896745641973231e-05
0.00017293729372937292,-6.892800732546521e-05
0.00017295729572957294,-6.88884174706207e-05
0.00017297729772977296,-6.884868689972879e-05
0.00017299729972997298,-6.88088156588893e-05
0.000173017301730173,-6.876880379576845e-05
0.00017303730373037304,-6.87286513595956e-05
0.00017305730573057305,-6.868835840116011e-05
0.00017307730773077307,-6.86479249728078e-05
0.0001730973097309731,-6.86073511284378e-05
0.0001731173117311731,-6.856663692349922e-05
0.00017313731373137312,-6.852578241498794e-05
0.00017315731573157314,-6.848478766144321e-05
0.00017317731773177316,-6.844365272294441e-05
0.0001731973197319732,-6.840237766110775e-05
0.00017321732173217322,-6.836096253908307e-05
0.00017323732373237323,-6.831940742155036e-05
0.00017325732573257325,-6.827771237471664e-05
0.00017327732773277327,-6.823587746631258e-05
0.00017329732973297328,-6.819390276558923e-05
0.0001733173317331733,-6.815178834331476e-05
0.00017333733373337332,-6.810953427177112e-05
0.00017335733573357333,-6.806714062475081e-05
0.00017337733773377338,-6.802460747755347e-05
0.0001733973397339734,-6.798193490698286e-05
0.0001734173417341734,-6.793912299134319e-05
0.00017343734373437343,-6.789617181043612e-05
0.00017345734573457345,-6.785308144555735e-05
0.00017347734773477346,-6.780985197949334e-05
0.00017349734973497348,-6.776648349651809e-05
0.0001735173517351735,-6.772297608238973e-05
0.00017353735373537351,-6.767932982434732e-05
0.00017355735573557356,-6.763554481110747e-05
0.00017357735773577358,-6.759162113286131e-05
0.0001735973597359736,-6.75475588812708e-05
0.0001736173617361736,-6.75033581494657e-05
0.00017363736373637363,-6.745901903204025e-05
0.00017365736573657364,-6.741454162504981e-05
0.00017367736773677366,-6.736992602600766e-05
0.00017369736973697368,-6.732517233388162e-05
0.0001737173717371737,-6.728028064909082e-05
0.00017373737373737374,-6.723525107350234e-05
0.00017375737573757376,-6.719008371042811e-05
0.00017377737773777377,-6.714477866462137e-05
0.0001737973797379738,-6.709933604227346e-05
0.0001738173817381738,-6.705375595101066e-05
0.00017383738373837382,-6.700803849989071e-05
0.00017385738573857384,-6.696218379939966e-05
0.00017387738773877386,-6.691619196144851e-05
0.00017389738973897387,-6.687006309936996e-05
0.00017391739173917392,-6.6823797327915e-05
0.00017393739373937393,-6.677739476324995e-05
0.00017395739573957395,-6.673085552295271e-05
0.00017397739773977397,-6.668417972600978e-05
0.00017399739973997399,-6.663736749281288e-05
0.000174017401740174,-6.659041894515568e-05
0.00017403740374037402,-6.654333420623048e-05
0.00017405740574057404,-6.649611340062496e-05
0.00017407740774077405,-6.644875665431883e-05
0.0001740974097409741,-6.640126409468055e-05
0.00017411741174117411,-6.635363585046423e-05
0.00017413741374137413,-6.630587205180602e-05
0.00017415741574157415,-6.625797283022097e-05
0.00017417741774177417,-6.620993831859984e-05
0.00017419741974197418,-6.616176865120562e-05
0.0001742174217421742,-6.611346396367042e-05
0.00017423742374237422,-6.606502439299202e-05
0.00017425742574257423,-6.601645007753069e-05
0.00017427742774277428,-6.596774115700582e-05
0.0001742974297429743,-6.591889777249282e-05
0.0001743174317431743,-6.586992006641954e-05
0.00017433743374337433,-6.582080818256314e-05
0.00017435743574357435,-6.57715622660468e-05
0.00017437743774377436,-6.572218246333644e-05
0.00017439743974397438,-6.567266892223735e-05
0.0001744174417441744,-6.562302179189101e-05
0.0001744374437443744,-6.55732412227717e-05
0.00017445744574457446,-6.552332736668319e-05
0.00017447744774477447,-6.547328037675572e-05
0.0001744974497449745,-6.542310040744232e-05
0.0001745174517451745,-6.537278761451573e-05
0.00017453745374537452,-6.53223421550651e-05
0.00017455745574557454,-6.527176418749268e-05
0.00017457745774577456,-6.522105387151053e-05
0.00017459745974597458,-6.517021136813723e-05
0.0001746174617461746,-6.511923683969457e-05
0.00017463746374637464,-6.506813044980426e-05
0.00017465746574657465,-6.501689236338481e-05
0.00017467746774677467,-6.496552274664792e-05
0.0001746974697469747,-6.491402176709538e-05
0.0001747174717471747,-6.486238959351583e-05
0.00017473747374737472,-6.481062639598133e-05
0.00017475747574757474,-6.475873234584421e-05
0.00017477747774777476,-6.470670761573361e-05
0.00017479747974797477,-6.465455237955239e-05
0.00017481748174817482,-6.460226681247358e-05
0.00017483748374837483,-6.454985109093751e-05
0.00017485748574857485,-6.449730539264804e-05
0.00017487748774877487,-6.444462989656954e-05
0.00017489748974897488,-6.439182478292355e-05
0.0001749174917491749,-6.43388902331855e-05
0.00017493749374937492,-6.428582643008138e-05
0.00017495749574957494,-6.42326335575845e-05
0.00017497749774977498,-6.41793118009121e-05
0.000174997499749975,-6.412586134652233e-05
0.000175017501750175,-6.407228238211057e-05
0.00017503750375037503,-6.401857509660639e-05
0.00017505750575057505,-6.396473968017022e-05
0.00017507750775077506,-6.391077632419004e-05
0.00017509750975097508,-6.385668522127807e-05
0.0001751175117511751,-6.380246656526752e-05
0.00017513751375137511,-6.374812055120933e-05
0.00017515751575157516,-6.369364737536866e-05
0.00017517751775177518,-6.363904723522207e-05
0.0001751975197519752,-6.35843203294537e-05
0.0001752175217521752,-6.352946685795225e-05
0.00017523752375237523,-6.34744870218077e-05
0.00017525752575257524,-6.341938102330793e-05
0.00017527752775277526,-6.336414906593547e-05
0.00017529752975297528,-6.330879135436428e-05
0.0001753175317531753,-6.325330809445629e-05
0.00017533753375337534,-6.319769949325821e-05
0.00017535753575357536,-6.314196575899845e-05
0.00017537753775377537,-6.308610710108333e-05
0.0001753975397539754,-6.303012373009428e-05
0.0001754175417541754,-6.297401585778423e-05
0.00017543754375437542,-6.29177836970745e-05
0.00017545754575457544,-6.286142746205144e-05
0.00017547754775477546,-6.280494736796315e-05
0.00017549754975497547,-6.274834363121616e-05
0.00017551755175517552,-6.269161646937215e-05
0.00017553755375537554,-6.263476610114483e-05
0.00017555755575557555,-6.257779274639634e-05
0.00017557755775577557,-6.252069662613414e-05
0.00017559755975597559,-6.246347796250775e-05
0.0001756175617561756,-6.240613697880536e-05
0.00017563756375637562,-6.23486738994506e-05
0.00017565756575657564,-6.229108894999924e-05
0.00017567756775677565,-6.22333823571359e-05
0.0001756975697569757,-6.217555434867068e-05
0.00017571757175717571,-6.211760515353616e-05
0.00017573757375737573,-6.205953500178368e-05
0.00017575757575757575,-6.200134412458033e-05
0.00017577757775777577,-6.194303275420561e-05
0.00017579757975797578,-6.188460112404813e-05
0.0001758175817581758,-6.182604946860227e-05
0.00017583758375837582,-6.176737802346497e-05
0.00017585758575857583,-6.170858702533242e-05
0.00017587758775877588,-6.164967671199663e-05
0.0001758975897589759,-6.159064732234254e-05
0.0001759175917591759,-6.153149909634419e-05
0.00017593759375937593,-6.147223227506176e-05
0.00017595759575957595,-6.141284710063827e-05
0.00017597759775977596,-6.135334381629617e-05
0.00017599759975997598,-6.129372266633413e-05
0.000176017601760176,-6.123398389612378e-05
0.000176037603760376,-6.117412775210628e-05
0.00017605760576057606,-6.111415448178911e-05
0.00017607760776077607,-6.1054064333743e-05
0.0001760976097609761,-6.0993857557598226e-05
0.0001761176117611761,-6.093353440404157e-05
0.00017613761376137613,-6.0873095124812986e-05
0.00017615761576157614,-6.081253997270232e-05
0.00017617761776177616,-6.075186920154601e-05
0.00017619761976197618,-6.0691083066223786e-05
0.0001762176217621762,-6.0630181822655375e-05
0.00017623762376237624,-6.056916572779717e-05
0.00017625762576257625,-6.050803503963921e-05
0.00017627762776277627,-6.0446790017201455e-05
0.0001762976297629763,-6.038543092053077e-05
0.0001763176317631763,-6.032395801069758e-05
0.00017633763376337632,-6.026237154979258e-05
0.00017635763576357634,-6.020067180092347e-05
0.00017637763776377636,-6.01388590282116e-05
0.00017639763976397637,-6.0076933496788724e-05
0.00017641764176417642,-6.001489547279363e-05
0.00017643764376437643,-5.995274522336918e-05
0.00017645764576457645,-5.989048301665848e-05
0.00017647764776477647,-5.982810912180199e-05
0.00017649764976497648,-5.9765623808934095e-05
0.0001765176517651765,-5.9703027349179834e-05
0.00017653765376537652,-5.9640320014651624e-05
0.00017655765576557654,-5.957750207844596e-05
0.00017657765776577658,-5.9514573814639996e-05
0.0001765976597659766,-5.945153549828871e-05
0.0001766176617661766,-5.938838740542095e-05
0.00017663766376637663,-5.9325129813036614e-05
0.00017665766576657665,-5.9261762999103197e-05
0.00017667766776677666,-5.919828724255254e-05
0.00017669766976697668,-5.913470282327753e-05
0.0001767176717671767,-5.90710100221288e-05
0.00017673767376737671,-5.900720912091145e-05
0.00017675767576757676,-5.894330040238165e-05
0.00017677767776777678,-5.887928415024373e-05
0.0001767976797679768,-5.881516064914635e-05
0.0001768176817681768,-5.875093018467954e-05
0.00017683768376837683,-5.868659304337137e-05
0.00017685768576857684,-5.862214951268461e-05
0.00017687768776877686,-5.855759988101346e-05
0.00017689768976897688,-5.849294443768028e-05
0.0001769176917691769,-5.842818347293225e-05
0.00017693769376937694,-5.836331727793805e-05
0.00017695769576957696,-5.829834614478489e-05
0.00017697769776977697,-5.823327036647466e-05
0.000176997699769977,-5.816809023692109e-05
0.000177017701770177,-5.8102806050946245e-05
0.00017703770377037702,-5.803741810427734e-05
0.00017705770577057704,-5.79719266935434e-05
0.00017707770777077706,-5.7906332116271954e-05
0.00017709770977097707,-5.784063467088581e-05
0.00017711771177117712,-5.77748346566996e-05
0.00017713771377137714,-5.770893237391691e-05
0.00017715771577157715,-5.764292812362639e-05
0.00017717771777177717,-5.757682220779888e-05
0.00017719771977197719,-5.7510614929284e-05
0.0001772177217721772,-5.744430659180689e-05
0.00017723772377237722,-5.737789749996484e-05
0.00017725772577257724,-5.731138795922412e-05
0.00017727772777277725,-5.724477827591658e-05
0.0001772977297729773,-5.717806875723633e-05
0.00017731773177317732,-5.7111259711236785e-05
0.00017733773377337733,-5.704435144682689e-05
0.00017735773577357735,-5.6977344273768083e-05
0.00017737773777377737,-5.691023850267101e-05
0.00017739773977397738,-5.68430344449922e-05
0.0001774177417741774,-5.6775732413030755e-05
0.00017743774377437742,-5.670833271992511e-05
0.00017745774577457743,-5.664083567964969e-05
0.00017747774777477748,-5.6573241607011574e-05
0.0001774977497749775,-5.650555081764752e-05
0.0001775177517751775,-5.6437763628020174e-05
0.00017753775377537753,-5.636988035541511e-05
0.00017755775577557755,-5.630190131793749e-05
0.00017757775777577756,-5.6233826834508726e-05
0.00017759775977597758,-5.616565722486322e-05
0.0001776177617761776,-5.6097392809545065e-05
0.0001776377637763776,-5.602903390990474e-05
0.00017765776577657766,-5.596058084809575e-05
0.00017767776777677767,-5.5892033947071736e-05
0.0001776977697769777,-5.582339353058252e-05
0.0001777177717771777,-5.575465992317132e-05
0.00017773777377737773,-5.568583345017127e-05
0.00017775777577757774,-5.561691443770217e-05
0.00017777777777777776,-5.554790321266719e-05
0.00017779777977797778,-5.5478800102749584e-05
0.0001778177817781778,-5.540960543640939e-05
0.00017783778377837784,-5.534031954288005e-05
0.00017785778577857785,-5.5270942752165496e-05
0.00017787778777877787,-5.52014753950363e-05
0.0001778977897789779,-5.5131917803026746e-05
0.0001779177917791779,-5.506227030843146e-05
0.00017793779377937792,-5.499253324430213e-05
0.00017795779577957794,-5.492270694444418e-05
0.00017797779777977796,-5.4852791743413516e-05
0.00017799779977997797,-5.47827879765132e-05
0.00017801780178017802,-5.4712695979790103e-05
0.00017803780378037803,-5.4642516090031967e-05
0.00017805780578057805,-5.457224864476357e-05
0.00017807780778077807,-5.450189398224378e-05
0.00017809780978097808,-5.443145244146222e-05
0.0001781178117811781,-5.4360924362135895e-05
0.00017813781378137812,-5.4290310084706003e-05
0.00017815781578157814,-5.4219609950334595e-05
0.00017817781778177815,-5.414882430090124e-05
0.0001781978197819782,-5.407795347899974e-05
0.0001782178217821782,-5.4006997827935144e-05
0.00017823782378237823,-5.393595769171989e-05
0.00017825782578257825,-5.386483341507095e-05
0.00017827782778277826,-5.3793625343406375e-05
0.00017829782978297828,-5.3722333822842075e-05
0.0001783178317831783,-5.365095920018845e-05
0.00017833783378337832,-5.357950182294718e-05
0.00017835783578357836,-5.3507962039307776e-05
0.00017837783778377838,-5.34363401981447e-05
0.0001783978397839784,-5.3364636649013516e-05
0.0001784178417841784,-5.329285174214795e-05
0.00017843784378437843,-5.322098582845652e-05
0.00017845784578457844,-5.314903925951925e-05
0.00017847784778477846,-5.307701238758437e-05
0.00017849784978497848,-5.300490556556502e-05
0.0001785178517851785,-5.293271914703599e-05
0.00017853785378537854,-5.28604534862303e-05
0.00017855785578557856,-5.2788108938036316e-05
0.00017857785778577857,-5.2715685857993865e-05
0.0001785978597859786,-5.264318460229134e-05
0.0001786178617861786,-5.2570605527762324e-05
0.00017863786378637862,-5.249794899188227e-05
0.00017865786578657864,-5.242521535276524e-05
0.00017867786778677866,-5.235240496916062e-05
0.00017869786978697867,-5.227951820044979e-05
0.00017871787178717872,-5.2206555406642736e-05
0.00017873787378737874,-5.213351694837523e-05
0.00017875787578757875,-5.206040318690488e-05
0.00017877787778777877,-5.1987214484108224e-05
0.00017879787978797879,-5.1913951202477375e-05
0.0001788178817881788,-5.184061370511673e-05
0.00017883788378837882,-5.176720235573968e-05
0.00017885788578857884,-5.16937175186653e-05
0.00017887788778877885,-5.1620159558815064e-05
0.0001788978897889789,-5.1546528841709476e-05
0.00017891789178917892,-5.1472825733465156e-05
0.00017893789378937893,-5.139905060079094e-05
0.00017895789578957895,-5.132520381098506e-05
0.00017897789778977897,-5.125128573193163e-05
0.00017899789978997898,-5.11772967320975e-05
0.000179017901790179,-5.110323718052885e-05
0.00017903790379037902,-5.1029107446847944e-05
0.00017905790579057903,-5.095490790124984e-05
0.00017907790779077908,-5.088063891449904e-05
0.0001790979097909791,-5.080630085792649e-05
0.0001791179117911791,-5.073189410342581e-05
0.00017913791379137913,-5.065741902345033e-05
0.00017915791579157915,-5.058287599100973e-05
0.00017917791779177916,-5.0508265379666726e-05
0.00017919791979197918,-5.043358756353382e-05
0.0001792179217921792,-5.0358842917269954e-05
0.00017923792379237921,-5.028403181607729e-05
0.00017925792579257926,-5.020915463569773e-05
0.00017927792779277927,-5.013421175241014e-05
0.0001792979297929793,-5.005920354302632e-05
0.0001793179317931793,-4.9984130384888244e-05
0.00017933793379337933,-4.990899265586462e-05
0.00017935793579357934,-4.983379073434755e-05
0.00017937793779377936,-4.9758524999249315e-05
0.00017939793979397938,-4.968319582999906e-05
0.0001794179417941794,-4.960780360653947e-05
0.00017943794379437944,-4.953234870932343e-05
0.00017945794579457945,-4.9456831519311125e-05
0.00017947794779477947,-4.93812524179661e-05
0.0001794979497949795,-4.930561178725244e-05
0.0001795179517951795,-4.922991000963134e-05
0.00017953795379537952,-4.9154147468057795e-05
0.00017955795579557954,-4.907832454597738e-05
0.00017957795779577956,-4.900244162732288e-05
0.00017959795979597957,-4.892649909651105e-05
0.00017961796179617962,-4.8850497338439225e-05
0.00017963796379637963,-4.877443673848238e-05
0.00017965796579657965,-4.869831768248932e-05
0.00017967796779677967,-4.862214055677969e-05
0.00017969796979697968,-4.854590574814071e-05
0.0001797179717971797,-4.846961364382374e-05
0.00017973797379737972,-4.8393264631541116e-05
0.00017975797579757974,-4.831685909946279e-05
0.00017977797779777975,-4.8240397436213055e-05
0.0001797979797979798,-4.816388003086717e-05
0.00017981798179817981,-4.808730727294843e-05
0.00017983798379837983,-4.8010679552424324e-05
0.00017985798579857985,-4.793399725970364e-05
0.00017987798779877986,-4.7857260785633024e-05
0.00017989798979897988,-4.778047052149375e-05
0.0001799179917991799,-4.770362685899838e-05
0.00017993799379937992,-4.7626730190287515e-05
0.00017995799579957996,-4.754978090792637e-05
0.00017997799779977998,-4.747277940490194e-05
0.00017999799979998,-4.739572607461904e-05
0.00018001800180018,-4.7318621310897435e-05
0.00018003800380038003,-4.724146550796848e-05
0.00018005800580058004,-4.71642590604718e-05
0.00018007800780078006,-4.708700236345204e-05
0.00018009800980098008,-4.700969581235549e-05
0.0001801180118011801,-4.693233980302691e-05
0.00018013801380138014,-4.6854934731706e-05
0.00018015801580158016,-4.677748099502468e-05
0.00018017801780178017,-4.669997899000306e-05
0.0001801980198019802,-4.662242911404659e-05
0.0001802180218021802,-4.6544831764942695e-05
0.00018023802380238022,-4.646718734085748e-05
0.00018025802580258024,-4.6389496240332374e-05
0.00018027802780278026,-4.631175886228098e-05
0.00018029802980298027,-4.623397560598562e-05
0.00018031803180318032,-4.615614687109404e-05
0.00018033803380338034,-4.6078273057616545e-05
0.00018035803580358035,-4.600035456592202e-05
0.00018037803780378037,-4.59223917967351e-05
0.0001803980398039804,-4.5844385151132765e-05
0.0001804180418041804,-4.5766335030541065e-05
0.00018043804380438042,-4.56882418367318e-05
0.00018045804580458044,-4.5610105971819236e-05
0.00018047804780478045,-4.5531927838256836e-05
0.0001804980498049805,-4.545370783883386e-05
0.00018051805180518052,-4.5375446376672494e-05
0.00018053805380538053,-4.529714385522387e-05
0.00018055805580558055,-4.5218800678265334e-05
0.00018057805780578057,-4.514041724989688e-05
0.00018059805980598058,-4.5061993974537986e-05
0.0001806180618061806,-4.4983531256924275e-05
0.00018063806380638062,-4.490502950210428e-05
0.00018065806580658063,-4.482648911543602e-05
0.00018067806780678068,-4.474791050258374e-05
0.0001806980698069807,-4.4669294069515025e-05
0.0001807180718071807,-4.459064022249676e-05
0.00018073807380738073,-4.451194936809242e-05
0.00018075807580758075,-4.443322191315857e-05
0.00018077807780778076,-4.435445826484163e-05
0.00018079807980798078,-4.42756588305745e-05
0.0001808180818081808,-4.419682401807343e-05
0.00018083808380838081,-4.411795423533451e-05
0.00018085808580858086,-4.4039049890630516e-05
0.00018087808780878087,-4.396011139250783e-05
0.0001808980898089809,-4.388113914978263e-05
0.0001809180918091809,-4.380213357153803e-05
0.00018093809380938093,-4.372309506712061e-05
0.00018095809580958094,-4.364402404613722e-05
0.00018097809780978096,-4.356492091845155e-05
0.00018099809980998098,-4.348578609418104e-05
0.000181018101810181,-4.3406619983693396e-05
0.00018103810381038104,-4.332742299760331e-05
0.00018105810581058105,-4.324819554676955e-05
0.00018107810781078107,-4.3168938042291023e-05
0.0001810981098109811,-4.3089650895503966e-05
0.0001811181118111811,-4.3010334517978527e-05
0.00018113811381138112,-4.2930989321515386e-05
0.00018115811581158114,-4.285161571814258e-05
0.00018117811781178116,-4.277221412011222e-05
0.00018119811981198117,-4.269278493989707e-05
0.00018121812181218122,-4.261332859018727e-05
0.00018123812381238123,-4.2533845483887445e-05
0.00018125812581258125,-4.2454336034112764e-05
0.00018127812781278127,-4.2374800654186035e-05
0.00018129812981298129,-4.229523975763441e-05
0.0001813181318131813,-4.2215653758185996e-05
0.00018133813381338132,-4.21360430697666e-05
0.00018135813581358134,-4.2056408106496505e-05
0.00018137813781378135,-4.197674928268702e-05
0.0001813981398139814,-4.189706701283728e-05
0.00018141814181418141,-4.1817361711631184e-05
0.00018143814381438143,-4.173763379393362e-05
0.00018145814581458145,-4.165788367478755e-05
0.00018147814781478146,-4.1578111769410595e-05
0.00018149814981498148,-4.1498318493191755e-05
0.0001815181518151815,-4.1418504261688126e-05
0.00018153815381538152,-4.133866949062161e-05
0.00018155815581558153,-4.1258814595875587e-05
0.00018157815781578158,-4.117893999349159e-05
0.0001815981598159816,-4.109904609966641e-05
0.0001816181618161816,-4.101913333074811e-05
0.00018163816381638163,-4.093920210323325e-05
0.00018165816581658164,-4.085925283376343e-05
0.00018167816781678166,-4.0779285939122054e-05
0.00018169816981698168,-4.0699301836230913e-05
0.0001817181718171817,-4.061930094214711e-05
0.00018173817381738174,-4.053928367405945e-05
0.00018175817581758176,-4.0459250449285714e-05
0.00018177817781778177,-4.037920168526865e-05
0.0001817981798179818,-4.0299137799573166e-05
0.0001818181818181818,-4.02190592098829e-05
0.00018183818381838182,-4.0138966333996926e-05
0.00018185818581858184,-4.005885958982648e-05
0.00018187818781878186,-3.997873939539164e-05
0.00018189818981898187,-3.989860616881816e-05
0.00018191819181918192,-3.9818460328333845e-05
0.00018193819381938194,-3.973830229226589e-05
0.00018195819581958195,-3.965813247903685e-05
0.00018197819781978197,-3.957795130716181e-05
0.000181998199819982,-3.949775919524499e-05
0.000182018201820182,-3.941755656197644e-05
0.00018203820382038202,-3.933734382612873e-05
0.00018205820582058204,-3.925712140655373e-05
0.00018207820782078205,-3.9176889722179245e-05
0.0001820982098209821,-3.909664919200562e-05
0.00018211821182118212,-3.901640023510296e-05
0.00018213821382138213,-3.893614327060715e-05
0.00018215821582158215,-3.885587871771692e-05
0.00018217821782178217,-3.877560699569052e-05
0.00018219821982198218,-3.869532852384249e-05
0.0001822182218221822,-3.861504372154025e-05
0.00018223822382238222,-3.85347530082009e-05
0.00018225822582258223,-3.845445680328782e-05
0.00018227822782278228,-3.8374155526307404e-05
0.0001822982298229823,-3.8293849596806136e-05
0.0001823182318231823,-3.821353943436665e-05
0.00018233823382338233,-3.8133225458604886e-05
0.00018235823582358235,-3.8052908089166655e-05
0.00018237823782378236,-3.797258774572439e-05
0.00018239823982398238,-3.78922648479739e-05
0.0001824182418241824,-3.781193981563095e-05
0.00018243824382438241,-3.773161306842806e-05
0.00018245824582458246,-3.765128502611111e-05
0.00018247824782478248,-3.757095610843647e-05
0.0001824982498249825,-3.7490626735167035e-05
0.0001825182518251825,-3.74102973260694e-05
0.00018253825382538253,-3.732996830091043e-05
0.00018255825582558254,-3.724964007945399e-05
0.00018257825782578256,-3.71693130814577e-05
0.00018259825982598258,-3.708898772666953e-05
0.0001826182618261826,-3.700866443482459e-05
0.00018263826382638264,-3.6928343625641785e-05
0.00018265826582658265,-3.684802571882082e-05
0.00018267826782678267,-3.676771113403833e-05
0.0001826982698269827,-3.668740029094511e-05
0.0001827182718271827,-3.660709360916251e-05
0.00018273827382738272,-3.652679150827935e-05
0.00018275827582758274,-3.644649440784855e-05
0.00018277827782778276,-3.636620272738373e-05
0.00018279827982798277,-3.628591688635621e-05
0.00018281828182818282,-3.620563730419121e-05
0.00018283828382838283,-3.61253644002654e-05
0.00018285828582858285,-3.604509859390264e-05
0.00018287828782878287,-3.596484030437133e-05
0.00018289828982898289,-3.588458995088088e-05
0.0001829182918291829,-3.5804347952578505e-05
0.00018293829382938292,-3.572411472854591e-05
0.00018295829582958294,-3.5643890697795966e-05
0.00018297829782978295,-3.556367627926946e-05
0.000182998299829983,-3.548347189183168e-05
0.00018301830183018301,-3.540327795426956e-05
0.00018303830383038303,-3.5323094885287765e-05
0.00018305830583058305,-3.524292310350578e-05
0.00018307830783078306,-3.516276302745452e-05
0.00018309830983098308,-3.508261507557314e-05
0.0001831183118311831,-3.5002479666205594e-05
0.00018313831383138312,-3.492235721759745e-05
0.00018315831583158313,-3.484224814789255e-05
0.00018317831783178318,-3.476215287512963e-05
0.0001831983198319832,-3.46820718172395e-05
0.0001832183218321832,-3.4602005392041006e-05
0.00018323832383238323,-3.452195401723823e-05
0.00018325832583258324,-3.4441918110417164e-05
0.00018327832783278326,-3.436189808904231e-05
0.00018329832983298328,-3.4281894370453395e-05
0.0001833183318331833,-3.420190737186213e-05
0.00018333833383338334,-3.412193751034882e-05
0.00018335833583358336,-3.4041985202859515e-05
0.00018337833783378337,-3.3962050866201955e-05
0.0001833983398339834,-3.3882134917042834e-05
0.0001834183418341834,-3.380223777190438e-05
0.00018343834383438342,-3.372235984716102e-05
0.00018345834583458344,-3.364250155903614e-05
0.00018347834783478346,-3.356266332359874e-05
0.00018349834983498348,-3.3482845556760245e-05
0.00018351835183518352,-3.3403048674270945e-05
0.00018353835383538354,-3.3323273091717296e-05
0.00018355835583558355,-3.324351922451791e-05
0.00018357835783578357,-3.316378748792064e-05
0.0001835983598359836,-3.3084078296999333e-05
0.0001836183618361836,-3.3004392066650424e-05
0.00018363836383638362,-3.292472921158957e-05
0.00018365836583658364,-3.284509014634865e-05
0.00018367836783678365,-3.276547528527216e-05
0.0001836983698369837,-3.268588504251393e-05
0.00018371837183718372,-3.260631983203433e-05
0.00018373837383738373,-3.25267800675963e-05
0.00018375837583758375,-3.2447266162762386e-05
0.00018377837783778377,-3.23677785308915e-05
0.00018379837983798378,-3.228831758513553e-05
0.0001838183818381838,-3.220888373843608e-05
0.00018383838383838382,-3.2129477403521165e-05
0.00018385838583858383,-3.205009899290195e-05
0.00018387838783878388,-3.1970748918869297e-05
0.0001838983898389839,-3.1891427593491e-05
0.0001839183918391839,-3.181213542860777e-05
0.00018393839383938393,-3.173287283583035e-05
0.00018395839583958395,-3.16536402265362e-05
0.00018397839783978396,-3.157443801186618e-05
0.00018399839983998398,-3.1495266602721286e-05
0.000184018401840184,-3.14161264097592e-05
0.00018403840384038401,-3.133701784339121e-05
0.00018405840584058406,-3.1257941313778744e-05
0.00018407840784078408,-3.117889723083048e-05
0.0001840984098409841,-3.109988600419836e-05
0.0001841184118411841,-3.1020908043274834e-05
0.00018413841384138413,-3.0941963757189425e-05
0.00018415841584158414,-3.086305355480549e-05
0.00018417841784178416,-3.0784177844716745e-05
0.00018419841984198418,-3.0705337035244214e-05
0.0001842184218421842,-3.0626531534432735e-05
0.00018423842384238424,-3.0547761750047755e-05
0.00018425842584258425,-3.0469028089572303e-05
0.00018427842784278427,-3.0390330960203157e-05
0.0001842984298429843,-3.0311670768847884e-05
0.0001843184318431843,-3.0233047922121587e-05
0.00018433843384338432,-3.0154462826343517e-05
0.00018435843584358434,-3.0075915887533728e-05
0.00018437843784378436,-2.999740751140997e-05
0.00018439843984398437,-2.9918938103384254e-05
0.00018441844184418442,-2.9840508068559357e-05
0.00018443844384438443,-2.976211781172632e-05
0.00018445844584458445,-2.9683767737360122e-05
0.00018447844784478447,-2.9605458249616976e-05
0.00018449844984498449,-2.9527189752331093e-05
0.0001845184518451845,-2.9448962649011062e-05
0.00018453845384538452,-2.9370777342836826e-05
0.00018455845584558454,-2.9292634236656267e-05
0.00018457845784578455,-2.9214533732982e-05
0.0001845984598459846,-2.9136476233987894e-05
0.00018461846184618461,-2.905846214150618e-05
0.00018463846384638463,-2.8980491857023687e-05
0.00018465846584658465,-2.8902565781678807e-05
0.00018467846784678467,-2.8824684316258167e-05
0.00018469846984698468,-2.874684786119335e-05
0.0001847184718471847,-2.866905681655761e-05
0.00018473847384738472,-2.8591311582062503e-05
0.00018475847584758473,-2.8513612557054684e-05
0.00018477847784778478,-2.8435960140512548e-05
0.0001847984798479848,-2.835835473104316e-05
0.0001848184818481848,-2.8280796726878604e-05
0.00018483848384838483,-2.8203286525872867e-05
0.00018485848584858484,-2.8125824525498597e-05
0.00018487848784878486,-2.8048411122843817e-05
0.00018489848984898488,-2.797104671460856e-05
0.0001849184918491849,-2.7893731697101548e-05
0.0001849384938493849,-2.7816466466237008e-05
0.00018495849584958496,-2.773925141753131e-05
0.00018497849784978497,-2.7662086946099877e-05
0.000184998499849985,-2.7584973446653457e-05
0.000185018501850185,-2.7507911313495213e-05
0.00018503850385038502,-2.7430900940517312e-05
0.00018505850585058504,-2.7353942721197635e-05
0.00018507850785078506,-2.727703704859648e-05
0.00018509850985098508,-2.720018431535332e-05
0.00018511851185118512,-2.7123384913683322e-05
0.00018513851385138514,-2.704663923537449e-05
0.00018515851585158515,-2.6969947671783852e-05
0.00018517851785178517,-2.6893310613834568e-05
0.0001851985198519852,-2.6816728452012268e-05
0.0001852185218521852,-2.6740201576362195e-05
0.00018523852385238522,-2.6663730376485595e-05
0.00018525852585258524,-2.658731524153655e-05
0.00018527852785278526,-2.6510956560218664e-05
0.0001852985298529853,-2.6434654720781643e-05
0.00018531853185318532,-2.635841011101849e-05
0.00018533853385338533,-2.628222311826156e-05
0.00018535853585358535,-2.620609412937957e-05
0.00018537853785378537,-2.6130023530774438e-05
0.00018539853985398538,-2.605401170837779e-05
0.0001854185418541854,-2.597805904764778e-05
0.00018543854385438542,-2.5902165933565733e-05
0.00018545854585458543,-2.5826332750632908e-05
0.00018547854785478548,-2.5750559882867047e-05
0.0001854985498549855,-2.5674847713799566e-05
0.0001855185518551855,-2.5599196626471673e-05
0.00018553855385538553,-2.5523607003431283e-05
0.00018555855585558555,-2.5448079226729836e-05
0.00018557855785578556,-2.537261367791898e-05
0.00018559855985598558,-2.5297210738047244e-05
0.0001856185618561856,-2.522187078765665e-05
0.00018563856385638561,-2.514659420677964e-05
0.00018565856585658566,-2.5071381374935522e-05
0.00018567856785678568,-2.4996232671127545e-05
0.0001856985698569857,-2.4921148473839208e-05
0.0001857185718571857,-2.4846129161031174e-05
0.00018573857385738573,-2.477117511013799e-05
0.00018575857585758574,-2.469628669806467e-05
0.00018577857785778576,-2.4621464301183655e-05
0.00018579857985798578,-2.454670829533126e-05
0.0001858185818581858,-2.4472019055804425e-05
0.00018583858385838584,-2.4397396957357532e-05
0.00018585858585858586,-2.4322842374199307e-05
0.00018587858785878587,-2.4248355679988943e-05
0.0001858985898589859,-2.417393724783332e-05
0.0001859185918591859,-2.409958745028352e-05
0.00018593859385938592,-2.4025306659331562e-05
0.00018595859585958594,-2.3951095246407226e-05
0.00018597859785978596,-2.3876953582374474e-05
0.00018599859985998597,-2.3802882037528492e-05
0.00018601860186018602,-2.3728880981592067e-05
0.00018603860386038603,-2.3654950783712823e-05
0.00018605860586058605,-2.3581091812459277e-05
0.00018607860786078607,-2.3507304435817996e-05
0.00018609860986098609,-2.3433589021190036e-05
0.0001861186118611861,-2.3359945935387946e-05
0.00018613861386138612,-2.3286375544632196e-05
0.00018615861586158614,-2.321287821454813e-05
0.00018617861786178615,-2.3139454310162478e-05
0.0001861986198619862,-2.3066104195900008e-05
0.00018621862186218621,-2.299282823558073e-05
0.00018623862386238623,-2.2919626792415925e-05
0.00018625862586258625,-2.284650022900531e-05
0.00018627862786278627,-2.277344890733354e-05
0.00018629862986298628,-2.2700473188767042e-05
0.0001863186318631863,-2.2627573434050697e-05
0.00018633863386338632,-2.2554750003304397e-05
0.00018635863586358633,-2.2482003256020053e-05
0.00018637863786378638,-2.2409333551057937e-05
0.0001863986398639864,-2.233674124664393e-05
0.0001864186418641864,-2.2264226700365554e-05
0.00018643864386438643,-2.219179026916916e-05
0.00018645864586458645,-2.211943230935642e-05
0.00018647864786478646,-2.2047153176581242e-05
0.00018649864986498648,-2.1974953225846235e-05
0.0001865186518651865,-2.1902832811499607e-05
0.0001865386538653865,-2.1830792287231772e-05
0.00018655865586558656,-2.1758832006072013e-05
0.00018657865786578657,-2.1686952320385502e-05
0.0001865986598659866,-2.1615153581869582e-05
0.0001866186618661866,-2.1543436141550677e-05
0.00018663866386638662,-2.1471800349781063e-05
0.00018665866586658664,-2.140024655623545e-05
0.00018667866786678666,-2.132877510990786e-05
0.00018669866986698668,-2.1257386359108115e-05
0.00018671867186718672,-2.1186080651458646e-05
0.00018673867386738674,-2.1114858333891445e-05
0.00018675867586758675,-2.1043719752644293e-05
0.00018677867786778677,-2.0972665253257756e-05
0.0001867986798679868,-2.0901695180572066e-05
0.0001868186818681868,-2.0830809878723406e-05
0.00018683868386838682,-2.0760009691140913e-05
0.00018685868586858684,-2.0689294960543313e-05
0.00018687868786878686,-2.061866602893577e-05
0.0001868986898689869,-2.0548123237606088e-05
0.00018691869186918692,-2.0477666927122273e-05
0.00018693869386938693,-2.0407297437328568e-05
0.00018695869586958695,-2.0337015107342168e-05
0.00018697869786978697,-2.026682027555037e-05
0.00018699869986998698,-2.0196713279606916e-05
0.000187018701870187,-2.012669445642887e-05
0.00018703870387038702,-2.0056764142193205e-05
0.00018705870587058704,-1.998692267233361e-05
0.00018707870787078708,-1.99171703815372e-05
0.0001870987098709871,-1.9847507603741343e-05
0.0001871187118711871,-1.9777934672129906e-05
0.00018713871387138713,-1.9708451919130537e-05
0.00018715871587158715,-1.9639059676411077e-05
0.00018717871787178716,-1.9569758274876186e-05
0.00018719871987198718,-1.9500548044664378e-05
0.0001872187218721872,-1.9431429315144386e-05
0.00018723872387238721,-1.9362402414912037e-05
0.00018725872587258726,-1.9293467671786937e-05
0.00018727872787278728,-1.9224625412809436e-05
0.0001872987298729873,-1.9155875964236838e-05
0.0001873187318731873,-1.9087219651540306e-05
0.00018733873387338733,-1.9018656799401792e-05
0.00018735873587358734,-1.895018773171059e-05
0.00018737873787378736,-1.8881812771559898e-05
0.00018739873987398738,-1.8813532241243806e-05
0.0001874187418741874,-1.8745346462253815e-05
0.00018743874387438744,-1.8677255755275544e-05
0.00018745874587458746,-1.860926044018567e-05
0.00018747874787478747,-1.854136083604835e-05
0.0001874987498749875,-1.8473557261112036e-05
0.0001875187518751875,-1.840585003280613e-05
0.00018753875387538752,-1.8338239467738004e-05
0.00018755875587558754,-1.827072588168914e-05
0.00018757875787578756,-1.820330958961237e-05
0.00018759875987598757,-1.8135990905628386e-05
0.00018761876187618762,-1.806877014302227e-05
0.00018763876387638764,-1.800164761424071e-05
0.00018765876587658765,-1.793462363088798e-05
0.00018767876787678767,-1.7867698503723344e-05
0.00018769876987698769,-1.7800872542657313e-05
0.0001877187718771877,-1.77341460567486e-05
0.00018773877387738772,-1.7667519354200608e-05
0.00018775877587758774,-1.7600992742358413e-05
0.00018777877787778775,-1.7534566527705274e-05
0.0001877987798779878,-1.7468241015859325e-05
0.00018781878187818781,-1.7402016511570574e-05
0.00018783878387838783,-1.7335893318717267e-05
0.00018785878587858785,-1.726987174030265e-05
0.00018787878787878787,-1.720395207845182e-05
0.00018789878987898788,-1.7138134634408525e-05
0.0001879187918791879,-1.70724197085315e-05
0.00018793879387938792,-1.7006807600291484e-05
0.00018795879587958793,-1.694129860826784e-05
0.00018797879787978798,-1.6875893030145238e-05
0.000187998799879988,-1.6810591162710638e-05
0.000188018801880188,-1.6745393301849445e-05
0.00018803880388038803,-1.6680299742542537e-05
0.00018805880588058805,-1.6615310778863292e-05
0.00018807880788078806,-1.6550426703973583e-05
0.00018809880988098808,-1.6485647810121202e-05
0.0001881188118811881,-1.642097438863607e-05
0.0001881388138813881,-1.6356406729927086e-05
0.00018815881588158816,-1.629194512347894e-05
0.00018817881788178817,-1.6227589857848925e-05
0.0001881988198819882,-1.6163341220663237e-05
0.0001882188218821882,-1.6099199498613975e-05
0.00018823882388238822,-1.6035164977455916e-05
0.00018825882588258824,-1.5971237942003015e-05
0.00018827882788278826,-1.5907418676125326e-05
0.00018829882988298828,-1.5843707462745346e-05
0.0001883188318831883,-1.57801045838352e-05
0.00018833883388338834,-1.571661032041304e-05
0.00018835883588358835,-1.565322495254005e-05
0.00018837883788378837,-1.558994875931659e-05
0.0001883988398839884,-1.5526782018879503e-05
0.0001884188418841884,-1.5463725008398556e-05
0.00018843884388438842,-1.540077800407306e-05
0.00018845884588458844,-1.5337941281128887e-05
0.00018847884788478846,-1.5275215113814787e-05
0.0001884988498849885,-1.5212599775399447e-05
0.00018851885188518852,-1.5150095538168077e-05
0.00018853885388538853,-1.508770267341899e-05
0.00018855885588558855,-1.5025421451460495e-05
0.00018857885788578857,-1.4963252141607424e-05
0.00018859885988598858,-1.4901195012178103e-05
0.0001886188618861886,-1.4839250330490845e-05
0.00018863886388638862,-1.4777418362860655e-05
0.00018865886588658864,-1.4715699374596143e-05
0.00018867886788678868,-1.4654093629995859e-05
0.0001886988698869887,-1.4592601392345657e-05
0.0001887188718871887,-1.4531222923914639e-05
0.00018873887388738873,-1.4469958485952242e-05
0.00018875887588758875,-1.4408808338685133e-05
0.00018877887788778876,-1.4347772741313418e-05
0.00018879887988798878,-1.4286851952007902e-05
0.0001888188818881888,-1.4226046227906427e-05
0.00018883888388838881,-1.416535582511072e-05
0.00018885888588858886,-1.4104780998682839e-05
0.00018887888788878888,-1.4044322002642652e-05
0.0001888988898889889,-1.3983979089963582e-05
0.0001889188918891889,-1.392375251256979e-05
0.00018893889388938893,-1.3863642521333e-05
0.00018895889588958894,-1.3803649366068922e-05
0.00018897889788978896,-1.3743773295534208e-05
0.00018899889988998898,-1.3684014557422853e-05
0.000189018901890189,-1.3624373398363326e-05
0.00018903890389038904,-1.356485006391487e-05
0.00018905890589058906,-1.3505444798564612e-05
0.00018907890789078907,-1.3446157845723776e-05
0.0001890989098909891,-1.338698944772484e-05
0.0001891189118911891,-1.3327939845818185e-05
0.00018913891389138912,-1.326900928016836e-05
0.00018915891589158914,-1.3210197989851392e-05
0.00018917891789178916,-1.3151506212851147e-05
0.00018919891989198917,-1.3092934186056219e-05
0.00018921892189218922,-1.3034482145256348e-05
0.00018923892389238924,-1.297615032513955e-05
0.00018925892589258925,-1.2917938959288372e-05
0.00018927892789278927,-1.285984828017716e-05
0.00018929892989298929,-1.2801878519168059e-05
0.0001893189318931893,-1.274402990650842e-05
0.00018933893389338932,-1.2686302671327e-05
0.00018935893589358934,-1.2628697041630932e-05
0.00018937893789378935,-1.2571213244302328e-05
0.0001893989398939894,-1.2513851505095065e-05
0.00018941894189418941,-1.2456612048631643e-05
0.00018943894389438943,-1.2399495098399318e-05
0.00018945894589458945,-1.2342500876747628e-05
0.00018947894789478947,-1.2285629604884323e-05
0.00018949894989498948,-1.2228881502872655e-05
0.0001895189518951895,-1.2172256789627747e-05
0.00018953895389538952,-1.2115755682913558e-05
0.00018955895589558953,-1.2059378399339356e-05
0.00018957895789578958,-1.2003125154356415e-05
0.0001895989598959896,-1.1946996162255017e-05
0.0001896189618961896,-1.189099163616108e-05
0.00018963896389638963,-1.1835111788032496e-05
0.00018965896589658965,-1.177935682865626e-05
0.00018967896789678966,-1.1723726967644986e-05
0.00018969896989698968,-1.1668222413433656e-05
0.0001897189718971897,-1.1612843373276418e-05
0.0001897389738973897,-1.1557590053243243e-05
0.00018975897589758976,-1.150246265821637e-05
0.00018977897789778977,-1.1447461391887547e-05
0.0001897989798979898,-1.1392586456754377e-05
0.0001898189818981898,-1.1337838054116883e-05
0.00018983898389838983,-1.1283216384074714e-05
0.00018985898589858984,-1.1228721645523322e-05
0.00018987898789878986,-1.1174354036151251e-05
0.00018989898989898988,-1.112011375243617e-05
0.0001899189918991899,-1.1066000989642171e-05
0.00018993899389938994,-1.101201594181587e-05
0.00018995899589958995,-1.0958158801784276e-05
0.00018997899789978997,-1.0904429761149833e-05
0.00018999899989999,-1.085082901028847e-05
0.00019001900190019,-1.0797356738345853e-05
0.00019003900390039002,-1.0744013133233884e-05
0.00019005900590059004,-1.0690798381627785e-05
0.00019007900790079006,-1.0637712668962486e-05
0.0001900990099009901,-1.0584756179429747e-05
0.00019011901190119012,-1.0531929095974375e-05
0.00019013901390139013,-1.0479231600291116e-05
0.00019015901590159015,-1.0426663872821826e-05
0.00019017901790179017,-1.0374226092751298e-05
0.00019019901990199018,-1.0321918438004751e-05
0.0001902190219021902,-1.0269741085244013e-05
0.00019023902390239022,-1.0217694209864521e-05
0.00019025902590259024,-1.0165777985992165e-05
0.00019027902790279028,-1.0113992586479456e-05
0.0001902990299029903,-1.0062338182902918e-05
0.0001903190319031903,-1.0010814945559231e-05
0.00019033903390339033,-9.959423043462163e-06
0.00019035903590359035,-9.90816264433943e-06
0.00019037903790379036,-9.857033914629023e-06
0.00019039903990399038,-9.806037019476454e-06
0.0001904190419041904,-9.75517212273088e-06
0.00019043904390439042,-9.704439386942236e-06
0.00019045904590459046,-9.653838973357743e-06
0.00019047904790479048,-9.603371041918933e-06
0.0001904990499049905,-9.553035751257621e-06
0.0001905190519051905,-9.502833258693549e-06
0.00019053905390539053,-9.452763720230425e-06
0.00019055905590559054,-9.402827290552892e-06
0.00019057905790579056,-9.353024123023081e-06
0.00019059905990599058,-9.303354369677688e-06
0.0001906190619061906,-9.25381818122427e-06
0.00019063906390639064,-9.20441570703809e-06
0.00019065906590659066,-9.155147095159108e-06
0.00019067906790679067,-9.106012492287983e-06
0.0001906990699069907,-9.057012043783727e-06
0.0001907190719071907,-9.008145893659572e-06
0.00019073907390739072,-8.959414184580276e-06
0.00019075907590759074,-8.910817057858336e-06
0.00019077907790779076,-8.862354653451257e-06
0.00019079907990799077,-8.814027109957617e-06
0.00019081908190819082,-8.765834564614425e-06
0.00019083908390839084,-8.717777153293302e-06
0.00019085908590859085,-8.669855010497577e-06
0.00019087908790879087,-8.62206826935878e-06
0.00019089908990899089,-8.574417061633252e-06
0.0001909190919091909,-8.526901517699325e-06
0.00019093909390939092,-8.479521766553314e-06
0.00019095909590959094,-8.432277935806833e-06
0.00019097909790979095,-8.385170151683455e-06
0.000190999099909991,-8.33819853901505e-06
0.00019101910191019102,-8.291363221238682e-06
0.00019103910391039103,-8.244664320393466e-06
0.00019105910591059105,-8.198101957117016e-06
0.00019107910791079107,-8.151676250642639e-06
0.00019109910991099108,-8.105387318795327e-06
0.0001911191119111911,-8.059235277988822e-06
0.00019113911391139112,-8.013220243222686e-06
0.00019115911591159113,-7.96734232807836e-06
0.00019117911791179118,-7.9216016447163e-06
0.0001911991199119912,-7.875998303872648e-06
0.0001912191219121912,-7.830532414855663e-06
0.00019123912391239123,-7.785204085542974e-06
0.00019125912591259125,-7.740013422377539e-06
0.00019127912791279126,-7.69496053036488e-06
0.00019129912991299128,-7.650045513069926e-06
0.0001913191319131913,-7.605268472613138e-06
0.0001913391339133913,-7.560629509667811e-06
0.00019135913591359136,-7.516128723456347e-06
0.00019137913791379137,-7.471766211747339e-06
0.0001913991399139914,-7.427542070851797e-06
0.0001914191419141914,-7.3834563956204e-06
0.00019143914391439143,-7.33950927943986e-06
0.00019145914591459144,-7.295700814229677e-06
0.00019147914791479146,-7.252031090439052e-06
0.00019149914991499148,-7.2085001970432794e-06
0.0001915191519151915,-7.165108221540497e-06
0.00019153915391539154,-7.1218552499488795e-06
0.00019155915591559155,-7.078741366802735e-06
0.00019157915791579157,-7.035766655149646e-06
0.0001915991599159916,-6.9929311965467145e-06
0.0001916191619161916,-6.9502350710578e-06
0.00019163916391639162,-6.907678357249815e-06
0.00019165916591659164,-6.865261132189815e-06
0.00019167916791679166,-6.822983471441285e-06
0.00019169916991699167,-6.780845449061237e-06
0.00019171917191719172,-6.738847137596388e-06
0.00019173917391739173,-6.696988608080861e-06
0.00019175917591759175,-6.655269930031679e-06
0.00019177917791779177,-6.613691171446302e-06
0.00019179917991799178,-6.572252398799009e-06
0.0001918191819181918,-6.530953677037887e-06
0.00019183918391839182,-6.489795069581053e-06
0.00019185918591859184,-6.4487766383137894e-06
0.00019187918791879188,-6.407898443585216e-06
0.0001918991899189919,-6.367160544204668e-06
0.00019191919191919191,-6.326562997438918e-06
0.00019193919391939193,-6.28610585900849e-06
0.00019195919591959195,-6.245789183084325e-06
0.00019197919791979196,-6.20561302228483e-06
0.00019199919991999198,-6.1655774276723335e-06
0.000192019201920192,-6.125682448750099e-06
0.00019203920392039202,-6.085928133458266e-06
0.00019205920592059206,-6.046314528171767e-06
0.00019207920792079208,-6.006841677695933e-06
0.0001920992099209921,-5.9675096252637615e-06
0.0001921192119211921,-5.928318412532548e-06
0.00019213921392139213,-5.889268079580504e-06
0.00019215921592159214,-5.850358664903448e-06
0.00019217921792179216,-5.811590205411605e-06
0.00019219921992199218,-5.772962736426602e-06
0.0001922192219221922,-5.734476291677427e-06
0.00019223922392239224,-5.6961309032977985e-06
0.00019225922592259226,-5.657926601822618e-06
0.00019227922792279227,-5.619863416184877e-06
0.0001922992299229923,-5.581941373711892e-06
0.0001923192319231923,-5.544160500122592e-06
0.00019233923392339232,-5.506520819523994e-06
0.00019235923592359234,-5.4690223544076025e-06
0.00019237923792379236,-5.431665125646667e-06
0.00019239923992399237,-5.394449152492579e-06
0.00019241924192419242,-5.357374452571404e-06
0.00019243924392439244,-5.32044104188133e-06
0.00019245924592459245,-5.283648934788308e-06
0.00019247924792479247,-5.24699814402377e-06
0.0001924992499249925,-5.210488680680651e-06
0.0001925192519251925,-5.17412055421013e-06
0.00019253925392539252,-5.137893772419087e-06
0.00019255925592559254,-5.101808341465843e-06
0.00019257925792579255,-5.065864265857374e-06
0.0001925992599259926,-5.030061548445998e-06
0.00019261926192619262,-4.994400190426343e-06
0.00019263926392639263,-4.958880191330956e-06
0.00019265926592659265,-4.9235015490286475e-06
0.00019267926792679267,-4.888264259719885e-06
0.00019269926992699268,-4.853168317934002e-06
0.0001927192719271927,-4.818213716526186e-06
0.00019273927392739272,-4.783400446673391e-06
0.00019275927592759273,-4.748728497872001e-06
0.00019277927792779278,-4.714197857933822e-06
0.0001927992799279928,-4.679808512983072e-06
0.0001928192819281928,-4.645560447453237e-06
0.00019283928392839283,-4.611453644083304e-06
0.00019285928592859285,-4.577488083915156e-06
0.00019287928792879286,-4.543663746289485e-06
0.00019289928992899288,-4.509980608843265e-06
0.0001929192919291929,-4.47643864750588e-06
0.00019293929392939291,-4.443037836496331e-06
0.00019295929592959296,-4.409778148319331e-06
0.00019297929792979297,-4.376659553762788e-06
0.000192999299929993,-4.343682021893601e-06
0.000193019301930193,-4.31084552005541e-06
0.00019303930393039303,-4.278150013864261e-06
0.00019305930593059304,-4.245595467206086e-06
0.00019307930793079306,-4.213181842233256e-06
0.00019309930993099308,-4.180909099360763e-06
0.0001931193119311931,-4.148777197263755e-06
0.00019313931393139314,-4.116786092873493e-06
0.00019315931593159315,-4.084935741374777e-06
0.00019317931793179317,-4.053226096202046e-06
0.0001931993199319932,-4.021657109036259e-06
0.0001932193219321932,-3.990228729801803e-06
0.00019323932393239322,-3.958940906663026e-06
0.00019325932593259324,-3.927793586020904e-06
0.00019327932793279326,-3.896786712510083e-06
0.00019329932993299327,-3.865920228995006e-06
0.00019331933193319332,-3.835194076567174e-06
0.00019333933393339333,-3.8046081945417053e-06
0.00019335933593359335,-3.774162520453673e-06
0.00019337933793379337,-3.7438569900553984e-06
0.00019339933993399338,-3.7136915373129243e-06
0.0001934193419341934,-3.683666094402249e-06
0.00019343934393439342,-3.6537805917069956e-06
0.00019345934593459344,-3.624034957814263e-06
0.00019347934793479348,-3.5944291195119443e-06
0.0001934993499349935,-3.5649630017848502e-06
0.00019351935193519351,-3.535636527811836e-06
0.00019353935393539353,-3.506449618962548e-06
0.00019355935593559355,-3.477402194793902e-06
0.00019357935793579356,-3.4484941730466656e-06
0.00019359935993599358,-3.4197254696427494e-06
0.0001936193619361936,-3.3910959986814928e-06
0.00019363936393639362,-3.362605672436168e-06
0.00019365936593659366,-3.3342544013509703e-06
0.00019367936793679368,-3.306042094038201e-06
0.0001936993699369937,-3.2779686572738203e-06
0.0001937193719371937,-3.250033995995388e-06
0.00019373937393739373,-3.2222380132975923e-06
0.00019375937593759374,-3.194580610430404e-06
0.00019377937793779376,-3.167061686794228e-06
0.00019379937993799378,-3.1396811399377045e-06
0.0001938193819381938,-3.1124388655538358e-06
0.00019383938393839384,-3.085334757477247e-06
0.00019385938593859386,-3.0583687076801474e-06
0.00019387938793879387,-3.0315406062699467e-06
0.0001938993899389939,-3.0048503414849975e-06
0.0001939193919391939,-2.97829779969213e-06
0.00019393939393939392,-2.9518828653828306e-06
0.00019395939593959394,-2.925605421170177e-06
0.00019397939793979396,-2.8994653477856422e-06
0.00019399939993999397,-2.873462524075434e-06
0.00019401940194019402,-2.8475968269975674e-06
0.00019403940394039404,-2.821868131618532e-06
0.00019405940594059405,-2.7962763111098754e-06
0.00019407940794079407,-2.7708212367447073e-06
0.0001940994099409941,-2.7455027778950703e-06
0.0001941194119411941,-2.7203208020279825e-06
0.00019413941394139412,-2.6952751747024827e-06
0.00019415941594159414,-2.6703657595660533e-06
0.00019417941794179415,-2.645592418351855e-06
0.0001941994199419942,-2.620955010874986e-06
0.00019421942194219422,-2.596453395029447e-06
0.00019423942394239423,-2.5720874267843197e-06
0.00019425942594259425,-2.547856960181217e-06
0.00019427942794279427,-2.5237618473307076e-06
0.00019429942994299428,-2.49980193840898e-06
0.0001943194319431943,-2.4759770816541033e-06
0.00019433943394339432,-2.452287123363967e-06
0.00019435943594359433,-2.4287319078914013e-06
0.00019437943794379438,-2.4053112776421456e-06
0.0001943994399439944,-2.3820250730710796e-06
0.0001944194419441944,-2.3588731326789443e-06
0.00019443944394439443,-2.3358552930089805e-06
0.00019445944594459445,-2.3129713886435956e-06
0.00019447944794479446,-2.290221252201598e-06
0.00019449944994499448,-2.2676047143343765e-06
0.0001945194519451945,-2.2451216037223476e-06
0.00019453945394539451,-2.2227717470725452e-06
0.00019455945594559456,-2.200554969114608e-06
0.00019457945794579457,-2.1784710925979063e-06
0.0001945994599459946,-2.1565199382879376e-06
0.0001946194619461946,-2.1347013249631817e-06
0.00019463946394639463,-2.1130150694117133e-06
0.00019465946594659464,-2.091460986428274e-06
0.00019467946794679466,-2.0700388888105327e-06
0.00019469946994699468,-2.0487485873558857e-06
0.0001947194719471947,-2.0275898908584224e-06
0.00019473947394739474,-2.0065626061052926e-06
0.00019475947594759475,-1.9856665378738605e-06
0.00019477947794779477,-1.964901488927883e-06
0.0001947994799479948,-1.9442672600143924e-06
0.0001948194819481948,-1.923763649860986e-06
0.00019483948394839482,-1.9033904551715166e-06
0.00019485948594859484,-1.8831474706235173e-06
0.00019487948794879486,-1.863034488864976e-06
0.00019489948994899487,-1.8430513005102155e-06
0.00019491949194919492,-1.823197694137698e-06
0.00019493949394939493,-1.8034734562861218e-06
0.00019495949594959495,-1.783878371450898e-06
0.00019497949794979497,-1.7644122220816837e-06
0.00019499949994999499,-1.7450747885782618e-06
0.000195019501950195,-1.7258658492874516e-06
0.00019503950395039502,-1.706785180500452e-06
0.00019505950595059504,-1.6878325564485862e-06
0.00019507950795079505,-1.6690077493008624e-06
0.0001950995099509951,-1.6503105291596908e-06
0.00019511951195119511,-1.6317406640589595e-06
0.00019513951395139513,-1.6132979199593995e-06
0.00019515951595159515,-1.5949820607462806e-06
0.00019517951795179516,-1.5767928482254e-06
0.00019519951995199518,-1.5587300421202087e-06
0.0001952195219521952,-1.5407934000686142e-06
0.00019523952395239522,-1.522982677619266e-06
0.00019525952595259526,-1.5052976282285203e-06
0.00019527952795279528,-1.4877380032572685e-06
0.0001952995299529953,-1.4703035519674683e-06
0.0001953195319531953,-1.452994021518809e-06
0.00019533953395339533,-1.4358091569655952e-06
0.00019535953595359534,-1.418748701253141e-06
0.00019537953795379536,-1.4018123952150058e-06
0.00019539953995399538,-1.3849999775692812e-06
0.0001954195419541954,-1.3683111849154732e-06
0.00019543954395439544,-1.3517457517310603e-06
0.00019545954595459546,-1.3353034103683493e-06
0.00019547954795479547,-1.3189838910511139e-06
0.0001954995499549955,-1.3027869218715867e-06
0.0001955195519551955,-1.2867122287865012e-06
0.00019553955395539552,-1.2707595356143005e-06
0.00019555955595559554,-1.2549285640319928e-06
0.00019557955795579556,-1.2392190335714921e-06
0.00019559955995599558,-1.2236306616163933e-06
0.00019561956195619562,-1.2081631633989356e-06
0.00019563956395639564,-1.1928162519963983e-06
0.00019565956595659565,-1.177589638327902e-06
0.00019567956795679567,-1.1624830311512643e-06
0.0001956995699569957,-1.1474961370597746e-06
0.0001957195719571957,-1.1326286604780198e-06
0.00019573957395739572,-1.1178803036600955e-06
0.00019575957595759574,-1.10325076668535e-06
0.00019577957795779575,-1.0887397474549157e-06
0.0001957995799579958,-1.0743469416891333e-06
0.00019581958195819582,-1.0600720429239472e-06
0.00019583958395839583,-1.045914742507111e-06
0.00019585958595859585,-1.031874729595883e-06
0.00019587958795879587,-1.0179516911528526e-06
0.00019589958995899588,-1.0041453119431754e-06
0.0001959195919591959,-9.904552745309137e-07
0.00019593959395939592,-9.768812592763807e-07
0.00019595959595959593,-9.63422944331993e-07
0.00019597959795979598,-9.500800056395876e-07
0.000195999599959996,-9.368521169267081e-07
0.000196019601960196,-9.237389497041655e-07
0.00019603960396039603,-9.107401732615658e-07
0.00019605960596059605,-8.978554546644371e-07
0.00019607960796079606,-8.85084458751898e-07
0.00019609960996099608,-8.724268481318876e-07
0.0001961196119611961,-8.598822831787259e-07
0.00019613961396139611,-8.474504220294275e-07
0.00019615961596159616,-8.351309205811537e-07
0.00019617961796179618,-8.229234324871469e-07
0.0001961996199619962,-8.108276091535862e-07
0.0001962196219621962,-7.988430997363347e-07
0.00019623962396239623,-7.869695511380126e-07
0.00019625962596259624,-7.752066080042022e-07
0.00019627962796279626,-7.635539127203578e-07
0.00019629962996299628,-7.520111054087702e-07
0.0001963196319631963,-7.405778239246092e-07
0.00019633963396339634,-7.29253703853701e-07
0.00019635963596359635,-7.180383785078664e-07
0.00019637963796379637,-7.069314789228602e-07
0.0001963996399639964,-6.959326338541435e-07
0.0001964196419641964,-6.850414697743895e-07
0.00019643964396439642,-6.742576108702855e-07
0.00019645964596459644,-6.635806790374369e-07
0.00019647964796479646,-6.530102938796627e-07
0.00019649964996499647,-6.425460727037908e-07
0.00019651965196519652,-6.321876305177073e-07
0.00019653965396539653,-6.219345800258019e-07
0.00019655965596559655,-6.117865316262582e-07
0.00019657965796579657,-6.017430934080717e-07
0.00019659965996599659,-5.918038711478515e-07
0.0001966196619661966,-5.819684683051581e-07
0.00019663966396639662,-5.722364860212569e-07
0.00019665966596659664,-5.626075231138596e-07
0.00019667966796679665,-5.530811760756063e-07
0.0001966996699669967,-5.436570390692408e-07
0.00019671967196719671,-5.343347039252796e-07
0.00019673967396739673,-5.251137601384342e-07
0.00019675967596759675,-5.15993794864575e-07
0.00019677967796779677,-5.069743929168825e-07
0.00019679967996799678,-4.980551367627577e-07
0.0001968196819681968,-4.892356065210567e-07
0.00019683968396839682,-4.805153799579171e-07
0.00019685968596859686,-4.718940324846435e-07
0.00019687968796879688,-4.6337113715282877e-07
0.0001968996899689969,-4.549462646527276e-07
0.0001969196919691969,-4.466189833087029e-07
0.00019693969396939693,-4.383888590766779e-07
0.00019695969596959694,-4.302554555403958e-07
0.00019697969796979696,-4.222183339083296e-07
0.00019699969996999698,-4.142770530109175e-07
0.000197019701970197,-4.064311692956839e-07
0.00019703970397039704,-3.9868023682604684e-07
0.00019705970597059706,-3.9102380727643916e-07
0.00019707970797079707,-3.8346142992959787e-07
0.0001970997099709971,-3.7599265167363683e-07
0.0001971197119711971,-3.686170169978184e-07
0.00019713971397139712,-3.613340679900598e-07
0.00019715971597159714,-3.5414334433351777e-07
0.00019717971797179716,-3.4704438330295656e-07
0.00019719971997199718,-3.4003671976149535e-07
0.00019721972197219722,-3.3311988615822297e-07
0.00019723972397239724,-3.262934125234816e-07
0.00019725972597259725,-3.195568264663731e-07
0.00019727972797279727,-3.12909653171615e-07
0.0001972997299729973,-3.0635141539596226e-07
0.0001973197319731973,-2.998816334645756e-07
0.00019733973397339732,-2.9349982526879863e-07
0.00019735973597359734,-2.872055062617127e-07
0.00019737973797379736,-2.809981894551011e-07
0.0001973997399739974,-2.748773854171181e-07
0.00019741974197419742,-2.6884260226751845e-07
0.00019743974397439743,-2.6289334567570566e-07
0.00019745974597459745,-2.57029118856287e-07
0.00019747974797479747,-2.5124942256663386e-07
0.00019749974997499748,-2.4555375510335823e-07
0.0001975197519751975,-2.3994161229868053e-07
0.00019753975397539752,-2.344124875175023e-07
0.00019755975597559753,-2.289658716546415e-07
0.00019757975797579758,-2.2360125313006197e-07
0.0001975997599759976,-2.1831811788670507e-07
0.0001976197619761976,-2.1311594938723706e-07
0.00019763976397639763,-2.0799422861036282e-07
0.00019765976597659765,-2.029524340474106e-07
0.00019767976797679766,-1.9799004169924203e-07
0.00019769976997699768,-1.9310652507370431e-07
0.0001977197719771977,-1.8830135518048017e-07
0.00019773977397739771,-1.835740005300037e-07
0.00019775977597759776,-1.7892392712863569e-07
0.00019777977797779778,-1.7435059847562776e-07
0.0001977997799779978,-1.698534755605204e-07
0.0001978197819781978,-1.6543201685923978e-07
0.00019783978397839783,-1.610856783307909e-07
0.00019785978597859784,-1.568139134143303e-07
0.00019787978797879786,-1.5261617302558816e-07
0.00019789978997899788,-1.4849190555345313e-07
0.0001979197919791979,-1.444405568572075e-07
0.00019793979397939794,-1.4046157026311205e-07
0.00019795979597959796,-1.3655438656039447e-07
0.00019797979797979797,-1.3271844399875572e-07
0.000197999799979998,-1.2895317828484631e-07
0.000198019801980198,-1.2525802257885117e-07
0.00019803980398039802,-1.2163240749145376e-07
0.00019805980598059804,-1.1807576108031253e-07
0.00019807980798079806,-1.1458750884637452e-07
0.00019809980998099807,-1.1116707373230337e-07
0.00019811981198119812,-1.0781387611640773e-07
0.00019813981398139813,-1.0452733381209915e-07
0.00019815981598159815,-1.0130686206268795e-07
0.00019817981798179817,-9.815187353894375e-08
0.00019819981998199819,-9.506177833605968e-08
0.0001982198219821982,-9.20359839692614e-08
0.00019823982398239822,-8.907389537169286e-08
0.00019825982598259824,-8.617491489051323e-08
0.00019827982798279825,-8.333844228380688e-08
0.0001982998299829983,-8.056387471727655e-08
0.00019831983198319831,-7.785060676034029e-08
0.00019833983398339833,-7.519803038439667e-08
0.00019835983598359835,-7.260553495778326e-08
0.00019837983798379837,-7.007250724344561e-08
0.00019839983998399838,-6.759833139541359e-08
0.0001984198419841984,-6.518238895565718e-08
0.00019843984398439842,-6.282405885050862e-08
0.00019845984598459843,-6.052271738773507e-08
0.00019847984798479848,-5.827773825334021e-08
0.0001984998499849985,-5.608849250706479e-08
0.0001985198519851985,-5.395434858086875e-08
0.00019853985398539853,-5.187467227416075e-08
0.00019855985598559854,-4.984882675217184e-08
0.00019857985798579856,-4.787617254026341e-08
0.00019859985998599858,-4.5956067523222465e-08
0.0001986198619861986,-4.408786694000324e-08
0.00019863986398639864,-4.227092338123352e-08
0.00019865986598659866,-4.05045867866668e-08
0.00019867986798679867,-3.878820444008649e-08
0.0001986998699869987,-3.712112096751702e-08
0.0001987198719871987,-3.5502678333429113e-08
0.00019873987398739872,-3.393221583743297e-08
0.00019875987598759874,-3.240907011107987e-08
0.00019877987798779876,-3.093257511488064e-08
0.00019879987998799878,-2.9502062133806174e-08
0.00019881988198819882,-2.81168597753359e-08
0.00019883988398839884,-2.6776293965771487e-08
0.00019885988598859885,-2.5479687946821598e-08
0.00019887988798879887,-2.4226362272403504e-08
0.0001988998899889989,-2.3015634804685742e-08
0.0001989198919891989,-2.184682071235339e-08
0.00019893989398939892,-2.0719232465566534e-08
0.00019895989598959894,-1.963217983384606e-08
0.00019897989798979896,-1.8584969882604226e-08
0.000198999899989999,-1.7576906969187303e-08
0.00019901990199019902,-1.660729274043614e-08
0.00019903990399039903,-1.567542612889144e-08
0.00019905990599059905,-1.4780603349378533e-08
0.00019907990799079907,-1.3922117896567922e-08
0.00019909990999099908,-1.3099260540475836e-08
0.0001991199119911991,-1.231131932424162e-08
0.00019913991399139912,-1.1557579560007771e-08
0.00019915991599159913,-1.0837323826155213e-08
0.00019917991799179918,-1.0149831964159119e-08
0.0001991999199919992,-9.494381074523148e-09
0.0001992199219921992,-8.870245513906312e-09
0.00019923992399239923,-8.27669689262931e-09
0.00019925992599259925,-7.7130040696872e-09
0.00019927992799279926,-7.178433151339928e-09
0.00019929992999299928,-6.672247486504482e-09
0.0001993199319931993,-6.1937076633938534e-09
0.00019933993399339931,-5.74207150745706e-09
0.00019935993599359936,-5.316594076879705e-09
0.00019937993799379938,-4.916527659602418e-09
0.0001993999399939994,-4.541121771098246e-09
0.0001994199419941994,-4.189623148843219e-09
0.00019943994399439943,-3.861275751232147e-09
0.00019945994599459944,-3.555320753024973e-09
0.00019947994799479946,-3.2709965425278473e-09
0.00019949994999499948,-3.00753871855736e-09
0.0001995199519951995,-2.7641800857242625e-09
0.00019953995399539954,-2.5401506535118953e-09
0.00019955995599559956,-2.334677631072018e-09
0.00019957995799579957,-2.146985424243252e-09
0.0001995999599959996,-1.9762956329489982e-09
0.0001996199619961996,-1.821827047619566e-09
0.00019963996399639962,-1.6827956456143094e-09
0.00019965996599659964,-1.5584145880774385e-09
0.00019967996799679966,-1.4478942169022548e-09
0.00019969996999699967,-1.3504420510990732e-09
0.00019971997199719972,-1.265262783596826e-09
0.00019973997399739973,-1.191558277556775e-09
0.00019975997599759975,-1.1285275650172594e-09
0.00019977997799779977,-1.0753668400632216e-09
0.00019979997999799979,-1.0312694593683086e-09
0.0001998199819981998,-9.954259359607094e-10
0.00019983998399839982,-9.670239374342214e-10
0.00019985998599859984,-9.452482824245934e-10
0.00019987998799879985,-9.292809369774481e-10
0.0001998999899989999,-9.183010120004075e-10
0.00019991999199919991,-9.114847590889139e-10
0.00019993999399939993,-9.080055672194137e-10
0.00019995999599959995,-9.070339604183228e-10
0.00019997999799979997,-9.07737593696268e-10
0.00019999999999999998,-9.092812500123212e-10
